<?xml version="1.0" encoding="UTF-8"?>
<level background="bluemountains" music="track03b" effects="mountains" sx="166" sy="414" d="2057" sh="190">
	<layer name="base" source="mountains.swf" x="0" y="0" width="6180" height="2770">
		<t id="b1_b_e_l" x="-2" y="526" w="28" h="78" d="834" o="30" />
		<t id="b1_b_r" x="1067" y="776" w="127" h="105" d="890" o="30" />
		<t id="b1_b_r" x="117" y="553" w="127" h="105" d="829" o="30" />
		<t id="b1_b_r" x="1186" y="804" w="127" h="105" d="897" o="30" />
		<t id="b1_b_r" x="1305" y="832" w="127" h="105" d="902" o="30" />
		<t id="b1_b_r" x="1423" y="859" w="127" h="105" d="911" o="30" />
		<t id="b1_b_r" x="1542" y="887" w="127" h="105" d="916" o="30" />
		<t id="b1_b_r" x="1661" y="915" w="127" h="105" d="925" o="30" />
		<t id="b1_b_r" x="1780" y="943" w="127" h="105" d="930" o="30" />
		<t id="b1_b_r" x="1899" y="971" w="127" h="105" d="939" o="30" />
		<t id="b1_b_r" x="2018" y="999" w="127" h="105" d="946" o="30" />
		<t id="b1_b_r" x="2137" y="1027" w="127" h="105" d="951" o="30" />
		<t id="b1_b_r" x="2256" y="1055" w="127" h="105" d="960" o="30" />
		<t id="b1_b_r" x="236" y="581" w="127" h="105" d="839" o="30" />
		<t id="b1_b_r" x="2375" y="1083" w="127" h="105" d="967" o="30" />
		<t id="b1_b_r" x="2494" y="1111" w="127" h="105" d="972" o="30" />
		<t id="b1_b_r" x="2612" y="1138" w="127" h="105" d="981" o="30" />
		<t id="b1_b_r" x="2731" y="1166" w="127" h="105" d="986" o="30" />
		<t id="b1_b_r" x="2850" y="1194" w="127" h="105" d="995" o="30" />
		<t id="b1_b_r" x="2969" y="1222" w="127" h="105" d="1000" o="30" />
		<t id="b1_b_r" x="3088" y="1250" w="127" h="105" d="1009" o="30" />
		<t id="b1_b_r" x="3207" y="1278" w="127" h="105" d="1014" o="30" />
		<t id="b1_b_r" x="3326" y="1306" w="127" h="105" d="1023" o="30" />
		<t id="b1_b_r" x="3445" y="1334" w="127" h="105" d="1030" o="30" />
		<t id="b1_b_r" x="355" y="609" w="127" h="105" d="848" o="30" />
		<t id="b1_b_r" x="3564" y="1362" w="127" h="105" d="1035" o="30" />
		<t id="b1_b_r" x="3682" y="1389" w="127" h="105" d="1044" o="30" />
		<t id="b1_b_r" x="3801" y="1417" w="127" h="105" d="1049" o="30" />
		<t id="b1_b_r" x="3920" y="1445" w="127" h="105" d="1058" o="30" />
		<t id="b1_b_r" x="4039" y="1473" w="127" h="105" d="1063" o="30" />
		<t id="b1_b_r" x="4158" y="1501" w="127" h="105" d="1072" o="30" />
		<t id="b1_b_r" x="4276" y="1528" w="127" h="105" d="1079" o="30" />
		<t id="b1_b_r" x="4395" y="1556" w="127" h="105" d="1084" o="30" />
		<t id="b1_b_r" x="4514" y="1584" w="127" h="105" d="1093" o="30" />
		<t id="b1_b_r" x="4633" y="1612" w="127" h="105" d="1098" o="30" />
		<t id="b1_b_r" x="474" y="637" w="127" h="105" d="853" o="30" />
		<t id="b1_b_r" x="4752" y="1640" w="127" h="105" d="1107" o="30" />
		<t id="b1_b_r" x="4870" y="1667" w="127" h="105" d="1114" o="30" />
		<t id="b1_b_r" x="4989" y="1695" w="127" h="105" d="1119" o="30" />
		<t id="b1_b_r" x="5108" y="1723" w="127" h="105" d="1128" o="30" />
		<t id="b1_b_r" x="5227" y="1751" w="127" h="105" d="1133" o="30" />
		<t id="b1_b_r" x="5346" y="1779" w="127" h="105" d="1142" o="30" />
		<t id="b1_b_r" x="5465" y="1807" w="127" h="105" d="1147" o="30" />
		<t id="b1_b_r" x="5584" y="1835" w="127" h="105" d="1156" o="30" />
		<t id="b1_b_r" x="5703" y="1863" w="127" h="105" d="1161" o="30" />
		<t id="b1_b_r" x="5822" y="1891" w="127" h="105" d="1170" o="30" />
		<t id="b1_b_r" x="592" y="664" w="127" h="105" d="862" o="30" />
		<t id="b1_b_r" x="5941" y="1919" w="127" h="105" d="1175" o="30" />
		<t id="b1_b_r" x="6060" y="1947" w="127" h="105" d="1184" o="30" />
		<t id="b1_b_r" x="6179" y="1975" w="127" h="105" d="1189" o="30" />
		<t id="b1_b_r" x="710" y="692" w="127" h="105" d="867" o="30" />
		<t id="b1_b_r" x="829" y="720" w="127" h="105" d="876" o="30" />
		<t id="b1_b_r" x="948" y="748" w="127" h="105" d="881" o="30" />
		<t id="b1_t_r" x="1067" y="879" w="119" h="104" d="893" o="30" />
		<t id="b1_t_r" x="117" y="657" w="119" h="104" d="846" o="30" />
		<t id="b1_t_r" x="1186" y="908" w="119" h="104" d="909" o="30" />
		<t id="b1_t_r" x="1305" y="935" w="119" h="104" d="905" o="30" />
		<t id="b1_t_r" x="1423" y="962" w="119" h="104" d="923" o="30" />
		<t id="b1_t_r" x="1542" y="990" w="119" h="104" d="919" o="30" />
		<t id="b1_t_r" x="1661" y="1019" w="119" h="104" d="937" o="30" />
		<t id="b1_t_r" x="1780" y="1046" w="119" h="104" d="933" o="30" />
		<t id="b1_t_r" x="1899" y="1074" w="119" h="104" d="942" o="30" />
		<t id="b1_t_r" x="2018" y="1103" w="119" h="104" d="958" o="30" />
		<t id="b1_t_r" x="2137" y="1130" w="119" h="104" d="954" o="30" />
		<t id="b1_t_r" x="2256" y="1158" w="119" h="104" d="963" o="30" />
		<t id="b1_t_r" x="236" y="684" w="119" h="104" d="842" o="30" />
		<t id="b1_t_r" x="2375" y="1187" w="119" h="104" d="979" o="30" />
		<t id="b1_t_r" x="2494" y="1214" w="119" h="104" d="975" o="30" />
		<t id="b1_t_r" x="2612" y="1241" w="119" h="104" d="993" o="30" />
		<t id="b1_t_r" x="2731" y="1269" w="119" h="104" d="989" o="30" />
		<t id="b1_t_r" x="2850" y="1298" w="119" h="104" d="1007" o="30" />
		<t id="b1_t_r" x="2969" y="1325" w="119" h="104" d="1003" o="30" />
		<t id="b1_t_r" x="3088" y="1354" w="119" h="104" d="1021" o="30" />
		<t id="b1_t_r" x="3207" y="1381" w="119" h="104" d="1017" o="30" />
		<t id="b1_t_r" x="3326" y="1409" w="119" h="104" d="1026" o="30" />
		<t id="b1_t_r" x="3445" y="1438" w="119" h="104" d="1042" o="30" />
		<t id="b1_t_r" x="355" y="713" w="119" h="104" d="860" o="30" />
		<t id="b1_t_r" x="3564" y="1465" w="119" h="104" d="1038" o="30" />
		<t id="b1_t_r" x="3682" y="1492" w="119" h="104" d="1056" o="30" />
		<t id="b1_t_r" x="3801" y="1520" w="119" h="104" d="1052" o="30" />
		<t id="b1_t_r" x="3920" y="1549" w="119" h="104" d="1070" o="30" />
		<t id="b1_t_r" x="4039" y="1576" w="119" h="104" d="1066" o="30" />
		<t id="b1_t_r" x="4158" y="1603" w="119" h="104" d="1075" o="30" />
		<t id="b1_t_r" x="4276" y="1630" w="119" h="104" d="1091" o="30" />
		<t id="b1_t_r" x="4395" y="1658" w="119" h="104" d="1087" o="30" />
		<t id="b1_t_r" x="4514" y="1687" w="119" h="104" d="1105" o="30" />
		<t id="b1_t_r" x="4633" y="1714" w="119" h="104" d="1101" o="30" />
		<t id="b1_t_r" x="474" y="740" w="119" h="104" d="856" o="30" />
		<t id="b1_t_r" x="4752" y="1743" w="119" h="104" d="1110" o="30" />
		<t id="b1_t_r" x="4870" y="1770" w="119" h="104" d="1126" o="30" />
		<t id="b1_t_r" x="4989" y="1798" w="119" h="104" d="1122" o="30" />
		<t id="b1_t_r" x="5108" y="1827" w="119" h="104" d="1140" o="30" />
		<t id="b1_t_r" x="5227" y="1854" w="119" h="104" d="1136" o="30" />
		<t id="b1_t_r" x="5346" y="1882" w="119" h="104" d="1154" o="30" />
		<t id="b1_t_r" x="5465" y="1910" w="119" h="104" d="1150" o="30" />
		<t id="b1_t_r" x="5584" y="1939" w="119" h="104" d="1168" o="30" />
		<t id="b1_t_r" x="5703" y="1966" w="119" h="104" d="1164" o="30" />
		<t id="b1_t_r" x="5822" y="1994" w="119" h="104" d="1182" o="30" />
		<t id="b1_t_r" x="591" y="768" w="119" h="104" d="874" o="30" />
		<t id="b1_t_r" x="5941" y="2022" w="119" h="104" d="1178" o="30" />
		<t id="b1_t_r" x="6060" y="2051" w="119" h="104" d="1196" o="30" />
		<t id="b1_t_r" x="6179" y="2078" w="119" h="104" d="1192" o="30" />
		<t id="b1_t_r" x="710" y="795" w="119" h="104" d="870" o="30" />
		<t id="b1_t_r" x="829" y="824" w="119" h="104" d="888" o="30" />
		<t id="b1_t_r" x="948" y="851" w="119" h="104" d="884" o="30" />
		<t id="b2_t_e_l" x="-2" y="630" w="27" h="104" d="837" o="30" />
		<t id="b2_t_e_l" x="1696" y="936" w="27" h="104" d="658" o="30" />
		<t id="b2_t_e_l" x="1789" y="868" w="27" h="104" d="630" o="30" />
		<t id="b2_t_e_l" x="5702" y="1825" w="27" h="104" d="733" o="30" />
		<t id="b2_t_e_r" x="1723" y="963" w="27" h="104" d="660" o="30" />
		<t id="b2_t_e_r" x="1816" y="895" w="27" h="104" d="632" o="30" />
		<t id="b2_t_e_r" x="5729" y="1852" w="27" h="104" d="735" o="30" />
		<t id="b2_t_r" x="1067" y="983" w="119" h="104" d="895" o="30" />
		<t id="b2_t_r" x="117" y="761" w="119" h="104" d="832" o="30" />
		<t id="b2_t_r" x="1186" y="1012" w="119" h="104" d="900" o="30" />
		<t id="b2_t_r" x="1305" y="1039" w="119" h="104" d="907" o="30" />
		<t id="b2_t_r" x="1423" y="1066" w="119" h="104" d="914" o="30" />
		<t id="b2_t_r" x="1542" y="1094" w="119" h="104" d="921" o="30" />
		<t id="b2_t_r" x="1661" y="1123" w="119" h="104" d="928" o="30" />
		<t id="b2_t_r" x="1780" y="1150" w="119" h="104" d="935" o="30" />
		<t id="b2_t_r" x="1899" y="1178" w="119" h="104" d="944" o="30" />
		<t id="b2_t_r" x="2018" y="1207" w="119" h="104" d="949" o="30" />
		<t id="b2_t_r" x="2137" y="1234" w="119" h="104" d="956" o="30" />
		<t id="b2_t_r" x="2256" y="1262" w="119" h="104" d="965" o="30" />
		<t id="b2_t_r" x="236" y="788" w="119" h="104" d="844" o="30" />
		<t id="b2_t_r" x="2375" y="1291" w="119" h="104" d="970" o="30" />
		<t id="b2_t_r" x="2494" y="1318" w="119" h="104" d="977" o="30" />
		<t id="b2_t_r" x="2612" y="1345" w="119" h="104" d="984" o="30" />
		<t id="b2_t_r" x="2731" y="1373" w="119" h="104" d="991" o="30" />
		<t id="b2_t_r" x="2850" y="1402" w="119" h="104" d="998" o="30" />
		<t id="b2_t_r" x="2969" y="1429" w="119" h="104" d="1005" o="30" />
		<t id="b2_t_r" x="3088" y="1458" w="119" h="104" d="1012" o="30" />
		<t id="b2_t_r" x="3207" y="1485" w="119" h="104" d="1019" o="30" />
		<t id="b2_t_r" x="3326" y="1513" w="119" h="104" d="1028" o="30" />
		<t id="b2_t_r" x="3445" y="1542" w="119" h="104" d="1033" o="30" />
		<t id="b2_t_r" x="355" y="817" w="119" h="104" d="851" o="30" />
		<t id="b2_t_r" x="3564" y="1569" w="119" h="104" d="1040" o="30" />
		<t id="b2_t_r" x="3682" y="1596" w="119" h="104" d="1047" o="30" />
		<t id="b2_t_r" x="3801" y="1624" w="119" h="104" d="1054" o="30" />
		<t id="b2_t_r" x="3920" y="1653" w="119" h="104" d="1061" o="30" />
		<t id="b2_t_r" x="4039" y="1680" w="119" h="104" d="1068" o="30" />
		<t id="b2_t_r" x="4158" y="1707" w="119" h="104" d="1077" o="30" />
		<t id="b2_t_r" x="4276" y="1734" w="119" h="104" d="1082" o="30" />
		<t id="b2_t_r" x="4395" y="1762" w="119" h="104" d="1089" o="30" />
		<t id="b2_t_r" x="4514" y="1791" w="119" h="104" d="1096" o="30" />
		<t id="b2_t_r" x="4633" y="1818" w="119" h="104" d="1103" o="30" />
		<t id="b2_t_r" x="474" y="844" w="119" h="104" d="858" o="30" />
		<t id="b2_t_r" x="4752" y="1847" w="119" h="104" d="1112" o="30" />
		<t id="b2_t_r" x="4870" y="1874" w="119" h="104" d="1117" o="30" />
		<t id="b2_t_r" x="4989" y="1902" w="119" h="104" d="1124" o="30" />
		<t id="b2_t_r" x="5108" y="1931" w="119" h="104" d="1131" o="30" />
		<t id="b2_t_r" x="5227" y="1958" w="119" h="104" d="1138" o="30" />
		<t id="b2_t_r" x="5346" y="1986" w="119" h="104" d="1145" o="30" />
		<t id="b2_t_r" x="5465" y="2014" w="119" h="104" d="1152" o="30" />
		<t id="b2_t_r" x="5584" y="2043" w="119" h="104" d="1159" o="30" />
		<t id="b2_t_r" x="5703" y="2070" w="119" h="104" d="1166" o="30" />
		<t id="b2_t_r" x="5822" y="2098" w="119" h="104" d="1173" o="30" />
		<t id="b2_t_r" x="592" y="872" w="119" h="104" d="865" o="30" />
		<t id="b2_t_r" x="5940" y="2161" w="119" h="104" d="823" o="30" />
		<t id="b2_t_r" x="5941" y="2126" w="119" h="104" d="1180" o="30" />
		<t id="b2_t_r" x="6060" y="2155" w="119" h="104" d="1187" o="30" />
		<t id="b2_t_r" x="6060" y="2181" w="119" h="104" d="825" o="30" />
		<t id="b2_t_r" x="6179" y="2182" w="119" h="104" d="1194" o="30" />
		<t id="b2_t_r" x="710" y="899" w="119" h="104" d="872" o="30" />
		<t id="b2_t_r" x="829" y="928" w="119" h="104" d="879" o="30" />
		<t id="b2_t_r" x="948" y="955" w="119" h="104" d="886" o="30" />
		<t id="b_s" x="1723" y="859" w="54" h="105" d="654" o="30" />
		<t id="b_s" x="1816" y="791" w="54" h="105" d="626" o="30" />
		<t id="b_s" x="3804" y="1361" w="54" h="105" d="721" o="30" />
		<t id="b_s" x="5185" y="1711" w="54" h="105" d="759" o="30" />
		<t id="b_s" x="5605" y="1807" w="54" h="105" d="725" o="30" />
		<t id="b_s" x="5729" y="1748" w="54" h="105" d="729" o="30" />
		<t id="be" x="1111" y="605" w="42" h="95" d="1533" o="100" />
		<t id="be" x="1408" y="601" w="42" h="95" d="1535" o="100" />
		<t id="be" x="1458" y="793" w="42" h="95" d="1573" o="100" />
		<t id="be" x="1929" y="907" w="42" h="95" d="1575" o="100" />
		<t id="be" x="2398" y="945" w="42" h="95" d="1672" o="250" />
		<t id="be" x="2492" y="767" w="42" h="95" d="1688" o="250" />
		<t id="be" x="2560" y="1050" w="42" h="95" d="1734" o="250" />
		<t id="be" x="2578" y="941" w="42" h="95" d="1674" o="250" />
		<t id="be" x="2683" y="993" w="42" h="95" d="1692" o="250" />
		<t id="be" x="2848" y="996" w="42" h="95" d="1694" o="250" />
		<t id="be" x="2872" y="1121" w="42" h="95" d="1876" o="250" />
		<t id="be" x="2899" y="1133" w="42" h="95" d="1858" o="250" />
		<t id="be" x="2919" y="766" w="42" h="95" d="1690" o="250" />
		<t id="be" x="3354" y="1237" w="42" h="95" d="1856" o="250" />
		<t id="be" x="3381" y="1249" w="42" h="95" d="1732" o="250" />
		<t id="be" x="3826" y="1346" w="42" h="95" d="1948" o="250" />
		<t id="be" x="3853" y="1358" w="42" h="95" d="1930" o="250" />
		<t id="be" x="4208" y="1439" w="42" h="95" d="2055" o="250" />
		<t id="be" x="4338" y="1467" w="42" h="95" d="2053" o="250" />
		<t id="be" x="4805" y="1593" w="42" h="95" d="1984" o="250" />
		<t id="be" x="496" y="562" w="42" h="95" d="1450" o="100" />
		<t id="be" x="5288" y="1694" w="42" h="95" d="1982" o="250" />
		<t id="be" x="770" y="633" w="42" h="95" d="1467" o="100" />
		<t id="bh" x="22" y="500" w="105" h="309" d="827" o="" />
		<t id="bh" x="6234" y="1589" w="105" h="309" d="1198" o="" />
		<t id="bh" x="6261" y="1937" w="105" h="309" d="1200" o="" />
		<t id="c" x="1031" y="599" w="23" h="24" d="1309" o="" />
		<t id="c" x="1334" y="724" w="23" h="24" d="1313" o="" />
		<t id="c" x="1616" y="522" w="23" h="24" d="1317" o="" />
		<t id="c" x="2044" y="430" w="23" h="24" d="1321" o="" />
		<t id="c" x="2217" y="911" w="23" h="24" d="1325" o="" />
		<t id="c" x="2624" y="576" w="23" h="24" d="1333" o="" />
		<t id="c" x="2770" y="927" w="23" h="24" d="1329" o="" />
		<t id="c" x="2795" y="576" w="23" h="24" d="1337" o="" />
		<t id="c" x="3090" y="514" w="23" h="24" d="1341" o="" />
		<t id="c" x="3155" y="899" w="23" h="24" d="1357" o="" />
		<t id="c" x="3244" y="514" w="23" h="24" d="1345" o="" />
		<t id="c" x="327" y="401" w="23" h="24" d="1297" o="" />
		<t id="c" x="3334" y="772" w="23" h="24" d="1349" o="" />
		<t id="c" x="3488" y="772" w="23" h="24" d="1353" o="" />
		<t id="c" x="3560" y="908" w="23" h="24" d="1369" o="" />
		<t id="c" x="367" y="454" w="23" h="24" d="1301" o="" />
		<t id="c" x="3783" y="1125" w="23" h="24" d="1373" o="" />
		<t id="c" x="3788" y="1316" w="23" h="24" d="1361" o="" />
		<t id="c" x="4542" y="1411" w="23" h="24" d="1377" o="" />
		<t id="c" x="4702" y="1411" w="23" h="24" d="1381" o="" />
		<t id="c" x="4838" y="1319" w="23" h="24" d="1389" o="" />
		<t id="c" x="4838" y="1479" w="23" h="24" d="1385" o="" />
		<t id="c" x="5805" y="1571" w="23" h="24" d="1401" o="" />
		<t id="c" x="5928" y="1798" w="23" h="24" d="1438" o="" />
		<t id="d_sh1" x="2618" y="763" w="73" h="10" d="719" o="" />
		<t id="d_sh1" x="5939" y="1728" w="73" h="10" d="757" o="" />
		<t id="e" x="1920" y="490" w="26" h="24" d="1305" o="" />
		<t id="e" x="2526" y="1004" w="26" h="24" d="1442" o="" />
		<t id="e" x="3399" y="974" w="26" h="24" d="1365" o="" />
		<t id="e" x="4114" y="1393" w="26" h="24" d="1393" o="" />
		<t id="e" x="4903" y="1560" w="26" h="24" d="1397" o="" />
		<t id="eagle" x="1559" y="665" w="606" h="262" d="1452" o="0" />
		<t id="eagle" x="2340" y="573" w="606" h="262" d="1585" o="0" />
		<t id="eagle" x="5881" y="1804" w="606" h="262" d="2010" o="0" />
		<t id="f_b" x="225" y="518" w="121" h="104" d="617" o="30" />
		<t id="f_b" x="2541" y="1047" w="121" h="104" d="707" o="400" />
		<t id="f_b_t" x="1252" y="705" w="121" h="104" d="634" o="30" />
		<t id="f_b_t" x="1373" y="705" w="121" h="104" d="643" o="30" />
		<t id="f_b_t" x="2637" y="867" w="121" h="104" d="662" o="400" />
		<t id="f_b_t" x="2758" y="867" w="121" h="104" d="671" o="400" />
		<t id="f_b_t" x="2879" y="867" w="121" h="104" d="682" o="400" />
		<t id="f_b_t" x="5958" y="1832" w="121" h="104" d="737" o="30" />
		<t id="f_b_t" x="6079" y="1832" w="121" h="104" d="746" o="30" />
		<t id="f_l" x="104" y="518" w="22" h="104" d="620" o="30" />
		<t id="f_l" x="2420" y="1047" w="22" h="104" d="710" o="30" />
		<t id="f_l_t" x="1131" y="705" w="22" h="104" d="637" o="30" />
		<t id="f_l_t" x="2516" y="867" w="22" h="104" d="665" o="30" />
		<t id="f_l_t" x="5838" y="1832" w="22" h="104" d="740" o="30" />
		<t id="f_r" x="247" y="518" w="22" h="104" d="623" o="30" />
		<t id="f_r" x="2562" y="1047" w="22" h="104" d="713" o="30" />
		<t id="f_r_t" x="1395" y="705" w="22" h="104" d="640" o="30" />
		<t id="f_r_t" x="2900" y="867" w="22" h="104" d="668" o="30" />
		<t id="f_r_t" x="6101" y="1832" w="22" h="104" d="743" o="30" />
		<t id="f_t_l" x="1131" y="809" w="14" h="104" d="652" o="" />
		<t id="f_t_l" x="2516" y="1179" w="14" h="104" d="693" o="" />
		<t id="f_t_l" x="5838" y="1936" w="14" h="104" d="755" o="" />
		<t id="f_t_r" x="1387" y="809" w="14" h="104" d="648" o="" />
		<t id="f_t_r" x="2893" y="1179" w="14" h="104" d="689" o="" />
		<t id="f_t_r" x="6093" y="1936" w="14" h="104" d="751" o="" />
		<t id="f_t_t_l" x="2516" y="1075" w="14" h="104" d="680" o="" />
		<t id="f_t_t_l" x="2516" y="971" w="14" h="104" d="703" o="" />
		<t id="f_t_t_r" x="2893" y="1075" w="14" h="104" d="676" o="" />
		<t id="f_t_t_r" x="2893" y="971" w="14" h="104" d="699" o="" />
		<t id="g" x="6021" y="1734" w="44" h="335" d="1405" o="30" />
		<t id="icebumblebee" x="1106" y="701" w="55" h="64" d="1501" o="" />
		<t id="icebumblebee" x="1273" y="738" w="55" h="64" d="1557" o="" />
		<t id="icebumblebee" x="1423" y="774" w="55" h="64" d="1541" o="" />
		<t id="icebumblebee" x="1633" y="632" w="55" h="64" d="1517" o="" />
		<t id="icebumblebee" x="2026" y="863" w="55" h="64" d="1624" o="" />
		<t id="icebumblebee" x="2060" y="605" w="55" h="64" d="1592" o="" />
		<t id="icebumblebee" x="2157" y="948" w="55" h="64" d="1640" o="" />
		<t id="icebumblebee" x="2290" y="516" w="55" h="64" d="1608" o="" />
		<t id="icebumblebee" x="2312" y="904" w="55" h="64" d="1656" o="" />
		<t id="icebumblebee" x="2555" y="624" w="55" h="64" d="1716" o="" />
		<t id="icebumblebee" x="2726" y="594" w="55" h="64" d="1700" o="" />
		<t id="icebumblebee" x="2907" y="1121" w="55" h="64" d="1860" o="" />
		<t id="icebumblebee" x="3155" y="1109" w="55" h="64" d="1894" o="" />
		<t id="icebumblebee" x="3187" y="600" w="55" h="64" d="1740" o="" />
		<t id="icebumblebee" x="3250" y="889" w="55" h="64" d="1772" o="" />
		<t id="icebumblebee" x="3339" y="860" w="55" h="64" d="1788" o="" />
		<t id="icebumblebee" x="3389" y="1237" w="55" h="64" d="1840" o="" />
		<t id="icebumblebee" x="3421" y="893" w="55" h="64" d="1804" o="" />
		<t id="icebumblebee" x="3425" y="733" w="55" h="64" d="1756" o="" />
		<t id="icebumblebee" x="3572" y="1138" w="55" h="64" d="1878" o="" />
		<t id="icebumblebee" x="3651" y="927" w="55" h="64" d="1820" o="" />
		<t id="icebumblebee" x="3708" y="1198" w="55" h="64" d="1910" o="" />
		<t id="icebumblebee" x="3861" y="1346" w="55" h="64" d="1932" o="" />
		<t id="icebumblebee" x="4795" y="1486" w="55" h="64" d="1966" o="" />
		<t id="icebumblebee" x="4855" y="1426" w="55" h="64" d="1950" o="" />
		<t id="icebumblebee" x="5138" y="1614" w="55" h="64" d="2017" o="" />
		<t id="icebumblebee" x="5318" y="1688" w="55" h="64" d="1994" o="" />
		<t id="icebumblebee" x="5859" y="1816" w="55" h="64" d="2033" o="" />
		<t id="icebumblebee" x="806" y="558" w="55" h="64" d="1469" o="" />
		<t id="icebumblebee" x="954" y="620" w="55" h="64" d="1485" o="" />
		<t id="orange" x="1551" y="809" w="48" h="38" d="1577" o="0" />
		<t id="orange" x="2701" y="1077" w="48" h="38" d="1736" o="0" />
		<t id="orange" x="5053" y="1627" w="48" h="38" d="1986" o="0" />
		<t id="orange" x="571" y="577" w="48" h="38" d="1446" o="0" />
		<t id="p_c_c1_s" x="4958" y="1526" w="268" h="256" d="1281" o="30" />
		<t id="p_c_c2_s" x="3295" y="707" w="268" h="256" d="1232" o="30" />
		<t id="p_c_c3_s" x="3534" y="828" w="268" h="256" d="1226" o="30" />
		<t id="p_c_c4_s" x="3356" y="1001" w="268" h="256" d="1242" o="30" />
		<t id="p_c_h1_s" x="2164" y="683" w="223" h="57" d="1216" o="" />
		<t id="p_c_h1_s" x="3677" y="1075" w="223" h="57" d="1252" o="" />
		<t id="p_c_h2_s" x="2041" y="733" w="223" h="57" d="1287" o="" />
		<t id="p_c_l" x="1561" y="657" w="70" h="43" d="1202" o="" />
		<t id="p_c_l" x="1707" y="681" w="70" h="43" d="1212" o="" />
		<t id="p_c_l" x="3736" y="1126" w="70" h="43" d="1293" o="" />
		<t id="p_c_l" x="4465" y="1417" w="70" h="43" d="1258" o="" />
		<t id="p_c_l_b" x="2083" y="528" w="109" h="44" d="1222" o="" />
		<t id="p_c_l_b" x="2959" y="615" w="109" h="44" d="1238" o="" />
		<t id="p_c_l_b" x="3445" y="1030" w="109" h="44" d="1248" o="" />
		<t id="p_c_v1_s" x="2252" y="683" w="104" h="158" d="1206" o="" />
		<t id="p_c_v1_s" x="4579" y="1485" w="104" h="158" d="1262" o="" />
		<t id="p_c_v1_s" x="4739" y="1485" w="104" h="158" d="1275" o="" />
		<t id="p_c_v2_s" x="4659" y="1485" w="104" h="151" d="1268" o="" />
		<t id="p_t_b_r" x="4633" y="1563" w="41" h="159" d="798" o="30" />
		<t id="p_t_m_l" x="4068" y="1405" w="34" h="86" d="763" o="30" />
		<t id="p_t_m_l" x="4188" y="1432" w="34" h="86" d="768" o="30" />
		<t id="p_t_m_l" x="4390" y="1487" w="34" h="86" d="778" o="30" />
		<t id="p_t_m_l" x="5480" y="1745" w="34" h="86" d="813" o="30" />
		<t id="p_t_m_l" x="6173" y="1900" w="34" h="86" d="818" o="30" />
		<t id="p_t_s_r" x="4217" y="1446" w="22" h="47" d="773" o="30" />
		<t id="p_t_s_r" x="4328" y="1476" w="22" h="47" d="783" o="30" />
		<t id="p_t_s_r" x="4426" y="1489" w="22" h="47" d="788" o="30" />
		<t id="p_t_s_r" x="4450" y="1497" w="22" h="47" d="793" o="30" />
		<t id="p_t_s_r" x="4592" y="1528" w="22" h="47" d="803" o="30" />
		<t id="p_t_s_r" x="5442" y="1723" w="22" h="47" d="808" o="30" />
		<t id="pinku" x="1240" y="597" w="48" h="34" d="1537" o="0" />
		<t id="pinku" x="3534" y="1270" w="48" h="34" d="1836" o="0" />
		<t id="pinku" x="4271" y="1448" w="48" h="34" d="2049" o="0" />
		<t id="pinku" x="650" y="598" w="48" h="34" d="1463" o="0" />
		<t id="purpu" x="1825" y="872" w="48" h="38" d="1581" o="0" />
		<t id="purpu" x="2761" y="981" w="48" h="38" d="1696" o="0" />
		<t id="purpu" x="3970" y="1375" w="48" h="38" d="1926" o="0" />
		<t id="purpu" x="5164" y="1656" w="48" h="38" d="1990" o="0" />
		<t id="purpu" x="717" y="613" w="48" h="38" d="1459" o="0" />
		<t id="s_rb" x="2834" y="1038" w="145" h="51" d="716" o="30" />
		<t id="snowspider" x="2538" y="943" w="94" h="43" d="1676" o="0" />
		<t id="snowspider" x="2858" y="764" w="94" h="43" d="1682" o="0" />
		<t id="t1_b" x="2637" y="1075" w="121" h="104" d="678" o="" />
		<t id="t1_b" x="2637" y="971" w="121" h="104" d="701" o="" />
		<t id="t1_b" x="2758" y="1075" w="121" h="104" d="674" o="" />
		<t id="t1_b" x="2758" y="971" w="121" h="104" d="697" o="" />
		<t id="t1_b" x="2879" y="1075" w="121" h="104" d="685" o="" />
		<t id="t1_b" x="2879" y="971" w="121" h="104" d="705" o="" />
		<t id="t2_b" x="1252" y="809" w="121" h="104" d="650" o="" />
		<t id="t2_b" x="1373" y="809" w="121" h="104" d="646" o="" />
		<t id="t2_b" x="2637" y="1179" w="121" h="104" d="691" o="" />
		<t id="t2_b" x="2758" y="1179" w="121" h="104" d="687" o="" />
		<t id="t2_b" x="2879" y="1179" w="121" h="104" d="695" o="" />
		<t id="t2_b" x="5959" y="1936" w="121" h="104" d="753" o="" />
		<t id="t2_b" x="6079" y="1936" w="121" h="104" d="749" o="" /> 
	</layer>
</level>
