<?xml version="1.0" encoding="UTF-8"?>
<level background="cave" music="track04a" effects="cave" sx="197" sy="1084" d="2595" sh="220">
	<layer name="base" source="cave.swf" x="0" y="0" width="6510" height="1240">
		<t id="b2_t_e_l" x="2818" y="1031" w="27" h="104" d="654" o="30" />
		<t id="b2_t_e_l" x="3693" y="1075" w="27" h="104" d="856" o="30" />
		<t id="b2_t_e_l" x="3834" y="1278" w="27" h="104" d="876" o="30" />
		<t id="b2_t_e_r" x="2845" y="1059" w="27" h="104" d="656" o="30" />
		<t id="b_s" x="2844" y="955" w="54" h="105" d="650" o="30" />
		<t id="b_s" x="3719" y="999" w="54" h="105" d="852" o="30" />
		<t id="b_s" x="3860" y="1202" w="54" h="105" d="872" o="30" />
		<t id="b_s" x="6000" y="1236" w="54" h="105" d="920" o="30" />
		<t id="be" x="1250" y="1084" w="42" h="95" d="2385" o="100" />
		<t id="be" x="1362" y="1187" w="42" h="95" d="2427" o="100" />
		<t id="be" x="1668" y="988" w="42" h="95" d="2407" o="100" />
		<t id="be" x="1856" y="988" w="42" h="95" d="2409" o="100" />
		<t id="be" x="2149" y="1083" w="42" h="95" d="2415" o="100" />
		<t id="be" x="2283" y="1186" w="42" h="95" d="2431" o="100" />
		<t id="be" x="2427" y="1080" w="42" h="95" d="2593" o="100" />
		<t id="be" x="2430" y="656" w="42" h="95" d="2435" o="100" />
		<t id="be" x="2530" y="975" w="42" h="95" d="2417" o="100" />
		<t id="be" x="2550" y="654" w="42" h="95" d="2433" o="100" />
		<t id="be" x="2759" y="976" w="42" h="95" d="2487" o="100" />
		<t id="be" x="2787" y="597" w="42" h="95" d="2413" o="100" />
		<t id="be" x="2910" y="595" w="42" h="95" d="2411" o="100" />
		<t id="be" x="2958" y="248" w="42" h="95" d="2451" o="100" />
		<t id="be" x="3150" y="248" w="42" h="95" d="2489" o="100" />
		<t id="be" x="3389" y="352" w="42" h="95" d="2463" o="100" />
		<t id="be" x="3719" y="555" w="42" h="95" d="2483" o="100" />
		<t id="be" x="3724" y="820" w="42" h="95" d="2509" o="100" />
		<t id="be" x="3772" y="976" w="42" h="95" d="2351" o="100" />
		<t id="be" x="3875" y="818" w="42" h="95" d="2511" o="100" />
		<t id="be" x="3883" y="553" w="42" h="95" d="2485" o="100" />
		<t id="be" x="3990" y="504" w="42" h="95" d="2349" o="100" />
		<t id="be" x="4031" y="751" w="42" h="95" d="2533" o="100" />
		<t id="be" x="4135" y="508" w="42" h="95" d="2363" o="100" />
		<t id="be" x="4173" y="1201" w="42" h="95" d="2531" o="100" />
		<t id="be" x="4491" y="1191" w="42" h="95" d="2539" o="100" />
		<t id="be" x="5063" y="1184" w="42" h="95" d="2591" o="100" />
		<t id="be" x="5560" y="1184" w="42" h="95" d="2585" o="100" />
		<t id="be" x="5757" y="1185" w="42" h="95" d="2353" o="100" />
		<t id="be" x="630" y="1109" w="42" h="95" d="2305" o="100" />
		<t id="be" x="806" y="1109" w="42" h="95" d="2381" o="100" />
		<t id="be" x="823" y="1186" w="42" h="95" d="2429" o="100" />
		<t id="be" x="956" y="1083" w="42" h="95" d="2383" o="100" />
		<t id="be1" x="2759" y="333" w="191" h="17" d="2325" o="250" />
		<t id="be1" x="4913" y="1038" w="191" h="17" d="2545" o="250" />
		<t id="be2" x="2893" y="295" w="18" h="185" d="2327" o="250" />
		<t id="be2" x="4732" y="1035" w="18" h="185" d="2543" o="250" />
		<t id="be2" x="4911" y="1001" w="18" h="185" d="2541" o="250" />
		<t id="beycnake" x="1705" y="979" w="45" h="32" d="2391" o="0" />
		<t id="beycnake" x="2192" y="1081" w="45" h="32" d="2403" o="0" />
		<t id="beycnake" x="4121" y="749" w="45" h="32" d="2535" o="0" />
		<t id="beycnake" x="4405" y="1184" w="45" h="32" d="2523" o="0" />
		<t id="beycnake" x="4556" y="1184" w="45" h="32" d="2527" o="0" />
		<t id="beycnake" x="4932" y="1184" w="45" h="32" d="2565" o="0" />
		<t id="beycnake" x="5490" y="1184" w="45" h="32" d="2355" o="0" />
		<t id="beycnake" x="5680" y="1184" w="45" h="32" d="2359" o="0" />
		<t id="beycnake" x="724" y="1110" w="45" h="32" d="2307" o="0" />
		<t id="bh" x="21" y="1093" w="104" h="308" d="1222" o="" />
		<t id="bh" x="6601" y="1082" w="104" h="308" d="1224" o="" />
		<t id="c" x="2122" y="847" w="23" h="24" d="2158" o="" />
		<t id="c" x="2122" y="891" w="23" h="24" d="2154" o="" />
		<t id="c" x="2386" y="1160" w="23" h="24" d="2166" o="" />
		<t id="c" x="2436" y="1160" w="23" h="24" d="2162" o="" />
		<t id="c" x="2486" y="114" w="23" h="24" d="2178" o="" />
		<t id="c" x="2851" y="531" w="23" h="24" d="2174" o="" />
		<t id="c" x="2851" y="575" w="23" h="24" d="2170" o="" />
		<t id="c" x="2859" y="114" w="23" h="24" d="2182" o="" />
		<t id="c" x="3556" y="779" w="23" h="24" d="2230" o="" />
		<t id="c" x="3556" y="823" w="23" h="24" d="2226" o="" />
		<t id="c" x="3808" y="533" w="23" h="24" d="2194" o="" />
		<t id="c" x="3942" y="112" w="23" h="24" d="2190" o="" />
		<t id="c" x="3992" y="113" w="23" h="24" d="2186" o="" />
		<t id="c" x="4068" y="483" w="23" h="24" d="2198" o="" />
		<t id="c" x="4196" y="694" w="23" h="24" d="2222" o="" />
		<t id="c" x="4196" y="738" w="23" h="24" d="2218" o="" />
		<t id="c" x="4504" y="942" w="23" h="24" d="2206" o="" />
		<t id="c" x="4554" y="942" w="23" h="24" d="2202" o="" />
		<t id="c" x="5457" y="849" w="23" h="24" d="2214" o="" />
		<t id="c" x="5507" y="849" w="23" h="24" d="2210" o="" />
		<t id="c" x="5983" y="860" w="23" h="24" d="2271" o="" />
		<t id="c" x="5983" y="904" w="23" h="24" d="2267" o="" />
		<t id="c" x="691" y="1159" w="23" h="24" d="2150" o="" />
		<t id="c" x="741" y="1159" w="23" h="24" d="2146" o="" />
		<t id="d_eb_c" x="2000" y="1251" w="80" h="168" d="705" o="" />
		<t id="d_eb_c" x="3679" y="727" w="80" h="168" d="617" o="" />
		<t id="d_eb_c" x="4097" y="503" w="80" h="168" d="631" o="" />
		<t id="d_eb_c" x="5158" y="1186" w="80" h="168" d="899" o="" />
		<t id="d_eb_c" x="5836" y="1188" w="80" h="168" d="913" o="" />
		<t id="d_eb_c_b" x="1551" y="1298" w="123" h="168" d="712" o="" />
		<t id="d_eb_c_b" x="2719" y="979" w="123" h="168" d="731" o="" />
		<t id="d_eb_c_b" x="3862" y="554" w="123" h="168" d="624" o="" />
		<t id="d_eb_c_b" x="4007" y="1222" w="123" h="168" d="858" o="" />
		<t id="d_eb_c_b" x="4357" y="1202" w="123" h="168" d="865" o="" />
		<t id="d_eb_c_b" x="5486" y="1186" w="123" h="168" d="906" o="" />
		<t id="d_kr1" x="3492" y="249" w="18" h="16" d="2136" o="" />
		<t id="d_kr2" x="2914" y="249" w="24" h="17" d="2140" o="" />
		<t id="d_kr2" x="6131" y="1185" w="24" h="17" d="2138" o="" />
		<t id="e" x="2825" y="915" w="17" h="16" d="2275" o="" />
		<t id="e" x="3841" y="1144" w="17" h="16" d="2279" o="" />
		<t id="e" x="4194" y="535" w="17" h="16" d="2142" o="" />
		<t id="e" x="4774" y="834" w="17" h="16" d="2283" o="" />
		<t id="f_b" x="2279" y="1186" w="121" h="104" d="719" o="30" />
		<t id="f_b" x="2400" y="1186" w="121" h="104" d="725" o="30" />
		<t id="f_b" x="2521" y="1186" w="121" h="104" d="728" o="30" />
		<t id="f_b" x="767" y="1214" w="121" h="104" d="641" o="30" />
		<t id="f_b_t" x="3697" y="830" w="121" h="104" d="747" o="30" />
		<t id="f_b_t" x="3860" y="657" w="121" h="104" d="664" o="100" />
		<t id="f_b_t" x="3860" y="923" w="121" h="104" d="822" o="100" />
		<t id="f_b_t" x="4114" y="606" w="121" h="104" d="768" o="100" />
		<t id="f_b_t" x="4574" y="1061" w="121" h="104" d="878" o="30" />
		<t id="f_b_t" x="4861" y="1140" w="121" h="104" d="685" o="130" />
		<t id="f_b_t" x="4982" y="1140" w="121" h="104" d="700" o="130" />
		<t id="f_l" x="2158" y="1186" w="22" h="104" d="722" o="30" />
		<t id="f_l" x="646" y="1214" w="22" h="104" d="644" o="30" />
		<t id="f_l_t" x="3576" y="830" w="22" h="104" d="750" o="30" />
		<t id="f_l_t" x="3739" y="657" w="22" h="104" d="667" o="30" />
		<t id="f_l_t" x="3739" y="923" w="22" h="104" d="825" o="30" />
		<t id="f_l_t" x="3993" y="606" w="22" h="104" d="771" o="30" />
		<t id="f_l_t" x="4453" y="1061" w="22" h="104" d="881" o="30" />
		<t id="f_l_t" x="4740" y="1140" w="22" h="104" d="688" o="30" />
		<t id="f_r" x="789" y="1214" w="22" h="104" d="647" o="30" />
		<t id="f_r_t" x="3719" y="830" w="22" h="104" d="753" o="30" />
		<t id="f_r_t" x="3882" y="657" w="22" h="104" d="670" o="30" />
		<t id="f_r_t" x="3882" y="923" w="22" h="104" d="828" o="30" />
		<t id="f_r_t" x="4136" y="606" w="22" h="104" d="774" o="30" />
		<t id="f_r_t" x="4596" y="1061" w="22" h="104" d="884" o="30" />
		<t id="f_r_t" x="5004" y="1140" w="22" h="104" d="691" o="30" />
		<t id="f_t_l" x="3576" y="1038" w="14" h="104" d="764" o="" />
		<t id="f_t_l" x="3739" y="1234" w="14" h="104" d="839" o="" />
		<t id="f_t_l" x="3739" y="865" w="14" h="104" d="681" o="" />
		<t id="f_t_l" x="3993" y="1230" w="14" h="104" d="785" o="" />
		<t id="f_t_l" x="4453" y="1269" w="14" h="104" d="895" o="" />
		<t id="f_t_l" x="4740" y="1244" w="14" h="104" d="696" o="" />
		<t id="f_t_r" x="3711" y="1038" w="14" h="104" d="766" o="" />
		<t id="f_t_r" x="3874" y="1234" w="14" h="104" d="841" o="" />
		<t id="f_t_r" x="3874" y="865" w="14" h="104" d="683" o="" />
		<t id="f_t_r" x="4128" y="1230" w="14" h="104" d="787" o="" />
		<t id="f_t_r" x="4588" y="1269" w="14" h="104" d="897" o="" />
		<t id="f_t_r" x="4996" y="1244" w="14" h="104" d="698" o="" />
		<t id="f_t_t_l" x="3576" y="934" w="14" h="104" d="758" o="" />
		<t id="f_t_t_l" x="3739" y="1027" w="14" h="104" d="833" o="" />
		<t id="f_t_t_l" x="3739" y="1131" w="14" h="104" d="845" o="" />
		<t id="f_t_t_l" x="3739" y="761" w="14" h="104" d="675" o="" />
		<t id="f_t_t_l" x="3993" y="1022" w="14" h="104" d="803" o="" />
		<t id="f_t_t_l" x="3993" y="1126" w="14" h="104" d="809" o="" />
		<t id="f_t_t_l" x="3993" y="710" w="14" h="104" d="779" o="" />
		<t id="f_t_t_l" x="3993" y="814" w="14" h="104" d="791" o="" />
		<t id="f_t_t_l" x="3993" y="918" w="14" h="104" d="797" o="" />
		<t id="f_t_t_l" x="4453" y="1165" w="14" h="104" d="889" o="" />
		<t id="f_t_t_r" x="3711" y="934" w="14" h="104" d="760" o="" />
		<t id="f_t_t_r" x="3874" y="1027" w="14" h="104" d="835" o="" />
		<t id="f_t_t_r" x="3874" y="1131" w="14" h="104" d="847" o="" />
		<t id="f_t_t_r" x="3874" y="761" w="14" h="104" d="677" o="" />
		<t id="f_t_t_r" x="4128" y="1022" w="14" h="104" d="805" o="" />
		<t id="f_t_t_r" x="4128" y="1126" w="14" h="104" d="811" o="" />
		<t id="f_t_t_r" x="4128" y="710" w="14" h="104" d="781" o="" />
		<t id="f_t_t_r" x="4128" y="814" w="14" h="104" d="793" o="" />
		<t id="f_t_t_r" x="4128" y="918" w="14" h="104" d="799" o="" />
		<t id="f_t_t_r" x="4588" y="1165" w="14" h="104" d="891" o="" />
		<t id="g" x="6424" y="1087" w="44" h="335" d="2234" o="30" />
		<t id="n1_l" x="4911" y="1043" w="192" h="266" d="638" o="" />
		<t id="n2_1" x="2664" y="203" w="235" h="136" d="1204" o="" />
		<t id="n2_2" x="2899" y="203" w="235" h="136" d="1207" o="" />
		<t id="n2_3" x="2664" y="339" w="235" h="136" d="1210" o="" />
		<t id="n2_4" x="2899" y="339" w="235" h="136" d="1213" o="" />
		<t id="p_f_l_b_l" x="2632" y="373" w="204" h="44" d="1216" o="130" />
		<t id="p_f_l_b_r" x="2901" y="374" w="204" h="44" d="1219" o="130" />
		<t id="p_f_l_b_r" x="4235" y="795" w="204" h="44" d="849" o="30" />
		<t id="p_f_l_s_l" x="2489" y="580" w="107" h="29" d="741" o="30" />
		<t id="p_f_l_s_l" x="2529" y="478" w="107" h="29" d="744" o="30" />
		<t id="p_f_l_s_l" x="2529" y="685" w="107" h="29" d="738" o="100" />
		<t id="p_f_l_s_l" x="3553" y="643" w="107" h="29" d="819" o="30" />
		<t id="p_f_l_s_l" x="3577" y="433" w="107" h="29" d="813" o="30" />
		<t id="p_f_l_s_r" x="2170" y="945" w="107" h="29" d="658" o="130" />
		<t id="p_f_l_s_r" x="2898" y="627" w="107" h="29" d="661" o="100" />
		<t id="p_f_l_s_r" x="4235" y="615" w="107" h="29" d="816" o="30" />
		<t id="p_t_m" x="1349" y="1188" w="15" h="29" d="1004" o="30" />
		<t id="p_t_m" x="2281" y="1186" w="15" h="29" d="1024" o="30" />
		<t id="p_t_m" x="2755" y="978" w="15" h="29" d="1074" o="30" />
		<t id="p_t_m" x="3628" y="727" w="15" h="29" d="1099" o="30" />
		<t id="p_t_m" x="3759" y="977" w="15" h="29" d="1104" o="30" />
		<t id="p_t_m" x="4124" y="502" w="15" h="29" d="1084" o="30" />
		<t id="p_t_m" x="4169" y="1186" w="15" h="29" d="1119" o="30" />
		<t id="p_t_m" x="4474" y="1186" w="15" h="29" d="1144" o="30" />
		<t id="p_t_m" x="5067" y="1186" w="15" h="29" d="1174" o="30" />
		<t id="p_t_m" x="5745" y="1186" w="15" h="29" d="1184" o="30" />
		<t id="p_t_m" x="818" y="1188" w="15" h="29" d="969" o="30" />
		<t id="p_t_m_l" x="3870" y="553" w="27" h="97" d="1089" o="30" />
		<t id="p_t_m_l" x="5297" y="1187" w="27" h="97" d="1179" o="30" />
		<t id="p_t_s_r" x="1450" y="1187" w="25" h="58" d="999" o="30" />
		<t id="p_t_s_r" x="1953" y="1186" w="25" h="58" d="1019" o="30" />
		<t id="p_t_s_r" x="3146" y="253" w="25" h="58" d="1079" o="30" />
		<t id="p_t_s_r" x="3609" y="727" w="25" h="58" d="1094" o="30" />
		<t id="p_t_s_r" x="3756" y="553" w="25" h="58" d="924" o="30" />
		<t id="p_t_s_r" x="3909" y="1186" w="25" h="58" d="1109" o="30" />
		<t id="p_t_s_r" x="4008" y="503" w="25" h="58" d="929" o="30" />
		<t id="p_t_s_r" x="4334" y="1185" w="25" h="58" d="1114" o="30" />
		<t id="p_t_s_r" x="4504" y="1186" w="25" h="58" d="1139" o="30" />
		<t id="p_t_s_r" x="4814" y="1186" w="25" h="58" d="1154" o="30" />
		<t id="p_t_s_r" x="498" y="1188" w="25" h="58" d="964" o="30" />
		<t id="p_t_s_r" x="5047" y="1187" w="25" h="58" d="1169" o="30" />
		<t id="p_t_s_r" x="5565" y="1186" w="25" h="58" d="959" o="30" />
		<t id="p_t_s_r" x="5775" y="1188" w="25" h="58" d="954" o="30" />
		<t id="p_t_s_r" x="76" y="1084" w="25" h="58" d="974" o="30" />
		<t id="p_t_t_m" x="100" y="929" w="15" h="29" d="949" o="30" />
		<t id="p_t_t_m" x="1103" y="928" w="15" h="29" d="984" o="30" />
		<t id="p_t_t_m" x="1421" y="1028" w="15" h="29" d="1014" o="30" />
		<t id="p_t_t_m" x="1974" y="821" w="15" h="29" d="1029" o="30" />
		<t id="p_t_t_m" x="2242" y="1027" w="15" h="29" d="1034" o="30" />
		<t id="p_t_t_m" x="2411" y="1027" w="15" h="29" d="1039" o="30" />
		<t id="p_t_t_m" x="256" y="928" w="15" h="29" d="939" o="30" />
		<t id="p_t_t_m" x="2955" y="194" w="15" h="29" d="1044" o="30" />
		<t id="p_t_t_m" x="3228" y="89" w="15" h="29" d="1049" o="30" />
		<t id="p_t_t_m" x="4011" y="92" w="15" h="29" d="1064" o="30" />
		<t id="p_t_t_m" x="4286" y="914" w="15" h="29" d="1134" o="30" />
		<t id="p_t_t_m" x="4404" y="920" w="15" h="29" d="1129" o="30" />
		<t id="p_t_t_m" x="4990" y="814" w="15" h="29" d="1159" o="30" />
		<t id="p_t_t_m" x="5129" y="916" w="15" h="29" d="1164" o="30" />
		<t id="p_t_t_m" x="533" y="932" w="15" h="29" d="944" o="30" />
		<t id="p_t_t_m" x="5861" y="815" w="15" h="29" d="1189" o="30" />
		<t id="p_t_t_m" x="759" y="931" w="15" h="29" d="979" o="30" />
		<t id="p_t_t_m" x="918" y="826" w="15" h="29" d="994" o="30" />
		<t id="p_t_t_m_l" x="3282" y="260" w="27" h="97" d="1054" o="30" />
		<t id="p_t_t_m_l" x="4734" y="981" w="27" h="97" d="1149" o="30" />
		<t id="p_t_t_s_r" x="1210" y="952" w="25" h="58" d="989" o="30" />
		<t id="p_t_t_s_r" x="1534" y="954" w="25" h="58" d="1009" o="30" />
		<t id="p_t_t_s_r" x="343" y="957" w="25" h="58" d="934" o="30" />
		<t id="p_t_t_s_r" x="3741" y="115" w="25" h="58" d="1069" o="30" />
		<t id="p_t_t_s_r" x="3911" y="115" w="25" h="58" d="1059" o="30" />
		<t id="p_t_t_s_r" x="4451" y="952" w="25" h="58" d="1124" o="30" />
		<t id="p_t_t_s_r" x="5295" y="738" w="25" h="58" d="1194" o="30" />
		<t id="p_t_t_s_r" x="5814" y="840" w="25" h="58" d="1199" o="30" />
		<t id="p_top_b" x="119" y="909" w="121" h="104" d="1226" o="30" />
		<t id="p_top_b" x="1209" y="907" w="121" h="104" d="1361" o="30" />
		<t id="p_top_b" x="1451" y="1009" w="121" h="104" d="1370" o="30" />
		<t id="p_top_b" x="1693" y="905" w="121" h="104" d="1393" o="30" />
		<t id="p_top_b" x="1814" y="903" w="121" h="104" d="1396" o="30" />
		<t id="p_top_b" x="2056" y="800" w="121" h="104" d="1416" o="30" />
		<t id="p_top_b" x="2298" y="1007" w="121" h="104" d="1437" o="30" />
		<t id="p_top_b" x="240" y="909" w="121" h="104" d="1229" o="30" />
		<t id="p_top_b" x="2419" y="1007" w="121" h="104" d="1454" o="30" />
		<t id="p_top_b" x="2662" y="71" w="121" h="104" d="1568" o="30" />
		<t id="p_top_b" x="2783" y="70" w="121" h="104" d="1571" o="30" />
		<t id="p_top_b" x="3025" y="173" w="121" h="104" d="1580" o="30" />
		<t id="p_top_b" x="3388" y="173" w="121" h="104" d="1660" o="30" />
		<t id="p_top_b" x="361" y="909" w="121" h="104" d="1232" o="30" />
		<t id="p_top_b" x="3630" y="69" w="121" h="104" d="1717" o="30" />
		<t id="p_top_b" x="3751" y="69" w="121" h="104" d="1756" o="30" />
		<t id="p_top_b" x="3872" y="69" w="121" h="104" d="1759" o="30" />
		<t id="p_top_b" x="3993" y="69" w="121" h="104" d="1762" o="30" />
		<t id="p_top_b" x="4114" y="69" w="121" h="104" d="1765" o="30" />
		<t id="p_top_b" x="4355" y="897" w="121" h="104" d="1829" o="30" />
		<t id="p_top_b" x="4475" y="897" w="121" h="104" d="1841" o="30" />
		<t id="p_top_b" x="4596" y="897" w="121" h="104" d="1895" o="30" />
		<t id="p_top_b" x="4717" y="897" w="121" h="104" d="1902" o="30" />
		<t id="p_top_b" x="482" y="909" w="121" h="104" d="1235" o="30" />
		<t id="p_top_b" x="4958" y="793" w="121" h="104" d="1911" o="30" />
		<t id="p_top_b" x="5200" y="896" w="121" h="104" d="1951" o="30" />
		<t id="p_top_b" x="5442" y="688" w="121" h="104" d="1963" o="30" />
		<t id="p_top_b" x="5685" y="896" w="121" h="104" d="1987" o="30" />
		<t id="p_top_b" x="5926" y="792" w="121" h="104" d="1990" o="30" />
		<t id="p_top_b" x="603" y="909" w="121" h="104" d="1238" o="30" />
		<t id="p_top_b" x="6168" y="895" w="121" h="104" d="2050" o="30" />
		<t id="p_top_b" x="6289" y="895" w="121" h="104" d="2053" o="30" />
		<t id="p_top_b" x="6410" y="895" w="121" h="104" d="2060" o="30" />
		<t id="p_top_b" x="6530" y="895" w="121" h="104" d="2067" o="30" />
		<t id="p_top_b" x="724" y="909" w="121" h="104" d="1253" o="30" />
		<t id="p_top_b" x="845" y="909" w="121" h="104" d="1256" o="30" />
		<t id="p_top_e_l" x="1572" y="905" w="121" h="104" d="1376" o="30" />
		<t id="p_top_e_l" x="1935" y="800" w="121" h="104" d="1407" o="30" />
		<t id="p_top_e_l" x="2541" y="72" w="121" h="104" d="1545" o="30" />
		<t id="p_top_e_l" x="3146" y="70" w="121" h="104" d="1642" o="30" />
		<t id="p_top_e_l" x="3509" y="69" w="121" h="104" d="1714" o="30" />
		<t id="p_top_e_l" x="4837" y="793" w="121" h="104" d="1908" o="30" />
		<t id="p_top_e_l" x="5321" y="688" w="121" h="104" d="1960" o="30" />
		<t id="p_top_e_l" x="5805" y="792" w="121" h="104" d="2035" o="30" />
		<t id="p_top_e_l" x="967" y="805" w="121" h="104" d="1352" o="30" />
		<t id="p_top_e_r" x="1088" y="805" w="121" h="104" d="1355" o="30" />
		<t id="p_top_e_r" x="1330" y="907" w="121" h="104" d="1364" o="30" />
		<t id="p_top_e_r" x="2177" y="800" w="121" h="104" d="1419" o="30" />
		<t id="p_top_e_r" x="2904" y="70" w="121" h="104" d="1574" o="30" />
		<t id="p_top_e_r" x="3267" y="70" w="121" h="104" d="1654" o="30" />
		<t id="p_top_e_r" x="4235" y="69" w="121" h="104" d="1720" o="30" />
		<t id="p_top_e_r" x="5079" y="793" w="121" h="104" d="1939" o="30" />
		<t id="p_top_e_r" x="5563" y="688" w="121" h="104" d="1979" o="30" />
		<t id="p_top_e_r" x="6047" y="792" w="121" h="104" d="2040" o="30" />
		<t id="p_top_es_l" x="1473" y="1009" w="22" h="104" d="1373" o="30" />
		<t id="p_top_es_l" x="1836" y="904" w="22" h="104" d="1404" o="30" />
		<t id="p_top_es_l" x="2441" y="1007" w="22" h="104" d="1457" o="30" />
		<t id="p_top_es_l" x="3046" y="174" w="22" h="104" d="1639" o="30" />
		<t id="p_top_es_l" x="3410" y="173" w="22" h="104" d="1711" o="30" />
		<t id="p_top_es_l" x="4739" y="897" w="22" h="104" d="1905" o="30" />
		<t id="p_top_es_l" x="5222" y="896" w="22" h="104" d="1954" o="30" />
		<t id="p_top_es_l" x="5707" y="896" w="22" h="104" d="2032" o="30" />
		<t id="p_top_es_l" x="867" y="909" w="22" h="104" d="1349" o="30" />
		<t id="p_top_es_r" x="1088" y="908" w="22" h="104" d="1358" o="30" />
		<t id="p_top_es_r" x="1330" y="1010" w="22" h="104" d="1367" o="30" />
		<t id="p_top_es_r" x="2177" y="1008" w="22" h="104" d="1434" o="30" />
		<t id="p_top_es_r" x="2904" y="174" w="22" h="104" d="1577" o="30" />
		<t id="p_top_es_r" x="3267" y="174" w="22" h="104" d="1657" o="30" />
		<t id="p_top_es_r" x="4235" y="897" w="22" h="104" d="1826" o="30" />
		<t id="p_top_es_r" x="5079" y="896" w="22" h="104" d="1942" o="30" />
		<t id="p_top_es_r" x="5564" y="896" w="22" h="104" d="1984" o="30" />
		<t id="p_top_es_r" x="6047" y="896" w="22" h="104" d="2047" o="30" />
		<t id="p_top_s_l" x="2440" y="176" w="22" h="104" d="1552" o="30" />
		<t id="p_top_s_l" x="2440" y="280" w="22" h="104" d="1542" o="30" />
		<t id="p_top_s_l" x="2440" y="384" w="22" h="104" d="1535" o="30" />
		<t id="p_top_s_l" x="2440" y="488" w="22" h="104" d="1626" o="30" />
		<t id="p_top_s_l" x="2440" y="592" w="22" h="104" d="1524" o="30" />
		<t id="p_top_s_l" x="2440" y="695" w="22" h="104" d="1516" o="30" />
		<t id="p_top_s_l" x="2440" y="799" w="22" h="104" d="1509" o="30" />
		<t id="p_top_s_l" x="2440" y="903" w="22" h="104" d="1460" o="30" />
		<t id="p_top_s_l" x="5221" y="792" w="22" h="104" d="1957" o="30" />
		<t id="p_top_s_r" x="2177" y="904" w="22" h="104" d="1422" o="30" />
		<t id="p_top_s_r" x="4235" y="173" w="22" h="104" d="1723" o="30" />
		<t id="p_top_s_r" x="4235" y="276" w="22" h="104" d="1784" o="30" />
		<t id="p_top_s_r" x="4235" y="380" w="22" h="104" d="1791" o="30" />
		<t id="p_top_s_r" x="4235" y="483" w="22" h="104" d="1798" o="30" />
		<t id="p_top_s_r" x="4235" y="587" w="22" h="104" d="1805" o="30" />
		<t id="p_top_s_r" x="4235" y="690" w="22" h="104" d="1812" o="30" />
		<t id="p_top_s_r" x="4235" y="794" w="22" h="104" d="1819" o="30" />
		<t id="p_top_s_r" x="5564" y="792" w="22" h="104" d="1997" o="30" />
		<t id="p_top_t" x="1088" y="597" w="121" h="104" d="2118" o="" />
		<t id="p_top_t" x="1088" y="701" w="121" h="104" d="1609" o="" />
		<t id="p_top_t" x="120" y="805" w="121" h="104" d="1259" o="" />
		<t id="p_top_t" x="1209" y="596" w="121" h="104" d="2120" o="" />
		<t id="p_top_t" x="1209" y="700" w="121" h="104" d="1611" o="" />
		<t id="p_top_t" x="1209" y="804" w="121" h="104" d="1381" o="" />
		<t id="p_top_t" x="121" y="701" w="121" h="104" d="1593" o="" />
		<t id="p_top_t" x="1330" y="596" w="121" h="104" d="2122" o="" />
		<t id="p_top_t" x="1330" y="700" w="121" h="104" d="1613" o="" />
		<t id="p_top_t" x="1330" y="804" w="121" h="104" d="1383" o="" />
		<t id="p_top_t" x="1451" y="596" w="121" h="104" d="2124" o="" />
		<t id="p_top_t" x="1451" y="700" w="121" h="104" d="1615" o="" />
		<t id="p_top_t" x="1451" y="804" w="121" h="104" d="1385" o="" />
		<t id="p_top_t" x="1451" y="906" w="121" h="104" d="1379" o="" />
		<t id="p_top_t" x="1572" y="596" w="121" h="104" d="2126" o="" />
		<t id="p_top_t" x="1572" y="700" w="121" h="104" d="1617" o="" />
		<t id="p_top_t" x="1572" y="801" w="121" h="104" d="1495" o="" />
		<t id="p_top_t" x="1693" y="596" w="121" h="104" d="2128" o="" />
		<t id="p_top_t" x="1693" y="700" w="121" h="104" d="1619" o="" />
		<t id="p_top_t" x="1693" y="801" w="121" h="104" d="1497" o="" />
		<t id="p_top_t" x="1814" y="597" w="121" h="104" d="2130" o="" />
		<t id="p_top_t" x="1814" y="701" w="121" h="104" d="1768" o="" />
		<t id="p_top_t" x="1814" y="800" w="121" h="104" d="1499" o="" />
		<t id="p_top_t" x="1935" y="597" w="121" h="104" d="2132" o="" />
		<t id="p_top_t" x="1935" y="701" w="121" h="104" d="1770" o="" />
		<t id="p_top_t" x="2056" y="597" w="121" h="104" d="2134" o="" />
		<t id="p_top_t" x="2056" y="701" w="121" h="104" d="1772" o="" />
		<t id="p_top_t" x="2177" y="182" w="121" h="104" d="2096" o="" />
		<t id="p_top_t" x="2177" y="286" w="121" h="104" d="2094" o="" />
		<t id="p_top_t" x="2177" y="390" w="121" h="104" d="2092" o="" />
		<t id="p_top_t" x="2177" y="493" w="121" h="104" d="2100" o="" />
		<t id="p_top_t" x="2177" y="597" w="121" h="104" d="2090" o="" />
		<t id="p_top_t" x="2177" y="701" w="121" h="104" d="1774" o="" />
		<t id="p_top_t" x="2178" y="78" w="121" h="104" d="2098" o="" />
		<t id="p_top_t" x="2298" y="176" w="121" h="104" d="1548" o="" />
		<t id="p_top_t" x="2298" y="280" w="121" h="104" d="1538" o="" />
		<t id="p_top_t" x="2298" y="384" w="121" h="104" d="1531" o="" />
		<t id="p_top_t" x="2298" y="487" w="121" h="104" d="1629" o="" />
		<t id="p_top_t" x="2298" y="591" w="121" h="104" d="1527" o="" />
		<t id="p_top_t" x="2298" y="695" w="121" h="104" d="1512" o="" />
		<t id="p_top_t" x="2298" y="799" w="121" h="104" d="1505" o="" />
		<t id="p_top_t" x="2298" y="903" w="121" h="104" d="1501" o="" />
		<t id="p_top_t" x="2299" y="72" w="121" h="104" d="1555" o="" />
		<t id="p_top_t" x="241" y="805" w="121" h="104" d="1261" o="" />
		<t id="p_top_t" x="2419" y="176" w="121" h="104" d="1550" o="" />
		<t id="p_top_t" x="2419" y="280" w="121" h="104" d="1540" o="" />
		<t id="p_top_t" x="2419" y="384" w="121" h="104" d="1533" o="" />
		<t id="p_top_t" x="2419" y="487" w="121" h="104" d="1631" o="" />
		<t id="p_top_t" x="2419" y="591" w="121" h="104" d="1529" o="" />
		<t id="p_top_t" x="2419" y="695" w="121" h="104" d="1514" o="" />
		<t id="p_top_t" x="2419" y="799" w="121" h="104" d="1507" o="" />
		<t id="p_top_t" x="2419" y="903" w="121" h="104" d="1503" o="" />
		<t id="p_top_t" x="242" y="701" w="121" h="104" d="1595" o="" />
		<t id="p_top_t" x="2420" y="72" w="121" h="104" d="1557" o="" />
		<t id="p_top_t" x="3025" y="69" w="121" h="104" d="1583" o="" />
		<t id="p_top_t" x="3145" y="1184" w="121" h="104" d="1741" o="" />
		<t id="p_top_t" x="3146" y="1080" w="121" h="104" d="1737" o="" />
		<t id="p_top_t" x="3146" y="560" w="121" h="104" d="1675" o="" />
		<t id="p_top_t" x="3146" y="664" w="121" h="104" d="1684" o="" />
		<t id="p_top_t" x="3146" y="768" w="121" h="104" d="1693" o="" />
		<t id="p_top_t" x="3146" y="872" w="121" h="104" d="1702" o="" />
		<t id="p_top_t" x="3146" y="976" w="121" h="104" d="1728" o="" />
		<t id="p_top_t" x="3266" y="1184" w="121" h="104" d="1743" o="" />
		<t id="p_top_t" x="3267" y="1080" w="121" h="104" d="1739" o="" />
		<t id="p_top_t" x="3267" y="1184" w="121" h="104" d="2112" o="" />
		<t id="p_top_t" x="3267" y="560" w="121" h="104" d="1677" o="" />
		<t id="p_top_t" x="3267" y="664" w="121" h="104" d="1686" o="" />
		<t id="p_top_t" x="3267" y="768" w="121" h="104" d="1695" o="" />
		<t id="p_top_t" x="3267" y="872" w="121" h="104" d="1704" o="" />
		<t id="p_top_t" x="3267" y="976" w="121" h="104" d="1730" o="" />
		<t id="p_top_t" x="3388" y="560" w="121" h="104" d="1679" o="" />
		<t id="p_top_t" x="3388" y="664" w="121" h="104" d="1688" o="" />
		<t id="p_top_t" x="3388" y="70" w="121" h="104" d="1663" o="" />
		<t id="p_top_t" x="3388" y="768" w="121" h="104" d="1697" o="" />
		<t id="p_top_t" x="3388" y="872" w="121" h="104" d="1706" o="" />
		<t id="p_top_t" x="3388" y="976" w="121" h="104" d="1732" o="" />
		<t id="p_top_t" x="362" y="805" w="121" h="104" d="1263" o="" />
		<t id="p_top_t" x="363" y="701" w="121" h="104" d="1597" o="" />
		<t id="p_top_t" x="4355" y="587" w="121" h="104" d="1808" o="" />
		<t id="p_top_t" x="4355" y="690" w="121" h="104" d="1815" o="" />
		<t id="p_top_t" x="4355" y="794" w="121" h="104" d="1822" o="" />
		<t id="p_top_t" x="4356" y="173" w="121" h="104" d="1780" o="" />
		<t id="p_top_t" x="4356" y="276" w="121" h="104" d="1787" o="" />
		<t id="p_top_t" x="4356" y="380" w="121" h="104" d="1794" o="" />
		<t id="p_top_t" x="4356" y="483" w="121" h="104" d="1801" o="" />
		<t id="p_top_t" x="4356" y="69" w="121" h="104" d="1776" o="" />
		<t id="p_top_t" x="4476" y="483" w="121" h="104" d="1803" o="" />
		<t id="p_top_t" x="4476" y="587" w="121" h="104" d="1810" o="" />
		<t id="p_top_t" x="4476" y="690" w="121" h="104" d="1817" o="" />
		<t id="p_top_t" x="4476" y="794" w="121" h="104" d="1824" o="" />
		<t id="p_top_t" x="4477" y="173" w="121" h="104" d="1782" o="" />
		<t id="p_top_t" x="4477" y="276" w="121" h="104" d="1789" o="" />
		<t id="p_top_t" x="4477" y="380" w="121" h="104" d="1796" o="" />
		<t id="p_top_t" x="4477" y="69" w="121" h="104" d="1778" o="" />
		<t id="p_top_t" x="4596" y="483" w="121" h="104" d="2110" o="" />
		<t id="p_top_t" x="4597" y="173" w="121" h="104" d="2104" o="" />
		<t id="p_top_t" x="4597" y="276" w="121" h="104" d="2106" o="" />
		<t id="p_top_t" x="4597" y="380" w="121" h="104" d="2108" o="" />
		<t id="p_top_t" x="4597" y="586" w="121" h="104" d="2014" o="" />
		<t id="p_top_t" x="4597" y="69" w="121" h="104" d="2102" o="" />
		<t id="p_top_t" x="4597" y="690" w="121" h="104" d="1891" o="" />
		<t id="p_top_t" x="4597" y="794" w="121" h="104" d="1893" o="" />
		<t id="p_top_t" x="4718" y="586" w="121" h="104" d="2016" o="" />
		<t id="p_top_t" x="4718" y="690" w="121" h="104" d="1898" o="" />
		<t id="p_top_t" x="4718" y="794" w="121" h="104" d="1900" o="" />
		<t id="p_top_t" x="483" y="805" w="121" h="104" d="1265" o="" />
		<t id="p_top_t" x="4838" y="689" w="121" h="104" d="1914" o="" />
		<t id="p_top_t" x="4839" y="585" w="121" h="104" d="2018" o="" />
		<t id="p_top_t" x="484" y="701" w="121" h="104" d="1599" o="" />
		<t id="p_top_t" x="4958" y="689" w="121" h="104" d="1916" o="" />
		<t id="p_top_t" x="4960" y="585" w="121" h="104" d="2008" o="" />
		<t id="p_top_t" x="5079" y="689" w="121" h="104" d="1945" o="" />
		<t id="p_top_t" x="5080" y="585" w="121" h="104" d="2010" o="" />
		<t id="p_top_t" x="5200" y="689" w="121" h="104" d="1947" o="" />
		<t id="p_top_t" x="5200" y="793" w="121" h="104" d="1949" o="" />
		<t id="p_top_t" x="5201" y="585" w="121" h="104" d="2012" o="" />
		<t id="p_top_t" x="5202" y="481" w="121" h="104" d="2026" o="" />
		<t id="p_top_t" x="5322" y="584" w="121" h="104" d="1966" o="" />
		<t id="p_top_t" x="5323" y="480" w="121" h="104" d="2020" o="" />
		<t id="p_top_t" x="5442" y="584" w="121" h="104" d="1968" o="" />
		<t id="p_top_t" x="5443" y="480" w="121" h="104" d="2022" o="" />
		<t id="p_top_t" x="5563" y="584" w="121" h="104" d="1982" o="" />
		<t id="p_top_t" x="5564" y="480" w="121" h="104" d="2024" o="" />
		<t id="p_top_t" x="5684" y="481" w="121" h="104" d="2030" o="" />
		<t id="p_top_t" x="5684" y="584" w="121" h="104" d="2006" o="" />
		<t id="p_top_t" x="5684" y="688" w="121" h="104" d="2002" o="" />
		<t id="p_top_t" x="5684" y="792" w="121" h="104" d="1995" o="" />
		<t id="p_top_t" x="5805" y="481" w="121" h="104" d="2028" o="" />
		<t id="p_top_t" x="5805" y="584" w="121" h="104" d="2004" o="" />
		<t id="p_top_t" x="5805" y="688" w="121" h="104" d="2038" o="" />
		<t id="p_top_t" x="5926" y="585" w="121" h="104" d="2000" o="" />
		<t id="p_top_t" x="5926" y="689" w="121" h="104" d="1993" o="" />
		<t id="p_top_t" x="604" y="805" w="121" h="104" d="1267" o="" />
		<t id="p_top_t" x="6047" y="585" w="121" h="104" d="2045" o="" />
		<t id="p_top_t" x="6047" y="689" w="121" h="104" d="2043" o="" />
		<t id="p_top_t" x="605" y="701" w="121" h="104" d="1601" o="" />
		<t id="p_top_t" x="6168" y="585" w="121" h="104" d="2080" o="" />
		<t id="p_top_t" x="6168" y="687" w="121" h="104" d="2076" o="" />
		<t id="p_top_t" x="6168" y="791" w="121" h="104" d="2074" o="" />
		<t id="p_top_t" x="6289" y="585" w="121" h="104" d="2078" o="" />
		<t id="p_top_t" x="6289" y="687" w="121" h="104" d="2058" o="" />
		<t id="p_top_t" x="6289" y="791" w="121" h="104" d="2056" o="" />
		<t id="p_top_t" x="6410" y="687" w="121" h="104" d="2065" o="" />
		<t id="p_top_t" x="6410" y="791" w="121" h="104" d="2063" o="" />
		<t id="p_top_t" x="6530" y="687" w="121" h="104" d="2072" o="" />
		<t id="p_top_t" x="6530" y="791" w="121" h="104" d="2070" o="" />
		<t id="p_top_t" x="725" y="805" w="121" h="104" d="1269" o="" />
		<t id="p_top_t" x="726" y="701" w="121" h="104" d="1603" o="" />
		<t id="p_top_t" x="846" y="805" w="121" h="104" d="1271" o="" />
		<t id="p_top_t" x="847" y="597" w="121" h="104" d="2114" o="" />
		<t id="p_top_t" x="847" y="701" w="121" h="104" d="1605" o="" />
		<t id="p_top_t" x="967" y="597" w="121" h="104" d="2116" o="" />
		<t id="p_top_t" x="967" y="701" w="121" h="104" d="1607" o="" />
		<t id="pinkustack2x" x="2831" y="596" w="38" h="67" d="2311" o="0" />
		<t id="pinkustack2x" x="3072" y="249" w="38" h="67" d="2453" o="0" />
		<t id="pinkustack2x" x="3777" y="818" w="38" h="67" d="2513" o="0" />
		<t id="pinkustack2x" x="3797" y="553" w="38" h="67" d="2339" o="0" />
		<t id="pinkustack2x" x="4054" y="500" w="38" h="67" d="2473" o="0" />
		<t id="pinkustack3x" x="2480" y="655" w="38" h="96" d="2437" o="0" />
		<t id="pinkustack4x" x="1121" y="1080" w="38" h="125" d="2287" o="0" />
		<t id="s_b" x="1452" y="1291" w="121" h="105" d="1329" o="30" />
		<t id="s_b" x="1573" y="1291" w="121" h="105" d="1332" o="30" />
		<t id="s_b" x="2057" y="1289" w="121" h="105" d="1425" o="30" />
		<t id="s_b" x="2178" y="1289" w="121" h="105" d="1428" o="30" />
		<t id="s_b" x="2299" y="1289" w="121" h="105" d="1440" o="30" />
		<t id="s_b" x="2420" y="1289" w="121" h="105" d="1446" o="30" />
		<t id="s_b" x="3992" y="1289" w="121" h="105" d="1751" o="30" />
		<t id="s_b" x="4113" y="1289" w="121" h="105" d="1832" o="30" />
		<t id="s_b" x="4234" y="1289" w="121" h="105" d="1835" o="30" />
		<t id="s_b" x="4355" y="1289" w="121" h="105" d="1838" o="30" />
		<t id="s_b" x="4476" y="1289" w="121" h="105" d="1879" o="30" />
		<t id="s_b" x="4596" y="1289" w="121" h="105" d="1882" o="30" />
		<t id="s_b" x="4717" y="1289" w="121" h="105" d="1885" o="30" />
		<t id="s_b" x="4838" y="1289" w="121" h="105" d="1888" o="30" />
		<t id="s_b" x="4959" y="1289" w="121" h="105" d="1918" o="30" />
		<t id="s_b" x="5080" y="1289" w="121" h="105" d="1921" o="30" />
		<t id="s_b" x="5201" y="1289" w="121" h="105" d="1924" o="30" />
		<t id="s_b" x="5322" y="1289" w="121" h="105" d="1927" o="30" />
		<t id="s_b" x="5443" y="1289" w="121" h="105" d="1930" o="30" />
		<t id="s_b" x="5564" y="1289" w="121" h="105" d="1933" o="30" />
		<t id="s_b" x="5685" y="1289" w="121" h="105" d="1936" o="30" />
		<t id="s_b" x="5805" y="1289" w="121" h="105" d="1970" o="30" />
		<t id="s_b" x="5926" y="1289" w="121" h="105" d="1973" o="30" />
		<t id="s_b" x="6047" y="1289" w="121" h="105" d="1976" o="30" />
		<t id="s_b" x="605" y="1291" w="121" h="105" d="1302" o="30" />
		<t id="s_b" x="726" y="1291" w="121" h="105" d="1305" o="30" />
		<t id="s_b" x="847" y="1291" w="121" h="105" d="1308" o="30" />
		<t id="s_b_l" x="1694" y="1291" w="121" h="105" d="1338" o="30" />
		<t id="s_b_l" x="2541" y="1289" w="121" h="105" d="1443" o="30" />
		<t id="s_b_l" x="6168" y="1289" w="121" h="105" d="1279" o="30" />
		<t id="s_b_l" x="968" y="1291" w="121" h="105" d="1314" o="30" />
		<t id="s_b_l_t" x="2904" y="1081" w="121" h="105" d="1469" o="30" />
		<t id="s_b_l_t" x="3388" y="457" w="121" h="105" d="1645" o="30" />
		<t id="s_b_r" x="1331" y="1291" w="121" h="105" d="1335" o="30" />
		<t id="s_b_r" x="1936" y="1289" w="121" h="105" d="1431" o="30" />
		<t id="s_b_r" x="3872" y="1289" w="121" h="105" d="1748" o="30" />
		<t id="s_b_r" x="484" y="1291" w="121" h="105" d="1311" o="30" />
		<t id="s_b_r_t" x="3267" y="457" w="121" h="105" d="1636" o="30" />
		<t id="s_b_r_t" x="3630" y="1081" w="121" h="105" d="1844" o="30" />
		<t id="s_b_t" x="1089" y="1187" w="121" h="105" d="1320" o="30" />
		<t id="s_b_t" x="121" y="1187" w="121" h="105" d="1241" o="30" />
		<t id="s_b_t" x="1210" y="1187" w="121" h="105" d="1323" o="30" />
		<t id="s_b_t" x="1815" y="1084" w="121" h="105" d="1390" o="30" />
		<t id="s_b_t" x="242" y="1187" w="121" h="105" d="1244" o="30" />
		<t id="s_b_t" x="2662" y="1081" w="121" h="105" d="1466" o="30" />
		<t id="s_b_t" x="2783" y="1081" w="121" h="105" d="1472" o="30" />
		<t id="s_b_t" x="3025" y="353" w="121" h="105" d="1562" o="30" />
		<t id="s_b_t" x="3146" y="353" w="121" h="105" d="1565" o="30" />
		<t id="s_b_t" x="3509" y="353" w="121" h="105" d="1651" o="30" />
		<t id="s_b_t" x="363" y="1187" w="121" h="105" d="1247" o="30" />
		<t id="s_b_t" x="3751" y="1081" w="121" h="105" d="1847" o="30" />
		<t id="s_b_t" x="6289" y="1185" w="121" h="105" d="1291" o="30" />
		<t id="s_b_t" x="6410" y="1185" w="121" h="105" d="1288" o="30" />
		<t id="s_b_t" x="6531" y="1185" w="121" h="105" d="1285" o="30" />
		<t id="s_l_s" x="1694" y="1187" w="23" h="104" d="1399" o="30" />
		<t id="s_l_s" x="2541" y="1185" w="23" h="104" d="1449" o="30" />
		<t id="s_l_s" x="2904" y="457" w="23" h="104" d="1621" o="30" />
		<t id="s_l_s" x="2904" y="561" w="23" h="104" d="1519" o="30" />
		<t id="s_l_s" x="2904" y="665" w="23" h="104" d="1490" o="30" />
		<t id="s_l_s" x="2904" y="769" w="23" h="104" d="1485" o="30" />
		<t id="s_l_s" x="2904" y="873" w="23" h="104" d="1480" o="30" />
		<t id="s_l_s" x="2904" y="977" w="23" h="104" d="1475" o="30" />
		<t id="s_l_t" x="1694" y="1084" w="22" h="104" d="1387" o="30" />
		<t id="s_l_t" x="2541" y="1081" w="22" h="104" d="1463" o="30" />
		<t id="s_l_t" x="2904" y="353" w="22" h="104" d="1559" o="30" />
		<t id="s_l_t" x="3388" y="353" w="22" h="104" d="1648" o="30" />
		<t id="s_l_t" x="6168" y="1185" w="22" h="104" d="1282" o="100" />
		<t id="s_l_t" x="968" y="1187" w="22" h="104" d="1317" o="30" />
		<t id="s_r_s" x="1835" y="1186" w="23" h="104" d="1413" o="30" />
		<t id="s_r_s" x="3529" y="457" w="23" h="104" d="1670" o="30" />
		<t id="s_r_s" x="3529" y="561" w="23" h="104" d="1681" o="30" />
		<t id="s_r_s" x="3529" y="665" w="23" h="104" d="1690" o="30" />
		<t id="s_r_s" x="3529" y="769" w="23" h="104" d="1699" o="30" />
		<t id="s_r_s" x="3529" y="873" w="23" h="104" d="1708" o="30" />
		<t id="s_r_s" x="3529" y="977" w="23" h="104" d="1734" o="30" />
		<t id="s_r_s" x="3771" y="1185" w="23" h="104" d="1745" o="30" />
		<t id="s_r_t" x="1232" y="1187" w="23" h="104" d="1326" o="30" />
		<t id="s_r_t" x="1837" y="1084" w="23" h="104" d="1410" o="30" />
		<t id="s_r_t" x="3168" y="353" w="23" h="104" d="1633" o="30" />
		<t id="s_r_t" x="3531" y="353" w="23" h="104" d="1665" o="30" />
		<t id="s_r_t" x="3773" y="1081" w="23" h="104" d="1850" o="30" />
		<t id="s_r_t" x="385" y="1187" w="23" h="104" d="1250" o="30" />
		<t id="scorpion" x="6024" y="1183" w="45" h="38" d="2587" o="0" />
		<t id="spider_fall" x="3905" y="315" w="141" h="251" d="2329" o="0" />
		<t id="spider_fall" x="4231" y="1027" w="141" h="251" d="2491" o="0" />
		<t id="spider_fall" x="5574" y="934" w="141" h="251" d="2551" o="0" />
		<t id="spider_run" x="1287" y="1185" w="27" h="20" d="2387" o="0" />
		<t id="spider_run" x="2046" y="1186" w="27" h="20" d="2395" o="0" />
		<t id="spider_run" x="2156" y="1186" w="27" h="20" d="2399" o="0" />
		<t id="spider_run" x="2706" y="976" w="27" h="20" d="2419" o="0" />
		<t id="spider_run" x="2806" y="976" w="27" h="20" d="2423" o="0" />
		<t id="spider_run" x="3213" y="351" w="27" h="20" d="2465" o="0" />
		<t id="spider_run" x="3313" y="351" w="27" h="20" d="2469" o="0" />
		<t id="spider_run" x="4013" y="1184" w="27" h="20" d="2501" o="0" />
		<t id="spider_run" x="4203" y="1184" w="27" h="20" d="2505" o="0" />
		<t id="spider_run" x="4703" y="1183" w="27" h="20" d="2561" o="0" />
		<t id="spider_run" x="4874" y="1184" w="27" h="20" d="2573" o="0" />
		<t id="spider_run" x="5115" y="1182" w="27" h="20" d="2569" o="0" />
		<t id="spider_run" x="5355" y="1182" w="27" h="20" d="2577" o="0" />
		<t id="spider_run" x="5595" y="1183" w="27" h="20" d="2581" o="0" />
		<t id="spider_run" x="563" y="1187" w="27" h="20" d="2365" o="0" />
		<t id="spider_run" x="683" y="1187" w="27" h="20" d="2369" o="0" />
		<t id="spider_run" x="743" y="1187" w="27" h="20" d="2373" o="0" />
		<t id="spider_run" x="863" y="1187" w="27" h="20" d="2377" o="0" />
		<t id="spider_web" x="2658" y="202" w="60" h="46" d="2321" o="0" />
		<t id="spider_web" x="4824" y="911" w="60" h="46" d="2547" o="0" />
		<t id="t1_b" x="1815" y="1187" w="121" h="104" d="1402" o="" />
		<t id="t1_b" x="2662" y="1184" w="121" h="104" d="1452" o="" />
		<t id="t1_b" x="2782" y="1185" w="121" h="104" d="1587" o="" />
		<t id="t1_b" x="2903" y="1185" w="121" h="104" d="1589" o="" />
		<t id="t1_b" x="3024" y="1185" w="121" h="104" d="1591" o="" />
		<t id="t1_b" x="3025" y="1081" w="121" h="104" d="1585" o="" />
		<t id="t1_b" x="3025" y="457" w="121" h="104" d="1624" o="" />
		<t id="t1_b" x="3025" y="561" w="121" h="104" d="1522" o="" />
		<t id="t1_b" x="3025" y="665" w="121" h="104" d="1493" o="" />
		<t id="t1_b" x="3025" y="769" w="121" h="104" d="1488" o="" />
		<t id="t1_b" x="3025" y="873" w="121" h="104" d="1483" o="" />
		<t id="t1_b" x="3025" y="977" w="121" h="104" d="1478" o="" />
		<t id="t1_b" x="3146" y="457" w="121" h="104" d="1673" o="" />
		<t id="t1_b" x="3388" y="1080" w="121" h="104" d="1875" o="" />
		<t id="t1_b" x="3388" y="1183" w="121" h="104" d="1877" o="" />
		<t id="t1_b" x="3509" y="1081" w="121" h="104" d="1853" o="" />
		<t id="t1_b" x="3509" y="1184" w="121" h="104" d="1873" o="" />
		<t id="t1_b" x="3509" y="457" w="121" h="104" d="1668" o="" />
		<t id="t1_b" x="3509" y="561" w="121" h="104" d="1863" o="" />
		<t id="t1_b" x="3509" y="665" w="121" h="104" d="1861" o="" />
		<t id="t1_b" x="3509" y="769" w="121" h="104" d="1859" o="" />
		<t id="t1_b" x="3509" y="873" w="121" h="104" d="1857" o="" />
		<t id="t1_b" x="3509" y="977" w="121" h="104" d="1855" o="" />
		<t id="t1_b" x="3630" y="1184" w="121" h="104" d="1869" o="" />
		<t id="t1_b" x="3697" y="934" w="121" h="104" d="756" o="" />
		<t id="t1_b" x="3751" y="1184" w="121" h="104" d="1867" o="" />
		<t id="t1_b" x="3860" y="1027" w="121" h="104" d="831" o="" />
		<t id="t1_b" x="3860" y="1131" w="121" h="104" d="843" o="" />
		<t id="t1_b" x="3860" y="761" w="121" h="104" d="673" o="" />
		<t id="t1_b" x="4114" y="1022" w="121" h="104" d="801" o="" />
		<t id="t1_b" x="4114" y="1126" w="121" h="104" d="807" o="" />
		<t id="t1_b" x="4114" y="710" w="121" h="104" d="777" o="" />
		<t id="t1_b" x="4114" y="814" w="121" h="104" d="789" o="" />
		<t id="t1_b" x="4114" y="918" w="121" h="104" d="795" o="" />
		<t id="t1_b" x="4574" y="1165" w="121" h="104" d="887" o="" />
		<t id="t2_b" x="1089" y="1291" w="121" h="104" d="1341" o="130" />
		<t id="t2_b" x="121" y="1291" w="121" h="104" d="1347" o="130" />
		<t id="t2_b" x="1210" y="1291" w="121" h="104" d="1273" o="130" />
		<t id="t2_b" x="1815" y="1291" w="121" h="104" d="1726" o="130" />
		<t id="t2_b" x="242" y="1291" w="121" h="104" d="1345" o="130" />
		<t id="t2_b" x="2662" y="1288" w="121" h="104" d="2082" o="" />
		<t id="t2_b" x="2783" y="1288" w="121" h="104" d="2084" o="" />
		<t id="t2_b" x="2904" y="1288" w="121" h="104" d="2086" o="" />
		<t id="t2_b" x="3025" y="1288" w="121" h="104" d="2088" o="" />
		<t id="t2_b" x="3146" y="1288" w="121" h="104" d="1275" o="" />
		<t id="t2_b" x="3267" y="1288" w="121" h="104" d="1277" o="" />
		<t id="t2_b" x="3388" y="1287" w="121" h="104" d="1300" o="" />
		<t id="t2_b" x="3509" y="1288" w="121" h="104" d="1871" o="130" />
		<t id="t2_b" x="363" y="1291" w="121" h="104" d="1343" o="130" />
		<t id="t2_b" x="3630" y="1288" w="121" h="104" d="1865" o="130" />
		<t id="t2_b" x="3697" y="1038" w="121" h="104" d="762" o="" />
		<t id="t2_b" x="3751" y="1288" w="121" h="104" d="1754" o="130" />
		<t id="t2_b" x="3860" y="1234" w="121" h="104" d="837" o="" />
		<t id="t2_b" x="3860" y="865" w="121" h="104" d="679" o="" />
		<t id="t2_b" x="4114" y="1230" w="121" h="104" d="783" o="" />
		<t id="t2_b" x="4574" y="1269" w="121" h="104" d="893" o="" />
		<t id="t2_b" x="4861" y="1244" w="121" h="104" d="694" o="" />
		<t id="t2_b" x="4982" y="1244" w="121" h="104" d="703" o="" />
		<t id="t2_b" x="6289" y="1289" w="121" h="104" d="1294" o="" />
		<t id="t2_b" x="6409" y="1289" w="121" h="104" d="1296" o="" />
		<t id="t2_b" x="6529" y="1289" w="121" h="104" d="1298" o="" />
		<t id="wackel_b" x="1627" y="1130" w="268" h="44" d="714" o="30" />
		<t id="wackel_b" x="2795" y="811" w="268" h="44" d="733" o="30" />
		<t id="wackel_b" x="3938" y="386" w="268" h="44" d="626" o="30" />
		<t id="wackel_b" x="4083" y="1054" w="268" h="44" d="860" o="30" />
		<t id="wackel_b" x="4433" y="1034" w="268" h="44" d="867" o="30" />
		<t id="wackel_b" x="5562" y="1018" w="268" h="44" d="908" o="30" />
		<t id="wackel_s" x="2030" y="1084" w="140" h="28" d="707" o="30" />
		<t id="wackel_s" x="3709" y="560" w="140" h="28" d="619" o="30" />
		<t id="wackel_s" x="4127" y="336" w="140" h="28" d="633" o="30" />
		<t id="wackel_s" x="5188" y="1019" w="140" h="28" d="901" o="30" />
		<t id="wackel_s" x="5866" y="1021" w="140" h="28" d="915" o="30" /> 
	</layer>
</level>
