<?xml version="1.0" encoding="UTF-8"?>
<level background="whiterocks" music="track01" effects="lake" sx="221" sy="1610" d="2069">
	<layer name="base" source="lake.swf" x="0" y="0" width="7825" height="1650">
		<t id="be" x="2206" y="1506" w="42" h="95" d="1969" o="100" />
		<t id="be" x="2288" y="1546" w="42" h="95" d="2037" o="100" />
		<t id="be" x="2582" y="1546" w="42" h="95" d="2041" o="100" />
		<t id="be" x="2662" y="1579" w="42" h="95" d="2053" o="100" />
		<t id="be" x="2813" y="1581" w="42" h="95" d="2049" o="100" />
		<t id="be" x="2891" y="1425" w="42" h="95" d="2045" o="100" />
		<t id="be" x="3109" y="1589" w="42" h="95" d="1778" o="100" />
		<t id="be" x="3156" y="1426" w="42" h="95" d="1886" o="100" />
		<t id="be" x="3382" y="1586" w="42" h="95" d="1782" o="100" />
		<t id="be" x="347" y="1195" w="42" h="95" d="1766" o="100" />
		<t id="be" x="3477" y="1547" w="42" h="95" d="1794" o="100" />
		<t id="be" x="3774" y="1548" w="42" h="95" d="1798" o="100" />
		<t id="be" x="3886" y="1440" w="42" h="95" d="2021" o="100" />
		<t id="be" x="3980" y="1437" w="42" h="95" d="2025" o="100" />
		<t id="be" x="4056" y="1517" w="42" h="95" d="1806" o="100" />
		<t id="be" x="4239" y="1515" w="42" h="95" d="1810" o="100" />
		<t id="be" x="4526" y="1478" w="42" h="95" d="1790" o="100" />
		<t id="be" x="476" y="1200" w="42" h="95" d="1866" o="100" />
		<t id="be" x="483" y="1505" w="42" h="95" d="2061" o="100" />
		<t id="be" x="5483" y="1302" w="42" h="95" d="1940" o="100" />
		<t id="be" x="5585" y="1026" w="42" h="95" d="1932" o="100" />
		<t id="be" x="5673" y="1029" w="42" h="95" d="1928" o="100" />
		<t id="be" x="5752" y="1197" w="42" h="95" d="1838" o="100" />
		<t id="be" x="5760" y="1093" w="42" h="95" d="2065" o="100" />
		<t id="be" x="5799" y="1555" w="42" h="95" d="2001" o="100" />
		<t id="be" x="5950" y="1555" w="42" h="95" d="1997" o="100" />
		<t id="be" x="5956" y="1094" w="42" h="95" d="1924" o="100" />
		<t id="be" x="6050" y="1198" w="42" h="95" d="1846" o="100" />
		<t id="be" x="6130" y="1300" w="42" h="95" d="1906" o="100" />
		<t id="be" x="6607" y="1507" w="42" h="95" d="1818" o="100" />
		<t id="be" x="6766" y="1508" w="42" h="95" d="1822" o="100" />
		<t id="be" x="6837" y="1408" w="42" h="95" d="1826" o="100" />
		<t id="be" x="7137" y="1407" w="42" h="95" d="1834" o="100" />
		<t id="be" x="7204" y="1441" w="42" h="95" d="1985" o="100" />
		<t id="be" x="7378" y="1442" w="42" h="95" d="1981" o="100" />
		<t id="be" x="889" y="1200" w="42" h="95" d="1770" o="100" />
		<t id="bh" x="18" y="1197" w="105" h="309" d="1353" o="" />
		<t id="bh" x="18" y="1506" w="105" h="309" d="1161" o="" />
		<t id="bh" x="18" y="1815" w="105" h="309" d="1357" o="" />
		<t id="bh" x="7904" y="1610" w="105" h="309" d="1186" o="" />
		<t id="c" x="1063" y="1233" w="23" h="24" d="1680" o="" />
		<t id="c" x="1107" y="1273" w="23" h="24" d="1684" o="" />
		<t id="c" x="1613" y="1149" w="23" h="24" d="1660" o="" />
		<t id="c" x="1653" y="1109" w="23" h="24" d="1656" o="" />
		<t id="c" x="1693" y="1149" w="23" h="24" d="1664" o="" />
		<t id="c" x="2987" y="1252" w="23" h="24" d="1668" o="" />
		<t id="c" x="3027" y="1292" w="23" h="24" d="1676" o="" />
		<t id="c" x="374" y="1075" w="23" h="24" d="1648" o="" />
		<t id="c" x="4093" y="1361" w="23" h="24" d="1708" o="" />
		<t id="c" x="4133" y="1408" w="23" h="24" d="1704" o="" />
		<t id="c" x="414" y="1035" w="23" h="24" d="1644" o="" />
		<t id="c" x="4457" y="1235" w="23" h="24" d="1716" o="" />
		<t id="c" x="4507" y="1188" w="23" h="24" d="1720" o="" />
		<t id="c" x="454" y="1075" w="23" h="24" d="1652" o="" />
		<t id="c" x="5843" y="1287" w="23" h="24" d="1724" o="" />
		<t id="c" x="5888" y="1242" w="23" h="24" d="1728" o="" />
		<t id="c" x="5985" y="1377" w="23" h="24" d="1700" o="" />
		<t id="c" x="6035" y="1424" w="23" h="24" d="1696" o="" />
		<t id="c" x="6631" y="1016" w="23" h="24" d="1732" o="" />
		<t id="c" x="6667" y="1381" w="23" h="24" d="1688" o="" />
		<t id="c" x="6671" y="976" w="23" h="24" d="1736" o="" />
		<t id="c" x="6709" y="1438" w="23" h="24" d="1692" o="" />
		<t id="c" x="7470" y="1299" w="23" h="24" d="1672" o="" />
		<t id="c" x="7520" y="1359" w="23" h="24" d="1744" o="" />
		<t id="d_ek" x="7328" y="1446" w="32" h="38" d="980" o="" />
		<t id="d_kr1" x="5478" y="1581" w="18" h="16" d="1615" o="" />
		<t id="d_kr2" x="5450" y="1582" w="24" h="17" d="2071" o="" />
		<t id="d_sh1" x="1209" y="1402" w="73" h="10" d="1084" o="" />
		<t id="d_sh1" x="277" y="1195" w="73" h="10" d="1551" o="" />
		<t id="d_sh1" x="4148" y="1515" w="73" h="10" d="1629" o="" />
		<t id="d_sh1" x="437" y="1610" w="73" h="10" d="1549" o="" />
		<t id="d_sh1" x="4820" y="1277" w="73" h="10" d="1914" o="" />
		<t id="d_sh1" x="5945" y="1198" w="73" h="10" d="976" o="" />
		<t id="d_sh1" x="6996" y="1406" w="73" h="10" d="978" o="" />
		<t id="d_sh2" x="3128" y="1426" w="88" h="14" d="1712" o="" />
		<t id="d_sh2" x="4650" y="1477" w="88" h="14" d="1714" o="" />
		<t id="d_sh2" x="673" y="1199" w="88" h="14" d="1553" o="" />
		<t id="d_sh2" x="7482" y="1546" w="88" h="14" d="982" o="" />
		<t id="e" x="2055" y="1206" w="17" h="16" d="1748" o="" />
		<t id="e" x="3799" y="1286" w="17" h="16" d="1631" o="" />
		<t id="e" x="4721" y="1186" w="17" h="16" d="1740" o="" />
		<t id="e" x="6612" y="1186" w="17" h="16" d="1619" o="" />
		<t id="evilfish" x="2851" y="1589" w="35" h="58" d="996" o="" />
		<t id="evilfish" x="3431" y="1529" w="35" h="58" d="1014" o="" />
		<t id="evilfish" x="5757" y="1529" w="35" h="58" d="1002" o="" />
		<t id="evilfish" x="5981" y="1529" w="35" h="58" d="1008" o="" />
		<t id="f_b" x="155" y="1609" w="121" h="104" d="1635" o="30" />
		<t id="f_b" x="34" y="1609" w="121" h="104" d="1641" o="30" />
		<t id="f_b" x="5890" y="1302" w="121" h="104" d="825" o="30" />
		<t id="f_b" x="6011" y="1302" w="121" h="104" d="834" o="30" />
		<t id="f_b_t" x="188" y="1299" w="121" h="104" d="745" o="30" />
		<t id="f_b_t" x="2884" y="1530" w="121" h="104" d="780" o="30" />
		<t id="f_b_t" x="3004" y="1530" w="121" h="104" d="770" o="30" />
		<t id="f_b_t" x="309" y="1299" w="121" h="104" d="731" o="30" />
		<t id="f_b_t" x="3124" y="1530" w="121" h="104" d="785" o="30" />
		<t id="f_b_t" x="44" y="1486" w="121" h="104" d="986" o="30" />
		<t id="f_b_t" x="4731" y="1381" w="121" h="104" d="805" o="30" />
		<t id="f_b_t" x="4851" y="1381" w="121" h="104" d="795" o="30" />
		<t id="f_b_t" x="5622" y="1406" w="121" h="104" d="719" o="30" />
		<t id="f_b_t" x="5681" y="1198" w="121" h="104" d="683" o="30" />
		<t id="f_b_t" x="5742" y="1406" w="121" h="104" d="709" o="30" />
		<t id="f_b_t" x="5801" y="1198" w="121" h="104" d="677" o="30" />
		<t id="f_b_t" x="5862" y="1406" w="121" h="104" d="724" o="30" />
		<t id="f_b_t" x="5921" y="1198" w="121" h="104" d="686" o="30" />
		<t id="f_b_t" x="5982" y="1406" w="121" h="104" d="818" o="30" />
		<t id="f_b_t" x="6102" y="1406" w="121" h="104" d="695" o="30" />
		<t id="f_b_t" x="611" y="1303" w="121" h="104" d="949" o="30" />
		<t id="f_b_t" x="6316" y="984" w="121" h="104" d="861" o="200" />
		<t id="f_b_t" x="6436" y="984" w="121" h="104" d="851" o="200" />
		<t id="f_b_t" x="6556" y="984" w="121" h="104" d="866" o="200" />
		<t id="f_b_t" x="6676" y="984" w="121" h="104" d="879" o="200" />
		<t id="f_b_t" x="6796" y="984" w="121" h="104" d="837" o="200" />
		<t id="f_b_t" x="68" y="1299" w="121" h="104" d="758" o="30" />
		<t id="f_b_t" x="6976" y="1510" w="121" h="104" d="923" o="30" />
		<t id="f_b_t" x="7097" y="1510" w="121" h="104" d="917" o="30" />
		<t id="f_b_t" x="731" y="1303" w="121" h="104" d="939" o="30" />
		<t id="f_b_t" x="851" y="1303" w="121" h="104" d="954" o="30" />
		<t id="f_l" x="5769" y="1302" w="22" h="104" d="831" o="30" />
		<t id="f_l_t" x="2763" y="1530" w="22" h="104" d="773" o="30" />
		<t id="f_l_t" x="4610" y="1381" w="22" h="104" d="798" o="30" />
		<t id="f_l_t" x="490" y="1303" w="22" h="104" d="944" o="30" />
		<t id="f_l_t" x="5501" y="1406" w="22" h="104" d="712" o="30" />
		<t id="f_l_t" x="5560" y="1198" w="22" h="104" d="680" o="30" />
		<t id="f_l_t" x="6195" y="984" w="22" h="104" d="854" o="30" />
		<t id="f_l_t" x="6856" y="1510" w="22" h="104" d="920" o="30" />
		<t id="f_r" x="177" y="1609" w="22" h="104" d="1638" o="30" />
		<t id="f_r" x="6032" y="1302" w="22" h="104" d="828" o="30" />
		<t id="f_r_t" x="3146" y="1530" w="22" h="104" d="765" o="30" />
		<t id="f_r_t" x="331" y="1299" w="22" h="104" d="734" o="30" />
		<t id="f_r_t" x="4872" y="1381" w="22" h="104" d="790" o="30" />
		<t id="f_r_t" x="5942" y="1198" w="22" h="104" d="672" o="30" />
		<t id="f_r_t" x="6124" y="1406" w="22" h="104" d="700" o="30" />
		<t id="f_r_t" x="66" y="1486" w="22" h="104" d="989" o="30" />
		<t id="f_r_t" x="6818" y="984" w="22" h="104" d="842" o="30" />
		<t id="f_r_t" x="7119" y="1510" w="22" h="104" d="914" o="30" />
		<t id="f_r_t" x="873" y="1303" w="22" h="104" d="934" o="30" />
		<t id="f_s_b" x="1134" y="1345" w="41" h="25" d="1069" o="30" />
		<t id="f_s_b" x="1594" y="1299" w="41" h="25" d="1079" o="30" />
		<t id="f_s_b" x="1734" y="1345" w="41" h="25" d="1074" o="30" />
		<t id="f_s_b" x="2179" y="1390" w="41" h="25" d="1064" o="30" />
		<t id="f_s_b" x="2332" y="1364" w="41" h="25" d="1051" o="30" />
		<t id="f_s_b" x="2504" y="1365" w="41" h="25" d="1044" o="30" />
		<t id="f_s_b" x="2634" y="1410" w="41" h="25" d="1039" o="30" />
		<t id="f_s_b" x="3703" y="1492" w="41" h="25" d="1103" o="30" />
		<t id="f_s_b" x="4323" y="1467" w="41" h="25" d="1112" o="30" />
		<t id="f_s_b" x="4443" y="1447" w="41" h="25" d="1328" o="30" />
		<t id="f_s_b" x="5728" y="933" w="41" h="25" d="621" o="30" />
		<t id="f_s_b" x="5858" y="934" w="41" h="25" d="639" o="30" />
		<t id="f_s_b" x="5988" y="872" w="41" h="25" d="630" o="30" />
		<t id="f_s_b" x="6098" y="981" w="41" h="25" d="969" o="30" />
		<t id="f_s_t" x="1126" y="1449" w="25" h="104" d="1072" o="" />
		<t id="f_s_t" x="1586" y="1403" w="25" h="104" d="1082" o="" />
		<t id="f_s_t" x="1726" y="1449" w="25" h="104" d="1077" o="" />
		<t id="f_s_t" x="2171" y="1622" w="25" h="104" d="1062" o="" />
		<t id="f_s_t" x="2324" y="1581" w="25" h="104" d="1058" o="" />
		<t id="f_s_t" x="2496" y="1548" w="25" h="104" d="1047" o="" />
		<t id="f_s_t" x="2626" y="1646" w="25" h="104" d="1037" o="" />
		<t id="f_s_t" x="3695" y="1596" w="25" h="104" d="1101" o="" />
		<t id="f_s_t" x="4315" y="1605" w="25" h="104" d="1110" o="" />
		<t id="f_s_t" x="4435" y="1610" w="25" h="104" d="1106" o="" />
		<t id="f_s_t" x="5720" y="1095" w="25" h="104" d="617" o="" />
		<t id="f_s_t" x="5850" y="1096" w="25" h="104" d="635" o="" />
		<t id="f_s_t" x="5980" y="1202" w="25" h="104" d="626" o="" />
		<t id="f_s_t" x="6090" y="1302" w="25" h="104" d="624" o="" />
		<t id="f_s_t_t" x="2171" y="1469" w="25" h="79" d="1067" o="" />
		<t id="f_s_t_t" x="2171" y="1548" w="25" h="79" d="1060" o="" />
		<t id="f_s_t_t" x="2324" y="1443" w="25" h="79" d="1054" o="" />
		<t id="f_s_t_t" x="2324" y="1522" w="25" h="79" d="1056" o="" />
		<t id="f_s_t_t" x="2496" y="1444" w="25" h="79" d="1049" o="" />
		<t id="f_s_t_t" x="2626" y="1489" w="25" h="79" d="1042" o="" />
		<t id="f_s_t_t" x="2626" y="1549" w="25" h="79" d="1035" o="" />
		<t id="f_s_t_t" x="4315" y="1546" w="25" h="79" d="1108" o="" />
		<t id="f_s_t_t" x="4435" y="1526" w="25" h="79" d="1326" o="" />
		<t id="f_s_t_t" x="5720" y="1011" w="25" h="79" d="619" o="" />
		<t id="f_s_t_t" x="5850" y="1012" w="25" h="79" d="637" o="" />
		<t id="f_s_t_t" x="5980" y="1027" w="25" h="79" d="633" o="" />
		<t id="f_s_t_t" x="5980" y="1106" w="25" h="79" d="984" o="" />
		<t id="f_s_t_t" x="5980" y="950" w="25" h="79" d="628" o="" />
		<t id="f_s_t_t" x="6090" y="1059" w="25" h="79" d="967" o="" />
		<t id="f_s_t_t" x="6090" y="1138" w="25" h="79" d="972" o="" />
		<t id="f_s_t_t" x="6090" y="1206" w="25" h="79" d="974" o="" />
		<t id="f_t_l" x="2763" y="1634" w="14" h="104" d="778" o="" />
		<t id="f_t_l" x="4610" y="1485" w="14" h="104" d="803" o="" />
		<t id="f_t_l" x="490" y="1510" w="14" h="104" d="959" o="" />
		<t id="f_t_l" x="5501" y="1614" w="14" h="104" d="812" o="" />
		<t id="f_t_l" x="5560" y="1302" w="14" h="104" d="693" o="" />
		<t id="f_t_l" x="6195" y="1607" w="14" h="104" d="873" o="" />
		<t id="f_t_l" x="6856" y="1614" w="14" h="104" d="930" o="" />
		<t id="f_t_r" x="3138" y="1634" w="14" h="104" d="768" o="" />
		<t id="f_t_r" x="323" y="1611" w="14" h="104" d="737" o="" />
		<t id="f_t_r" x="4865" y="1485" w="14" h="104" d="793" o="" />
		<t id="f_t_r" x="58" y="1590" w="14" h="104" d="994" o="" />
		<t id="f_t_r" x="5935" y="1302" w="14" h="104" d="675" o="" />
		<t id="f_t_r" x="6116" y="1614" w="14" h="104" d="707" o="" />
		<t id="f_t_r" x="6810" y="1607" w="14" h="104" d="849" o="" />
		<t id="f_t_r" x="7110" y="1614" w="14" h="104" d="926" o="" />
		<t id="f_t_t_l" x="490" y="1407" w="14" h="104" d="947" o="" />
		<t id="f_t_t_l" x="5501" y="1510" w="14" h="104" d="717" o="" />
		<t id="f_t_t_l" x="6195" y="1088" w="14" h="104" d="648" o="" />
		<t id="f_t_t_l" x="6195" y="1192" w="14" h="104" d="859" o="" />
		<t id="f_t_t_l" x="6195" y="1296" w="14" h="104" d="662" o="" />
		<t id="f_t_t_l" x="6195" y="1399" w="14" h="104" d="906" o="" />
		<t id="f_t_t_l" x="6195" y="1503" w="14" h="104" d="892" o="" />
		<t id="f_t_t_r" x="323" y="1403" w="14" h="104" d="752" o="" />
		<t id="f_t_t_r" x="323" y="1507" w="14" h="104" d="741" o="" />
		<t id="f_t_t_r" x="6116" y="1510" w="14" h="104" d="703" o="" />
		<t id="f_t_t_r" x="6810" y="1088" w="14" h="104" d="644" o="" />
		<t id="f_t_t_r" x="6810" y="1192" w="14" h="104" d="845" o="" />
		<t id="f_t_t_r" x="6810" y="1296" w="14" h="104" d="658" o="" />
		<t id="f_t_t_r" x="6810" y="1399" w="14" h="104" d="902" o="" />
		<t id="f_t_t_r" x="6810" y="1503" w="14" h="104" d="888" o="" />
		<t id="f_t_t_r" x="865" y="1407" w="14" h="104" d="937" o="" />
		<t id="floe" x="2795" y="1623" w="140" h="45" d="1137" o="30" />
		<t id="floe" x="3015" y="1623" w="140" h="45" d="1132" o="30" />
		<t id="floe_b" x="3355" y="1628" w="268" h="45" d="1127" o="30" />
		<t id="g" x="7696" y="1553" w="44" h="335" d="1503" o="30" />
		<t id="orange" x="1147" y="1402" w="32" h="34" d="1874" o="0" />
		<t id="orange" x="1629" y="1400" w="32" h="34" d="1878" o="0" />
		<t id="orange" x="217" y="1195" w="32" h="34" d="1862" o="0" />
		<t id="orange" x="2507" y="1544" w="32" h="34" d="2033" o="0" />
		<t id="orange" x="3034" y="1426" w="32" h="34" d="1890" o="0" />
		<t id="orange" x="3534" y="1546" w="32" h="34" d="2013" o="0" />
		<t id="orange" x="3916" y="1427" w="32" h="34" d="2017" o="0" />
		<t id="orange" x="5003" y="1372" w="32" h="34" d="1898" o="0" />
		<t id="orange" x="5857" y="1555" w="32" h="34" d="2005" o="0" />
		<t id="orange" x="5884" y="1094" w="32" h="34" d="1916" o="0" />
		<t id="orange" x="6430" y="878" w="32" h="34" d="1957" o="0" />
		<t id="orange" x="7280" y="1440" w="32" h="34" d="1989" o="0" />
		<t id="orange" x="796" y="1506" w="32" h="34" d="1850" o="0" />
		<t id="orange" x="90" y="1194" w="32" h="34" d="1858" o="0" />
		<t id="pinku" x="1705" y="1401" w="32" h="34" d="1758" o="0" />
		<t id="pinku" x="2119" y="1505" w="32" h="34" d="1973" o="0" />
		<t id="pinku" x="2723" y="1578" w="32" h="34" d="2057" o="0" />
		<t id="pinku" x="3318" y="1578" w="32" h="34" d="1786" o="0" />
		<t id="pinku" x="4170" y="1515" w="32" h="34" d="1814" o="0" />
		<t id="pinku" x="5079" y="1373" w="32" h="34" d="1894" o="0" />
		<t id="pinku" x="5611" y="1302" w="32" h="34" d="1936" o="0" />
		<t id="pinku" x="5620" y="1027" w="32" h="34" d="1920" o="0" />
		<t id="pinku" x="5959" y="1198" w="32" h="34" d="1842" o="0" />
		<t id="pinku" x="6496" y="879" w="32" h="34" d="1953" o="0" />
		<t id="pinku" x="659" y="1199" w="32" h="34" d="1774" o="0" />
		<t id="pinku" x="6881" y="1408" w="32" h="34" d="1830" o="0" />
		<t id="pinku" x="855" y="1402" w="32" h="34" d="1854" o="0" />
		<t id="pinkumom" x="5207" y="1373" w="96" h="95" d="1752" o="0" />
		<t id="pinkumom" x="6611" y="880" w="96" h="95" d="1947" o="0" />
		<t id="purpu" x="1218" y="1400" w="32" h="34" d="1870" o="0" />
		<t id="purpu" x="1788" y="1400" w="32" h="34" d="1882" o="0" />
		<t id="purpu" x="2329" y="1545" w="32" h="34" d="2029" o="0" />
		<t id="purpu" x="3184" y="1576" w="32" h="34" d="2009" o="0" />
		<t id="purpu" x="3685" y="1545" w="32" h="34" d="1802" o="0" />
		<t id="purpu" x="5161" y="1372" w="32" h="34" d="1902" o="0" />
		<t id="purpu" x="6058" y="1301" w="32" h="34" d="1910" o="0" />
		<t id="purpu" x="6569" y="878" w="32" h="34" d="1961" o="0" />
		<t id="purpu" x="6663" y="1505" w="32" h="34" d="1965" o="0" />
		<t id="purpu" x="7029" y="1404" w="32" h="34" d="1977" o="0" />
		<t id="purpu" x="796" y="1195" w="32" h="34" d="1993" o="0" />
		<t id="purpu" x="942" y="1401" w="32" h="34" d="1762" o="0" />
		<t id="s_b" x="2429" y="1650" w="121" h="105" d="1146" o="30" />
		<t id="s_b" x="2550" y="1650" w="121" h="105" d="1149" o="30" />
		<t id="s_b" x="3613" y="1650" w="121" h="105" d="1272" o="30" />
		<t id="s_b" x="3734" y="1650" w="121" h="105" d="1275" o="30" />
		<t id="s_b" x="7580" y="1650" w="121" h="105" d="1487" o="30" />
		<t id="s_b" x="7701" y="1650" w="121" h="105" d="1490" o="30" />
		<t id="s_b" x="7821" y="1650" w="121" h="105" d="1493" o="30" />
		<t id="s_b_l" x="482" y="1714" w="121" h="105" d="1174" o="30" />
		<t id="s_b_l_t" x="4778" y="1581" w="121" h="105" d="1345" o="30" />
		<t id="s_b_l_t" x="844" y="1610" w="121" h="105" d="1193" o="30" />
		<t id="s_b_r" x="5500" y="1685" w="121" h="105" d="1393" o="30" />
		<t id="s_b_r" x="7459" y="1650" w="121" h="105" d="1484" o="30" />
		<t id="s_b_r_t" x="2171" y="1610" w="121" h="105" d="1230" o="30" />
		<t id="s_b_s" x="121" y="1666" w="121" h="57" d="1165" o="30" />
		<t id="s_b_s" x="241" y="1666" w="121" h="57" d="1168" o="30" />
		<t id="s_b_s" x="361" y="1666" w="121" h="57" d="1171" o="30" />
		<t id="s_b_t" x="1086" y="1506" w="121" h="105" d="1199" o="30" />
		<t id="s_b_t" x="1207" y="1506" w="121" h="105" d="1202" o="30" />
		<t id="s_b_t" x="1326" y="1506" w="121" h="105" d="1557" o="30" />
		<t id="s_b_t" x="1447" y="1506" w="121" h="105" d="1560" o="30" />
		<t id="s_b_t" x="1566" y="1506" w="121" h="105" d="1571" o="30" />
		<t id="s_b_t" x="1687" y="1506" w="121" h="105" d="1574" o="30" />
		<t id="s_b_t" x="1808" y="1506" w="121" h="105" d="1205" o="30" />
		<t id="s_b_t" x="1929" y="1506" w="121" h="105" d="1208" o="30" />
		<t id="s_b_t" x="2050" y="1506" w="121" h="105" d="1156" o="30" />
		<t id="s_b_t" x="3965" y="1567" w="121" h="105" d="1284" o="30" />
		<t id="s_b_t" x="4197" y="1619" w="121" h="105" d="1301" o="30" />
		<t id="s_b_t" x="4657" y="1581" w="121" h="105" d="1331" o="30" />
		<t id="s_b_t" x="4899" y="1477" w="121" h="105" d="1342" o="200" />
		<t id="s_b_t" x="5019" y="1477" w="121" h="105" d="1365" o="200" />
		<t id="s_b_t" x="5139" y="1477" w="121" h="105" d="1372" o="200" />
		<t id="s_b_t" x="5259" y="1477" w="121" h="105" d="1379" o="200" />
		<t id="s_b_t" x="5379" y="1477" w="121" h="105" d="1386" o="200" />
		<t id="s_b_t" x="603" y="1610" w="121" h="105" d="1541" o="30" />
		<t id="s_b_t" x="723" y="1610" w="121" h="105" d="1536" o="30" />
		<t id="s_b_t" x="7339" y="1546" w="121" h="105" d="1470" o="30" />
		<t id="s_b_t" x="965" y="1506" w="121" h="105" d="1180" o="30" />
		<t id="s_l" x="2308" y="1650" w="22" h="104" d="1227" o="30" />
		<t id="s_l" x="3492" y="1650" w="22" h="104" d="1278" o="30" />
		<t id="s_l_t" x="3844" y="1567" w="22" h="104" d="1287" o="30" />
		<t id="s_l_t" x="4076" y="1619" w="22" h="104" d="1304" o="30" />
		<t id="s_l_t" x="4536" y="1581" w="22" h="104" d="1334" o="30" />
		<t id="s_l_t" x="4778" y="1477" w="22" h="104" d="1348" o="30" />
		<t id="s_l_t" x="482" y="1610" w="22" h="104" d="1177" o="30" />
		<t id="s_l_t" x="7218" y="1546" w="22" h="104" d="1473" o="30" />
		<t id="s_l_t" x="844" y="1506" w="22" h="104" d="1196" o="30" />
		<t id="s_l_t_s" x="3844" y="1671" w="23" h="104" d="1292" o="30" />
		<t id="s_l_t_s" x="4076" y="1723" w="23" h="104" d="1309" o="30" />
		<t id="s_l_t_s" x="4536" y="1685" w="23" h="104" d="1339" o="30" />
		<t id="s_l_t_s" x="7218" y="1650" w="23" h="104" d="1478" o="30" />
		<t id="s_r" x="2572" y="1650" w="23" h="104" d="1241" o="30" />
		<t id="s_r" x="3756" y="1650" w="23" h="104" d="1281" o="30" />
		<t id="s_r" x="5521" y="1685" w="23" h="104" d="1396" o="30" />
		<t id="s_r_s" x="5399" y="1581" w="23" h="104" d="1399" o="30" />
		<t id="s_r_t" x="2072" y="1506" w="23" h="104" d="1183" o="30" />
		<t id="s_r_t" x="2192" y="1610" w="23" h="104" d="1233" o="30" />
		<t id="s_r_t" x="3987" y="1567" w="23" h="104" d="1295" o="30" />
		<t id="s_r_t" x="4219" y="1619" w="23" h="104" d="1312" o="30" />
		<t id="s_r_t" x="5401" y="1477" w="23" h="104" d="1496" o="30" />
		<t id="s_r_t" x="7361" y="1546" w="23" h="104" d="1481" o="30" />
		<t id="s_r_t_s" x="2190" y="1714" w="23" h="104" d="1236" o="30" />
		<t id="s_r_t_s" x="3985" y="1671" w="23" h="104" d="1298" o="30" />
		<t id="s_r_t_s" x="4217" y="1723" w="23" h="104" d="1315" o="30" />
		<t id="s_rb" x="5934" y="1607" w="145" h="51" d="1086" o="30" />
		<t id="s_rb" x="6744" y="1559" w="145" h="51" d="1443" o="30" />
		<t id="s_rb" x="6822" y="1094" w="145" h="51" d="1606" o="30" />
		<t id="s_rb_s" x="152" y="1309" w="65" h="38" d="1190" o="30" />
		<t id="s_rb_s" x="5688" y="1568" w="65" h="38" d="1402" o="30" />
		<t id="s_rb_s" x="5929" y="1461" w="65" h="38" d="1420" o="30" />
		<t id="s_rb_s" x="6068" y="1553" w="65" h="38" d="1417" o="30" />
		<t id="s_rb_s" x="6295" y="1368" w="65" h="38" d="1431" o="30" />
		<t id="s_rb_s" x="6454" y="1406" w="65" h="38" d="1434" o="30" />
		<t id="s_rb_s" x="6633" y="1428" w="65" h="38" d="1437" o="30" />
		<t id="s_rb_s" x="6773" y="1386" w="65" h="38" d="1440" o="30" />
		<t id="s_st" x="1030" y="1403" w="75" h="37" d="1546" o="30" />
		<t id="s_st" x="1409" y="1403" w="75" h="37" d="1585" o="30" />
		<t id="s_st" x="1482" y="1403" w="75" h="37" d="1623" o="30" />
		<t id="s_st" x="1945" y="1403" w="75" h="37" d="1588" o="30" />
		<t id="s_st" x="2439" y="1547" w="75" h="37" d="1591" o="30" />
		<t id="s_st" x="3958" y="1464" w="75" h="37" d="1626" o="30" />
		<t id="s_st" x="4883" y="1374" w="75" h="37" d="1597" o="200" />
		<t id="s_st" x="5345" y="1374" w="75" h="37" d="1594" o="200" />
		<t id="s_st" x="5623" y="1095" w="75" h="37" d="1603" o="30" />
		<t id="s_st" x="5697" y="1095" w="75" h="37" d="1029" o="30" />
		<t id="s_st" x="5798" y="1303" w="75" h="37" d="1600" o="30" />
		<t id="s_st" x="6296" y="881" w="75" h="37" d="1612" o="200" />
		<t id="s_st" x="6756" y="881" w="75" h="37" d="1609" o="200" />
		<t id="s_st" x="7719" y="306" w="75" h="37" d="1944" o="30" />
		<t id="s_st2" x="1444" y="1404" w="70" h="37" d="1020" o="30" />
		<t id="s_st2" x="1449" y="1370" w="70" h="37" d="1032" o="30" />
		<t id="s_st2" x="5653" y="1064" w="70" h="37" d="1026" o="30" />
		<t id="s_st2" x="5655" y="1094" w="70" h="37" d="1023" o="30" />
		<t id="t1_b" x="1086" y="1610" w="121" h="104" d="1213" o="" />
		<t id="t1_b" x="1207" y="1610" w="121" h="104" d="1215" o="" />
		<t id="t1_b" x="1326" y="1610" w="121" h="104" d="1563" o="" />
		<t id="t1_b" x="1447" y="1610" w="121" h="104" d="1565" o="" />
		<t id="t1_b" x="1566" y="1610" w="121" h="104" d="1577" o="" />
		<t id="t1_b" x="1687" y="1610" w="121" h="104" d="1579" o="" />
		<t id="t1_b" x="1808" y="1610" w="121" h="104" d="1217" o="" />
		<t id="t1_b" x="188" y="1403" w="121" h="104" d="754" o="" />
		<t id="t1_b" x="188" y="1507" w="121" h="104" d="748" o="" />
		<t id="t1_b" x="1929" y="1610" w="121" h="104" d="1219" o="" />
		<t id="t1_b" x="2050" y="1610" w="121" h="104" d="1159" o="" />
		<t id="t1_b" x="309" y="1403" w="121" h="104" d="750" o="" />
		<t id="t1_b" x="309" y="1507" w="121" h="104" d="739" o="" />
		<t id="t1_b" x="4899" y="1581" w="121" h="104" d="1351" o="" />
		<t id="t1_b" x="5019" y="1581" w="121" h="104" d="1368" o="" />
		<t id="t1_b" x="5139" y="1581" w="121" h="104" d="1375" o="" />
		<t id="t1_b" x="5259" y="1581" w="121" h="104" d="1382" o="" />
		<t id="t1_b" x="5379" y="1581" w="121" h="104" d="1389" o="" />
		<t id="t1_b" x="5622" y="1510" w="121" h="104" d="722" o="" />
		<t id="t1_b" x="5742" y="1510" w="121" h="104" d="715" o="" />
		<t id="t1_b" x="5862" y="1510" w="121" h="104" d="727" o="" />
		<t id="t1_b" x="5982" y="1510" w="121" h="104" d="821" o="" />
		<t id="t1_b" x="6102" y="1510" w="121" h="104" d="698" o="" />
		<t id="t1_b" x="611" y="1407" w="121" h="104" d="952" o="" />
		<t id="t1_b" x="6316" y="1088" w="121" h="104" d="650" o="" />
		<t id="t1_b" x="6316" y="1192" w="121" h="104" d="864" o="" />
		<t id="t1_b" x="6316" y="1296" w="121" h="104" d="664" o="" />
		<t id="t1_b" x="6316" y="1399" w="121" h="104" d="908" o="" />
		<t id="t1_b" x="6316" y="1503" w="121" h="104" d="894" o="" />
		<t id="t1_b" x="6436" y="1088" w="121" h="104" d="646" o="" />
		<t id="t1_b" x="6436" y="1192" w="121" h="104" d="857" o="" />
		<t id="t1_b" x="6436" y="1296" w="121" h="104" d="660" o="" />
		<t id="t1_b" x="6436" y="1399" w="121" h="104" d="904" o="" />
		<t id="t1_b" x="6436" y="1503" w="121" h="104" d="890" o="" />
		<t id="t1_b" x="6556" y="1088" w="121" h="104" d="652" o="" />
		<t id="t1_b" x="6556" y="1192" w="121" h="104" d="869" o="" />
		<t id="t1_b" x="6556" y="1296" w="121" h="104" d="666" o="" />
		<t id="t1_b" x="6556" y="1399" w="121" h="104" d="910" o="" />
		<t id="t1_b" x="6556" y="1503" w="121" h="104" d="896" o="" />
		<t id="t1_b" x="6676" y="1088" w="121" h="104" d="654" o="" />
		<t id="t1_b" x="6676" y="1192" w="121" h="104" d="882" o="" />
		<t id="t1_b" x="6676" y="1296" w="121" h="104" d="668" o="" />
		<t id="t1_b" x="6676" y="1399" w="121" h="104" d="912" o="" />
		<t id="t1_b" x="6676" y="1503" w="121" h="104" d="898" o="" />
		<t id="t1_b" x="6796" y="1088" w="121" h="104" d="642" o="" />
		<t id="t1_b" x="6796" y="1192" w="121" h="104" d="840" o="" />
		<t id="t1_b" x="6796" y="1296" w="121" h="104" d="656" o="" />
		<t id="t1_b" x="6796" y="1399" w="121" h="104" d="900" o="" />
		<t id="t1_b" x="6796" y="1503" w="121" h="104" d="886" o="" />
		<t id="t1_b" x="68" y="1403" w="121" h="104" d="763" o="" />
		<t id="t1_b" x="68" y="1507" w="121" h="104" d="761" o="" />
		<t id="t1_b" x="731" y="1407" w="121" h="104" d="942" o="" />
		<t id="t1_b" x="851" y="1407" w="121" h="104" d="957" o="" />
		<t id="t1_b" x="965" y="1610" w="121" h="104" d="1211" o="" />
		<t id="t2_b" x="1086" y="1714" w="121" h="104" d="1225" o="" />
		<t id="t2_b" x="1207" y="1714" w="121" h="104" d="1555" o="" />
		<t id="t2_b" x="1326" y="1714" w="121" h="104" d="1567" o="" />
		<t id="t2_b" x="1447" y="1714" w="121" h="104" d="1569" o="" />
		<t id="t2_b" x="1566" y="1714" w="121" h="104" d="1581" o="" />
		<t id="t2_b" x="1687" y="1714" w="121" h="104" d="1583" o="" />
		<t id="t2_b" x="1808" y="1713" w="121" h="104" d="1617" o="" />
		<t id="t2_b" x="188" y="1611" w="121" h="104" d="743" o="" />
		<t id="t2_b" x="1929" y="1713" w="121" h="104" d="1501" o="" />
		<t id="t2_b" x="2050" y="1713" w="121" h="104" d="1499" o="" />
		<t id="t2_b" x="2170" y="1713" w="121" h="104" d="1239" o="" />
		<t id="t2_b" x="2884" y="1634" w="121" h="104" d="783" o="" />
		<t id="t2_b" x="3004" y="1634" w="121" h="104" d="776" o="" />
		<t id="t2_b" x="309" y="1611" w="121" h="104" d="729" o="" />
		<t id="t2_b" x="3124" y="1634" w="121" h="104" d="788" o="" />
		<t id="t2_b" x="3965" y="1671" w="121" h="104" d="1290" o="" />
		<t id="t2_b" x="4197" y="1723" w="121" h="104" d="1307" o="" />
		<t id="t2_b" x="44" y="1590" w="121" h="104" d="992" o="" />
		<t id="t2_b" x="4657" y="1685" w="121" h="104" d="1337" o="" />
		<t id="t2_b" x="4731" y="1485" w="121" h="104" d="808" o="" />
		<t id="t2_b" x="4778" y="1685" w="121" h="104" d="1361" o="" />
		<t id="t2_b" x="4851" y="1485" w="121" h="104" d="801" o="" />
		<t id="t2_b" x="4899" y="1685" w="121" h="104" d="1363" o="" />
		<t id="t2_b" x="5019" y="1685" w="121" h="104" d="1370" o="" />
		<t id="t2_b" x="5139" y="1685" w="121" h="104" d="1377" o="" />
		<t id="t2_b" x="5259" y="1685" w="121" h="104" d="1384" o="" />
		<t id="t2_b" x="5379" y="1685" w="121" h="104" d="1391" o="" />
		<t id="t2_b" x="5622" y="1614" w="121" h="104" d="814" o="" />
		<t id="t2_b" x="5680" y="1302" w="121" h="104" d="691" o="" />
		<t id="t2_b" x="5742" y="1614" w="121" h="104" d="810" o="" />
		<t id="t2_b" x="5800" y="1302" w="121" h="104" d="670" o="" />
		<t id="t2_b" x="5862" y="1614" w="121" h="104" d="816" o="" />
		<t id="t2_b" x="5921" y="1302" w="121" h="104" d="689" o="" />
		<t id="t2_b" x="5982" y="1614" w="121" h="104" d="823" o="" />
		<t id="t2_b" x="603" y="1714" w="121" h="104" d="1544" o="" />
		<t id="t2_b" x="6102" y="1614" w="121" h="104" d="705" o="" />
		<t id="t2_b" x="611" y="1510" w="121" h="104" d="961" o="" />
		<t id="t2_b" x="6316" y="1607" w="121" h="104" d="875" o="" />
		<t id="t2_b" x="6436" y="1607" w="121" h="104" d="871" o="" />
		<t id="t2_b" x="6556" y="1607" w="121" h="104" d="877" o="" />
		<t id="t2_b" x="6676" y="1607" w="121" h="104" d="884" o="" />
		<t id="t2_b" x="6796" y="1607" w="121" h="104" d="847" o="" />
		<t id="t2_b" x="68" y="1611" w="121" h="104" d="756" o="" />
		<t id="t2_b" x="6977" y="1614" w="121" h="104" d="932" o="" />
		<t id="t2_b" x="7097" y="1614" w="121" h="104" d="928" o="" />
		<t id="t2_b" x="723" y="1714" w="121" h="104" d="1539" o="" />
		<t id="t2_b" x="732" y="1510" w="121" h="104" d="963" o="" />
		<t id="t2_b" x="7339" y="1649" w="121" h="104" d="1476" o="" />
		<t id="t2_b" x="844" y="1714" w="121" h="104" d="1221" o="" />
		<t id="t2_b" x="852" y="1510" w="121" h="104" d="965" o="" />
		<t id="t2_b" x="965" y="1714" w="121" h="104" d="1223" o="" />
		<t id="w" x="2297" y="1654" w="120" h="54" d="1152" o="30" />
		<t id="w" x="2688" y="1654" w="120" h="54" d="1142" o="30" />
		<t id="w" x="2808" y="1654" w="120" h="54" d="1244" o="30" />
		<t id="w" x="2928" y="1654" w="120" h="54" d="1248" o="30" />
		<t id="w" x="3048" y="1654" w="120" h="54" d="1252" o="30" />
		<t id="w" x="3168" y="1654" w="120" h="54" d="1256" o="30" />
		<t id="w" x="3288" y="1654" w="120" h="54" d="1260" o="30" />
		<t id="w" x="3408" y="1654" w="120" h="54" d="1264" o="30" />
		<t id="w" x="3528" y="1654" w="120" h="54" d="1268" o="30" />
		<t id="w" x="3848" y="1654" w="120" h="54" d="1123" o="30" />
		<t id="w" x="4078" y="1654" w="120" h="54" d="1119" o="30" />
		<t id="w" x="4327" y="1654" w="120" h="54" d="1115" o="30" />
		<t id="w" x="4447" y="1654" w="120" h="54" d="1318" o="30" />
		<t id="w" x="4567" y="1654" w="120" h="54" d="1322" o="30" />
		<t id="w" x="5637" y="1654" w="120" h="54" d="1089" o="30" />
		<t id="w" x="5757" y="1654" w="120" h="54" d="1093" o="30" />
		<t id="w" x="5877" y="1654" w="120" h="54" d="1097" o="30" />
		<t id="w" x="5997" y="1654" w="120" h="54" d="1405" o="30" />
		<t id="w" x="6117" y="1654" w="120" h="54" d="1409" o="30" />
		<t id="w" x="6237" y="1654" w="120" h="54" d="1413" o="30" />
		<t id="w" x="6357" y="1654" w="120" h="54" d="1423" o="30" />
		<t id="w" x="6477" y="1654" w="120" h="54" d="1427" o="30" />
		<t id="w" x="6597" y="1654" w="120" h="54" d="1446" o="30" />
		<t id="w" x="6717" y="1654" w="120" h="54" d="1450" o="30" />
		<t id="w" x="6837" y="1654" w="120" h="54" d="1454" o="30" />
		<t id="w" x="6957" y="1654" w="120" h="54" d="1458" o="30" />
		<t id="w" x="7077" y="1654" w="120" h="54" d="1462" o="30" />
		<t id="w" x="7197" y="1654" w="120" h="54" d="1466" o="30" /> 
	</layer>
</level>
