<?xml version="1.0" encoding="UTF-8"?>
<level background="bluemountains" music="track03b" effects="mountains" sx="173" sy="1387" d="2121">
	<layer name="base" source="mountains.swf" x="0" y="0" width="6255" height="1432">
		<t id="" x="2823" y="1272" w="59" h="17" d="1318" o="" />
		<t id="b1_b_e_l" x="1055" y="1230" w="28" h="78" d="649" o="30" />
		<t id="b1_b_e_l" x="1789" y="1284" w="28" h="78" d="774" o="30" />
		<t id="b1_b_e_l" x="2143" y="1048" w="28" h="78" d="733" o="30" />
		<t id="b1_b_e_l" x="3801" y="1209" w="28" h="78" d="810" o="30" />
		<t id="b1_b_e_l" x="4144" y="662" w="28" h="78" d="859" o="30" />
		<t id="b1_b_e_l" x="4365" y="1087" w="28" h="78" d="886" o="30" />
		<t id="b1_b_e_l" x="4659" y="556" w="28" h="78" d="939" o="30" />
		<t id="b1_b_e_l" x="654" y="1303" w="28" h="78" d="631" o="30" />
		<t id="b1_b_e_r" x="1320" y="1202" w="28" h="106" d="652" o="30" />
		<t id="b1_b_e_r" x="1935" y="1339" w="28" h="106" d="777" o="30" />
		<t id="b1_b_e_r" x="2884" y="1242" w="28" h="106" d="736" o="30" />
		<t id="b1_b_e_r" x="4066" y="1181" w="28" h="106" d="813" o="30" />
		<t id="b1_b_e_r" x="4290" y="717" w="28" h="106" d="862" o="30" />
		<t id="b1_b_e_r" x="4511" y="1087" w="28" h="106" d="889" o="30" />
		<t id="b1_b_e_r" x="4805" y="556" w="28" h="106" d="942" o="30" />
		<t id="b1_b_e_r" x="800" y="1358" w="28" h="106" d="634" o="30" />
		<t id="b1_b_l" x="1174" y="1230" w="127" h="105" d="643" o="30" />
		<t id="b1_b_l" x="1293" y="1202" w="127" h="105" d="646" o="30" />
		<t id="b1_b_l" x="3920" y="1209" w="127" h="105" d="804" o="30" />
		<t id="b1_b_l" x="4039" y="1181" w="127" h="105" d="807" o="30" />
		<t id="b1_b_l" x="4484" y="1087" w="127" h="105" d="883" o="30" />
		<t id="b1_b_l" x="4778" y="556" w="127" h="105" d="936" o="30" />
		<t id="b1_b_r" x="1908" y="1311" w="127" h="105" d="769" o="30" />
		<t id="b1_b_r" x="2262" y="1075" w="127" h="105" d="708" o="30" />
		<t id="b1_b_r" x="2381" y="1103" w="127" h="105" d="705" o="30" />
		<t id="b1_b_r" x="2500" y="1130" w="127" h="105" d="702" o="30" />
		<t id="b1_b_r" x="2619" y="1158" w="127" h="105" d="699" o="30" />
		<t id="b1_b_r" x="2738" y="1186" w="127" h="105" d="693" o="30" />
		<t id="b1_b_r" x="2857" y="1214" w="127" h="105" d="696" o="30" />
		<t id="b1_b_r" x="4263" y="689" w="127" h="105" d="854" o="30" />
		<t id="b1_b_r" x="773" y="1330" w="127" h="105" d="626" o="30" />
		<t id="b1_t_e_l" x="1055" y="1334" w="27" h="104" d="659" o="30" />
		<t id="b1_t_e_l" x="1530" y="1298" w="27" h="104" d="685" o="30" />
		<t id="b1_t_e_l" x="1657" y="1341" w="27" h="104" d="765" o="30" />
		<t id="b1_t_e_l" x="2143" y="1152" w="27" h="104" d="739" o="30" />
		<t id="b1_t_e_l" x="2143" y="1256" w="27" h="104" d="741" o="30" />
		<t id="b1_t_e_l" x="2144" y="1287" w="27" h="104" d="689" o="30" />
		<t id="b1_t_e_l" x="3006" y="1298" w="27" h="104" d="798" o="30" />
		<t id="b1_t_e_l" x="3801" y="1313" w="27" h="104" d="820" o="30" />
		<t id="b1_t_e_l" x="4144" y="1078" w="27" h="104" d="844" o="30" />
		<t id="b1_t_e_l" x="4144" y="1182" w="27" h="104" d="838" o="30" />
		<t id="b1_t_e_l" x="4144" y="1286" w="27" h="104" d="832" o="30" />
		<t id="b1_t_e_l" x="4144" y="766" w="27" h="104" d="877" o="30" />
		<t id="b1_t_e_l" x="4144" y="870" w="27" h="104" d="871" o="30" />
		<t id="b1_t_e_l" x="4144" y="974" w="27" h="104" d="865" o="30" />
		<t id="b1_t_e_l" x="4365" y="1191" w="27" h="104" d="894" o="30" />
		<t id="b1_t_e_l" x="4365" y="1295" w="27" h="104" d="904" o="30" />
		<t id="b1_t_e_l" x="4659" y="1076" w="27" h="104" d="971" o="30" />
		<t id="b1_t_e_l" x="4659" y="1180" w="27" h="104" d="977" o="30" />
		<t id="b1_t_e_l" x="4659" y="1284" w="27" h="104" d="926" o="30" />
		<t id="b1_t_e_l" x="4659" y="660" w="27" h="104" d="947" o="30" />
		<t id="b1_t_e_l" x="4659" y="764" w="27" h="104" d="953" o="30" />
		<t id="b1_t_e_l" x="4659" y="868" w="27" h="104" d="959" o="30" />
		<t id="b1_t_e_l" x="4659" y="972" w="27" h="104" d="965" o="30" />
		<t id="b1_t_e_l" x="5602" y="885" w="27" h="104" d="1013" o="30" />
		<t id="b1_t_e_r" x="1320" y="1305" w="27" h="104" d="661" o="30" />
		<t id="b1_t_e_r" x="1557" y="1325" w="27" h="104" d="687" o="30" />
		<t id="b1_t_e_r" x="1684" y="1368" w="27" h="104" d="767" o="30" />
		<t id="b1_t_e_r" x="2884" y="1346" w="27" h="104" d="753" o="30" />
		<t id="b1_t_e_r" x="3033" y="1325" w="27" h="104" d="800" o="30" />
		<t id="b1_t_e_r" x="4066" y="1284" w="27" h="104" d="822" o="30" />
		<t id="b1_t_e_r" x="4290" y="1029" w="27" h="104" d="867" o="30" />
		<t id="b1_t_e_r" x="4290" y="1133" w="27" h="104" d="846" o="30" />
		<t id="b1_t_e_r" x="4290" y="1237" w="27" h="104" d="840" o="30" />
		<t id="b1_t_e_r" x="4290" y="1341" w="27" h="104" d="834" o="30" />
		<t id="b1_t_e_r" x="4290" y="821" w="27" h="104" d="879" o="30" />
		<t id="b1_t_e_r" x="4290" y="925" w="27" h="104" d="873" o="30" />
		<t id="b1_t_e_r" x="4511" y="1191" w="27" h="104" d="896" o="30" />
		<t id="b1_t_e_r" x="4511" y="1295" w="27" h="104" d="906" o="30" />
		<t id="b1_t_e_r" x="4805" y="1076" w="27" h="104" d="973" o="30" />
		<t id="b1_t_e_r" x="4805" y="1180" w="27" h="104" d="979" o="30" />
		<t id="b1_t_e_r" x="4805" y="1284" w="27" h="104" d="928" o="30" />
		<t id="b1_t_e_r" x="4805" y="660" w="27" h="104" d="949" o="30" />
		<t id="b1_t_e_r" x="4805" y="764" w="27" h="104" d="955" o="30" />
		<t id="b1_t_e_r" x="4805" y="868" w="27" h="104" d="961" o="30" />
		<t id="b1_t_e_r" x="4805" y="972" w="27" h="104" d="967" o="30" />
		<t id="b1_t_e_r" x="5629" y="912" w="27" h="104" d="1015" o="30" />
		<t id="b1_t_l" x="1174" y="1334" w="119" h="104" d="655" o="30" />
		<t id="b1_t_l" x="1293" y="1305" w="119" h="104" d="657" o="30" />
		<t id="b1_t_l" x="3920" y="1313" w="119" h="104" d="816" o="30" />
		<t id="b1_t_l" x="4039" y="1284" w="119" h="104" d="818" o="30" />
		<t id="b1_t_l" x="4484" y="1191" w="119" h="104" d="892" o="30" />
		<t id="b1_t_l" x="4484" y="1295" w="119" h="104" d="902" o="30" />
		<t id="b1_t_l" x="4778" y="1076" w="119" h="104" d="969" o="30" />
		<t id="b1_t_l" x="4778" y="1180" w="119" h="104" d="975" o="30" />
		<t id="b1_t_l" x="4778" y="1284" w="119" h="104" d="924" o="30" />
		<t id="b1_t_l" x="4778" y="660" w="119" h="104" d="945" o="30" />
		<t id="b1_t_l" x="4778" y="764" w="119" h="104" d="951" o="30" />
		<t id="b1_t_l" x="4778" y="868" w="119" h="104" d="957" o="30" />
		<t id="b1_t_l" x="4778" y="972" w="119" h="104" d="963" o="30" />
		<t id="b1_t_r" x="2262" y="1179" w="119" h="104" d="719" o="30" />
		<t id="b1_t_r" x="2262" y="1283" w="119" h="104" d="721" o="30" />
		<t id="b1_t_r" x="2381" y="1207" w="119" h="104" d="711" o="30" />
		<t id="b1_t_r" x="2381" y="1311" w="119" h="104" d="723" o="30" />
		<t id="b1_t_r" x="2500" y="1234" w="119" h="104" d="713" o="30" />
		<t id="b1_t_r" x="2500" y="1338" w="119" h="104" d="725" o="30" />
		<t id="b1_t_r" x="2619" y="1262" w="119" h="104" d="715" o="30" />
		<t id="b1_t_r" x="2619" y="1366" w="119" h="104" d="727" o="30" />
		<t id="b1_t_r" x="2738" y="1290" w="119" h="104" d="691" o="30" />
		<t id="b1_t_r" x="2738" y="1394" w="119" h="104" d="729" o="30" />
		<t id="b1_t_r" x="2857" y="1318" w="119" h="104" d="717" o="30" />
		<t id="b1_t_r" x="2857" y="1422" w="119" h="104" d="731" o="30" />
		<t id="b1_t_r" x="4263" y="1000" w="119" h="104" d="857" o="30" />
		<t id="b1_t_r" x="4263" y="1104" w="119" h="104" d="842" o="30" />
		<t id="b1_t_r" x="4263" y="1208" w="119" h="104" d="836" o="30" />
		<t id="b1_t_r" x="4263" y="1312" w="119" h="104" d="830" o="30" />
		<t id="b1_t_r" x="4263" y="792" w="119" h="104" d="875" o="30" />
		<t id="b1_t_r" x="4263" y="896" w="119" h="104" d="869" o="30" />
		<t id="b2_b_e_l" x="373" y="1386" w="28" h="78" d="620" o="30" />
		<t id="b2_b_e_r" x="519" y="1386" w="28" h="106" d="623" o="30" />
		<t id="b2_b_l" x="492" y="1386" w="127" h="105" d="617" o="30" />
		<t id="b2_t_e_l" x="1056" y="1438" w="27" h="104" d="641" o="30" />
		<t id="b2_t_e_l" x="1530" y="1402" w="27" h="104" d="681" o="30" />
		<t id="b2_t_e_l" x="1657" y="1445" w="27" h="104" d="761" o="30" />
		<t id="b2_t_e_l" x="1789" y="1388" w="27" h="104" d="780" o="30" />
		<t id="b2_t_e_l" x="2143" y="1387" w="27" h="104" d="751" o="30" />
		<t id="b2_t_e_l" x="3006" y="1402" w="27" h="104" d="794" o="30" />
		<t id="b2_t_e_l" x="3458" y="1418" w="27" h="104" d="912" o="30" />
		<t id="b2_t_e_l" x="3548" y="1485" w="27" h="104" d="920" o="30" />
		<t id="b2_t_e_l" x="3802" y="1417" w="27" h="104" d="802" o="30" />
		<t id="b2_t_e_l" x="4144" y="1390" w="27" h="104" d="850" o="30" />
		<t id="b2_t_e_l" x="4366" y="1399" w="27" h="104" d="881" o="30" />
		<t id="b2_t_e_l" x="4660" y="1388" w="27" h="104" d="930" o="30" />
		<t id="b2_t_e_l" x="5252" y="1443" w="27" h="104" d="985" o="30" />
		<t id="b2_t_e_l" x="5496" y="974" w="27" h="104" d="1001" o="30" />
		<t id="b2_t_e_l" x="5602" y="989" w="27" h="104" d="1009" o="30" />
		<t id="b2_t_e_l" x="5656" y="1069" w="27" h="104" d="993" o="30" />
		<t id="b2_t_e_l" x="654" y="1407" w="27" h="104" d="637" o="30" />
		<t id="b2_t_e_l" x="915" y="1395" w="27" h="104" d="673" o="30" />
		<t id="b2_t_e_r" x="1319" y="1409" w="27" h="104" d="667" o="30" />
		<t id="b2_t_e_r" x="1557" y="1429" w="27" h="104" d="683" o="30" />
		<t id="b2_t_e_r" x="1684" y="1472" w="27" h="104" d="763" o="30" />
		<t id="b2_t_e_r" x="1935" y="1443" w="27" h="104" d="782" o="30" />
		<t id="b2_t_e_r" x="2884" y="1450" w="27" h="104" d="755" o="30" />
		<t id="b2_t_e_r" x="3033" y="1429" w="27" h="104" d="796" o="30" />
		<t id="b2_t_e_r" x="3485" y="1445" w="27" h="104" d="914" o="30" />
		<t id="b2_t_e_r" x="3575" y="1512" w="27" h="104" d="922" o="30" />
		<t id="b2_t_e_r" x="4065" y="1388" w="27" h="104" d="828" o="30" />
		<t id="b2_t_e_r" x="4290" y="1445" w="27" h="104" d="852" o="30" />
		<t id="b2_t_e_r" x="4511" y="1399" w="27" h="104" d="900" o="30" />
		<t id="b2_t_e_r" x="4805" y="1388" w="27" h="104" d="934" o="30" />
		<t id="b2_t_e_r" x="5279" y="1470" w="27" h="104" d="987" o="30" />
		<t id="b2_t_e_r" x="5523" y="1001" w="27" h="104" d="1003" o="30" />
		<t id="b2_t_e_r" x="5629" y="1016" w="27" h="104" d="1011" o="30" />
		<t id="b2_t_e_r" x="5683" y="1096" w="27" h="104" d="995" o="30" />
		<t id="b2_t_e_r" x="800" y="1462" w="27" h="104" d="639" o="30" />
		<t id="b2_t_e_r" x="942" y="1422" w="27" h="104" d="675" o="30" />
		<t id="b2_t_l" x="1174" y="1438" w="119" h="104" d="665" o="30" />
		<t id="b2_t_l" x="1293" y="1409" w="119" h="104" d="663" o="30" />
		<t id="b2_t_l" x="3920" y="1417" w="119" h="104" d="826" o="30" />
		<t id="b2_t_l" x="4039" y="1388" w="119" h="104" d="824" o="30" />
		<t id="b2_t_l" x="4484" y="1399" w="119" h="104" d="898" o="30" />
		<t id="b2_t_l" x="4778" y="1388" w="119" h="104" d="932" o="30" />
		<t id="b2_t_r" x="1908" y="1414" w="119" h="104" d="772" o="30" />
		<t id="b2_t_r" x="2262" y="1387" w="119" h="104" d="743" o="30" />
		<t id="b2_t_r" x="2381" y="1415" w="119" h="104" d="745" o="30" />
		<t id="b2_t_r" x="2500" y="1442" w="119" h="104" d="747" o="30" />
		<t id="b2_t_r" x="2619" y="1470" w="119" h="104" d="749" o="30" />
		<t id="b2_t_r" x="4263" y="1416" w="119" h="104" d="848" o="30" />
		<t id="b2_t_r" x="773" y="1433" w="119" h="104" d="629" o="30" />
		<t id="b_s" x="1557" y="1221" w="54" h="105" d="677" o="30" />
		<t id="b_s" x="1684" y="1264" w="54" h="105" d="757" o="30" />
		<t id="b_s" x="3033" y="1221" w="54" h="105" d="790" o="30" />
		<t id="b_s" x="3485" y="1341" w="54" h="105" d="908" o="30" />
		<t id="b_s" x="3575" y="1408" w="54" h="105" d="916" o="30" />
		<t id="b_s" x="5279" y="1366" w="54" h="105" d="981" o="30" />
		<t id="b_s" x="5523" y="897" w="54" h="105" d="997" o="30" />
		<t id="b_s" x="5629" y="808" w="54" h="105" d="1005" o="30" />
		<t id="b_s" x="5683" y="992" w="54" h="105" d="989" o="30" />
		<t id="b_s" x="942" y="1318" w="54" h="105" d="669" o="30" />
		<t id="be" x="1033" y="1159" w="42" h="95" d="1553" o="100" />
		<t id="be" x="1325" y="1099" w="42" h="95" d="1555" o="100" />
		<t id="be" x="1447" y="1385" w="42" h="95" d="1561" o="100" />
		<t id="be" x="1778" y="1208" w="42" h="95" d="1575" o="100" />
		<t id="be" x="1917" y="1385" w="42" h="95" d="1753" o="100" />
		<t id="be" x="1949" y="1254" w="42" h="95" d="1681" o="100" />
		<t id="be" x="2077" y="1385" w="42" h="95" d="1751" o="100" />
		<t id="be" x="2263" y="1222" w="42" h="95" d="1573" o="100" />
		<t id="be" x="2397" y="1385" w="42" h="95" d="1567" o="100" />
		<t id="be" x="2421" y="1035" w="42" h="95" d="1703" o="100" />
		<t id="be" x="2433" y="1225" w="42" h="95" d="1581" o="100" />
		<t id="be" x="2507" y="1286" w="42" h="95" d="1737" o="100" />
		<t id="be" x="2607" y="1286" w="42" h="95" d="1739" o="100" />
		<t id="be" x="2738" y="1123" w="42" h="95" d="1587" o="100" />
		<t id="be" x="2877" y="1385" w="42" h="95" d="1745" o="100" />
		<t id="be" x="3101" y="1181" w="42" h="95" d="1787" o="100" />
		<t id="be" x="3381" y="1181" w="42" h="95" d="1589" o="100" />
		<t id="be" x="357" y="1326" w="42" h="95" d="1659" o="100" />
		<t id="be" x="3945" y="1126" w="42" h="95" d="2049" o="100" />
		<t id="be" x="4073" y="1088" w="42" h="95" d="1849" o="100" />
		<t id="be" x="4136" y="591" w="42" h="95" d="1901" o="100" />
		<t id="be" x="4298" y="630" w="42" h="95" d="1903" o="100" />
		<t id="be" x="4331" y="1385" w="42" h="95" d="1627" o="100" />
		<t id="be" x="4356" y="1015" w="42" h="95" d="1855" o="100" />
		<t id="be" x="4386" y="1195" w="42" h="95" d="1861" o="100" />
		<t id="be" x="4496" y="985" w="42" h="95" d="1857" o="100" />
		<t id="be" x="4546" y="1195" w="42" h="95" d="1859" o="100" />
		<t id="be" x="4651" y="486" w="42" h="95" d="1957" o="100" />
		<t id="be" x="4679" y="613" w="42" h="95" d="1977" o="100" />
		<t id="be" x="4690" y="1385" w="42" h="95" d="1899" o="100" />
		<t id="be" x="4803" y="460" w="42" h="95" d="1959" o="100" />
		<t id="be" x="4827" y="609" w="42" h="95" d="1979" o="100" />
		<t id="be" x="527" y="1286" w="42" h="95" d="1657" o="100" />
		<t id="be" x="527" y="1386" w="42" h="95" d="1537" o="100" />
		<t id="be" x="5290" y="971" w="42" h="95" d="2115" o="100" />
		<t id="be" x="644" y="1229" w="42" h="95" d="1663" o="100" />
		<t id="be" x="804" y="1259" w="42" h="95" d="1661" o="100" />
		<t id="be" x="967" y="1386" w="42" h="95" d="1539" o="100" />
		<t id="bh" x="22" y="1377" w="105" h="309" d="1049" o="" />
		<t id="bh" x="6321" y="774" w="105" h="309" d="1229" o="" />
		<t id="c" x="1323" y="1183" w="23" h="24" d="1408" o="" />
		<t id="c" x="1365" y="1136" w="23" h="24" d="1412" o="" />
		<t id="c" x="1779" y="976" w="23" h="24" d="1485" o="" />
		<t id="c" x="1819" y="1029" w="23" h="24" d="1489" o="" />
		<t id="c" x="2209" y="1146" w="23" h="24" d="1477" o="" />
		<t id="c" x="2251" y="1099" w="23" h="24" d="1481" o="" />
		<t id="c" x="3875" y="1035" w="23" h="24" d="1416" o="" />
		<t id="c" x="3915" y="988" w="23" h="24" d="1420" o="" />
		<t id="c" x="4232" y="1133" w="23" h="24" d="1428" o="" />
		<t id="c" x="4276" y="1180" w="23" h="24" d="1424" o="" />
		<t id="c" x="4456" y="1101" w="23" h="24" d="1493" o="" />
		<t id="c" x="4506" y="1054" w="23" h="24" d="1497" o="" />
		<t id="c" x="4659" y="678" w="23" h="24" d="1517" o="" />
		<t id="c" x="4690" y="896" w="23" h="24" d="1521" o="" />
		<t id="c" x="4703" y="725" w="23" h="24" d="1513" o="" />
		<t id="c" x="4740" y="849" w="23" h="24" d="1525" o="" />
		<t id="c" x="4827" y="353" w="23" h="24" d="1509" o="" />
		<t id="c" x="4871" y="400" w="23" h="24" d="1505" o="" />
		<t id="c" x="5060" y="1136" w="23" h="24" d="1529" o="" />
		<t id="c" x="5110" y="1089" w="23" h="24" d="1533" o="" />
		<t id="c" x="536" y="1184" w="23" h="24" d="1400" o="" />
		<t id="c" x="5575" y="760" w="23" h="24" d="1469" o="" />
		<t id="c" x="5625" y="807" w="23" h="24" d="1465" o="" />
		<t id="c" x="576" y="1137" w="23" h="24" d="1404" o="" />
		<t id="d_is1" x="1705" y="1386" w="10" h="6" d="1241" o="" />
		<t id="d_is1" x="1855" y="1386" w="10" h="6" d="1243" o="" />
		<t id="d_is1" x="2795" y="1386" w="10" h="6" d="1249" o="" />
		<t id="d_is1" x="4056" y="1386" w="10" h="6" d="1308" o="" />
		<t id="d_is1" x="4186" y="1386" w="10" h="6" d="1306" o="" />
		<t id="d_is1" x="4526" y="1386" w="10" h="6" d="1259" o="" />
		<t id="d_is1" x="4666" y="1386" w="10" h="6" d="1257" o="" />
		<t id="d_is1" x="699" y="1386" w="10" h="6" d="1235" o="" />
		<t id="d_is2" x="1679" y="1386" w="22" h="11" d="1239" o="" />
		<t id="d_is2" x="2677" y="1386" w="22" h="11" d="1247" o="" />
		<t id="d_is2" x="3750" y="1386" w="22" h="11" d="1251" o="" />
		<t id="d_is2" x="4298" y="1386" w="22" h="11" d="1304" o="" />
		<t id="d_is2" x="4568" y="1386" w="22" h="11" d="1255" o="" />
		<t id="d_is2" x="5172" y="1386" w="22" h="11" d="1261" o="" />
		<t id="d_is2" x="767" y="1386" w="22" h="11" d="1233" o="" />
		<t id="d_kr1" x="3324" y="1178" w="18" h="16" d="1253" o="" />
		<t id="d_kr2" x="3294" y="1179" w="24" h="17" d="2123" o="" />
		<t id="d_kr2" x="5409" y="974" w="24" h="17" d="2125" o="" />
		<t id="d_sh1" x="2268" y="1386" w="73" h="10" d="1245" o="" />
		<t id="d_sh1" x="5954" y="766" w="73" h="10" d="1263" o="" />
		<t id="d_sh1" x="88" y="1386" w="73" h="10" d="1231" o="" />
		<t id="d_sh2" x="1104" y="1386" w="88" h="14" d="1237" o="" />
		<t id="e" x="2332" y="999" w="26" h="24" d="1501" o="" />
		<t id="e" x="3082" y="1306" w="26" h="24" d="1473" o="" />
		<t id="e" x="4049" y="1300" w="26" h="24" d="2111" o="" />
		<t id="e" x="4469" y="934" w="26" h="24" d="1633" o="" />
		<t id="g" x="6099" y="772" w="44" h="335" d="1432" o="30" />
		<t id="icebumblebee" x="1410" y="1284" w="55" h="64" d="1665" o="" />
		<t id="icebumblebee" x="1621" y="1334" w="55" h="64" d="1683" o="" />
		<t id="icebumblebee" x="1728" y="1004" w="55" h="64" d="1595" o="" />
		<t id="icebumblebee" x="2080" y="1135" w="55" h="64" d="2095" o="" />
		<t id="icebumblebee" x="2137" y="1379" w="55" h="64" d="1721" o="" />
		<t id="icebumblebee" x="2278" y="1198" w="55" h="64" d="1705" o="" />
		<t id="icebumblebee" x="2356" y="978" w="55" h="64" d="1755" o="" />
		<t id="icebumblebee" x="2772" y="1115" w="55" h="64" d="1771" o="" />
		<t id="icebumblebee" x="3943" y="1110" w="55" h="64" d="1817" o="" />
		<t id="icebumblebee" x="4240" y="895" w="55" h="64" d="1833" o="" />
		<t id="icebumblebee" x="4246" y="1256" w="55" h="64" d="1611" o="" />
		<t id="icebumblebee" x="4343" y="1131" w="55" h="64" d="1801" o="" />
		<t id="icebumblebee" x="4443" y="604" w="55" h="64" d="1867" o="" />
		<t id="icebumblebee" x="4509" y="688" w="55" h="64" d="1941" o="" />
		<t id="icebumblebee" x="4607" y="601" w="55" h="64" d="1883" o="" />
		<t id="icebumblebee" x="4623" y="1181" w="55" h="64" d="1909" o="" />
		<t id="icebumblebee" x="4654" y="814" w="55" h="64" d="1985" o="" />
		<t id="icebumblebee" x="4762" y="1015" w="55" h="64" d="1925" o="" />
		<t id="icebumblebee" x="4937" y="976" w="55" h="64" d="2001" o="" />
		<t id="icebumblebee" x="4960" y="680" w="55" h="64" d="2017" o="" />
		<t id="icebumblebee" x="5011" y="1175" w="55" h="64" d="2051" o="" />
		<t id="icebumblebee" x="5131" y="1205" w="55" h="64" d="2033" o="" />
		<t id="icebumblebee" x="5451" y="878" w="55" h="64" d="2075" o="" />
		<t id="icebumblebee" x="5601" y="904" w="55" h="64" d="1637" o="" />
		<t id="mammut" x="4071" y="1381" w="747" h="264" d="1789" o="" />
		<t id="mammut" x="5330" y="1381" w="747" h="264" d="1965" o="" />
		<t id="orange" x="1126" y="1132" w="48" h="38" d="1549" o="0" />
		<t id="orange" x="2478" y="1382" w="48" h="38" d="1583" o="0" />
		<t id="orange" x="2514" y="1051" w="48" h="38" d="1699" o="0" />
		<t id="orange" x="3990" y="1083" w="48" h="38" d="1851" o="0" />
		<t id="orange" x="4240" y="602" w="48" h="38" d="1905" o="0" />
		<t id="orange" x="4428" y="1181" w="48" h="38" d="1863" o="0" />
		<t id="orange" x="5697" y="969" w="48" h="38" d="2071" o="0" />
		<t id="orange" x="665" y="1383" w="48" h="38" d="2091" o="0" />
		<t id="p_c_l" x="1337" y="1253" w="70" h="43" d="1310" o="" />
		<t id="p_c_l" x="1489" y="1231" w="70" h="43" d="1314" o="" />
		<t id="p_c_l" x="1648" y="1043" w="70" h="43" d="1342" o="" />
		<t id="p_c_l" x="2235" y="1255" w="70" h="43" d="1320" o="" />
		<t id="p_c_l" x="4142" y="689" w="70" h="43" d="1367" o="" />
		<t id="p_c_l" x="4174" y="865" w="70" h="43" d="1328" o="" />
		<t id="p_c_l" x="4247" y="750" w="70" h="43" d="1352" o="" />
		<t id="p_c_l" x="4315" y="931" w="70" h="43" d="1324" o="" />
		<t id="p_c_l" x="4561" y="1104" w="70" h="43" d="1332" o="" />
		<t id="p_c_l" x="4613" y="540" w="70" h="43" d="1363" o="" />
		<t id="p_c_l" x="4693" y="1073" w="70" h="43" d="1389" o="" />
		<t id="p_c_l" x="4739" y="798" w="70" h="43" d="1371" o="" />
		<t id="p_c_l" x="4881" y="913" w="70" h="43" d="1375" o="" />
		<t id="p_c_l" x="4918" y="526" w="70" h="43" d="1385" o="" />
		<t id="p_c_v1_s" x="2173" y="1162" w="105" h="158" d="1346" o="" />
		<t id="p_c_v1_s" x="4404" y="681" w="105" h="158" d="1336" o="" />
		<t id="p_c_v1_s" x="5281" y="1212" w="105" h="158" d="1379" o="" />
		<t id="p_c_v2_s" x="4533" y="680" w="105" h="151" d="1356" o="" />
		<t id="p_c_v2_s" x="5196" y="1137" w="105" h="151" d="1393" o="" />
		<t id="pinku" x="1291" y="1384" w="48" h="34" d="1557" o="0" />
		<t id="pinku" x="1859" y="1213" w="48" h="34" d="1569" o="0" />
		<t id="pinku" x="2330" y="1212" w="48" h="34" d="1577" o="0" />
		<t id="pinku" x="4420" y="994" w="48" h="34" d="2117" o="0" />
		<t id="pinku" x="4741" y="609" w="48" h="34" d="1981" o="0" />
		<t id="pinku" x="5565" y="972" w="48" h="34" d="1653" o="0" />
		<t id="pinku" x="716" y="1235" w="48" h="34" d="1541" o="0" />
		<t id="purpu" x="1211" y="1109" w="48" h="38" d="1563" o="0" />
		<t id="purpu" x="2008" y="1381" w="48" h="38" d="1747" o="0" />
		<t id="purpu" x="2543" y="1277" w="48" h="38" d="1741" o="0" />
		<t id="purpu" x="3302" y="1176" w="48" h="38" d="1591" o="0" />
		<t id="purpu" x="4464" y="1385" w="48" h="38" d="1629" o="0" />
		<t id="purpu" x="461" y="1286" w="48" h="38" d="1545" o="0" />
		<t id="purpu" x="4719" y="462" w="48" h="38" d="1961" o="0" />
		<t id="purpu" x="5441" y="968" w="48" h="38" d="2067" o="0" />
		<t id="s_b_l" x="3129" y="1490" w="121" h="105" d="1099" o="30" />
		<t id="s_b_l" x="5302" y="1490" w="121" h="105" d="1143" o="30" />
		<t id="s_b_l_t" x="5783" y="1077" w="121" h="105" d="1198" o="30" />
		<t id="s_b_r" x="3492" y="1490" w="121" h="105" d="1128" o="30" />
		<t id="s_b_s" x="1082" y="1442" w="121" h="57" d="1054" o="30" />
		<t id="s_b_s" x="1202" y="1442" w="121" h="57" d="1057" o="30" />
		<t id="s_b_s" x="121" y="1442" w="121" h="57" d="1028" o="30" />
		<t id="s_b_s" x="1323" y="1442" w="121" h="57" d="1060" o="30" />
		<t id="s_b_s" x="1443" y="1442" w="121" h="57" d="1063" o="30" />
		<t id="s_b_s" x="1563" y="1442" w="121" h="57" d="1066" o="30" />
		<t id="s_b_s" x="1684" y="1442" w="121" h="57" d="1069" o="30" />
		<t id="s_b_s" x="1805" y="1442" w="121" h="57" d="1072" o="30" />
		<t id="s_b_s" x="1925" y="1442" w="121" h="57" d="1075" o="30" />
		<t id="s_b_s" x="2045" y="1442" w="121" h="57" d="1078" o="30" />
		<t id="s_b_s" x="2165" y="1442" w="121" h="57" d="1081" o="30" />
		<t id="s_b_s" x="2286" y="1442" w="121" h="57" d="1084" o="30" />
		<t id="s_b_s" x="2406" y="1442" w="121" h="57" d="1087" o="30" />
		<t id="s_b_s" x="241" y="1442" w="121" h="57" d="1031" o="30" />
		<t id="s_b_s" x="2526" y="1442" w="121" h="57" d="1090" o="30" />
		<t id="s_b_s" x="2646" y="1442" w="121" h="57" d="1093" o="30" />
		<t id="s_b_s" x="2766" y="1442" w="121" h="57" d="1096" o="30" />
		<t id="s_b_s" x="2887" y="1442" w="121" h="57" d="1265" o="30" />
		<t id="s_b_s" x="3008" y="1442" w="121" h="57" d="1268" o="30" />
		<t id="s_b_s" x="361" y="1442" w="121" h="57" d="1034" o="30" />
		<t id="s_b_s" x="3613" y="1442" w="121" h="57" d="1131" o="30" />
		<t id="s_b_s" x="3733" y="1442" w="121" h="57" d="1134" o="30" />
		<t id="s_b_s" x="3854" y="1442" w="121" h="57" d="1271" o="30" />
		<t id="s_b_s" x="3974" y="1442" w="121" h="57" d="1274" o="30" />
		<t id="s_b_s" x="4095" y="1442" w="121" h="57" d="1277" o="30" />
		<t id="s_b_s" x="4216" y="1442" w="121" h="57" d="1280" o="30" />
		<t id="s_b_s" x="4337" y="1442" w="121" h="57" d="1283" o="30" />
		<t id="s_b_s" x="4458" y="1442" w="121" h="57" d="1286" o="30" />
		<t id="s_b_s" x="4579" y="1442" w="121" h="57" d="1137" o="30" />
		<t id="s_b_s" x="4699" y="1442" w="121" h="57" d="1140" o="30" />
		<t id="s_b_s" x="481" y="1442" w="121" h="57" d="1037" o="30" />
		<t id="s_b_s" x="4820" y="1442" w="121" h="57" d="1146" o="30" />
		<t id="s_b_s" x="4940" y="1442" w="121" h="57" d="1149" o="30" />
		<t id="s_b_s" x="5060" y="1442" w="121" h="57" d="1152" o="30" />
		<t id="s_b_s" x="5181" y="1442" w="121" h="57" d="1155" o="30" />
		<t id="s_b_s" x="602" y="1442" w="121" h="57" d="1040" o="30" />
		<t id="s_b_s" x="722" y="1442" w="121" h="57" d="1043" o="30" />
		<t id="s_b_s" x="842" y="1442" w="121" h="57" d="1046" o="30" />
		<t id="s_b_s" x="962" y="1442" w="121" h="57" d="1051" o="30" />
		<t id="s_b_t" x="3250" y="1282" w="121" h="105" d="1108" o="30" />
		<t id="s_b_t" x="3371" y="1282" w="121" h="105" d="1115" o="30" />
		<t id="s_b_t" x="5423" y="1077" w="121" h="105" d="1173" o="30" />
		<t id="s_b_t" x="5543" y="1077" w="121" h="105" d="1023" o="30" />
		<t id="s_b_t" x="5663" y="1077" w="121" h="105" d="1187" o="30" />
		<t id="s_b_t" x="5904" y="870" w="121" h="105" d="1203" o="30" />
		<t id="s_b_t" x="6025" y="870" w="121" h="105" d="1208" o="30" />
		<t id="s_b_t" x="6146" y="870" w="121" h="105" d="1213" o="30" />
		<t id="s_b_t" x="6267" y="870" w="121" h="105" d="1224" o="30" />
		<t id="s_l_s" x="3129" y="1386" w="23" h="104" d="1105" o="30" />
		<t id="s_l_s" x="5302" y="1181" w="23" h="104" d="1176" o="30" />
		<t id="s_l_s" x="5302" y="1285" w="23" h="104" d="1163" o="30" />
		<t id="s_l_s" x="5302" y="1386" w="23" h="104" d="1158" o="30" />
		<t id="s_l_s" x="5783" y="973" w="23" h="104" d="1221" o="30" />
		<t id="s_l_t" x="3129" y="1282" w="22" h="104" d="1102" o="30" />
		<t id="s_l_t" x="5302" y="1077" w="22" h="104" d="1166" o="30" />
		<t id="s_l_t" x="5783" y="870" w="22" h="104" d="1218" o="30" />
		<t id="s_r_s" x="3391" y="1386" w="23" h="104" d="1125" o="30" />
		<t id="s_r_t" x="3393" y="1282" w="23" h="104" d="1122" o="30" />
		<t id="s_rb" x="2409" y="1266" w="145" h="51" d="784" o="30" />
		<t id="s_rb" x="4532" y="1236" w="145" h="51" d="1289" o="30" />
		<t id="s_rb" x="4821" y="661" w="145" h="51" d="1301" o="30" />
		<t id="s_rb_s" x="2579" y="1317" w="65" h="38" d="787" o="30" />
		<t id="s_rb_s" x="4177" y="1216" w="65" h="38" d="1295" o="30" />
		<t id="s_rb_s" x="4237" y="1076" w="65" h="38" d="1292" o="30" />
		<t id="s_rb_s" x="4317" y="1296" w="65" h="38" d="1298" o="30" />
		<t id="t1_b" x="3250" y="1386" w="121" h="104" d="1111" o="" />
		<t id="t1_b" x="3371" y="1386" w="121" h="104" d="1118" o="" />
		<t id="t1_b" x="5423" y="1181" w="121" h="104" d="1179" o="" />
		<t id="t1_b" x="5423" y="1285" w="121" h="104" d="1169" o="" />
		<t id="t1_b" x="5423" y="1386" w="121" h="104" d="1161" o="" />
		<t id="t1_b" x="5543" y="1181" w="121" h="104" d="1026" o="" />
		<t id="t1_b" x="5543" y="1285" w="121" h="104" d="1019" o="" />
		<t id="t1_b" x="5543" y="1386" w="121" h="104" d="1017" o="" />
		<t id="t1_b" x="5663" y="1181" w="121" h="104" d="1190" o="" />
		<t id="t1_b" x="5663" y="1285" w="121" h="104" d="1183" o="" />
		<t id="t1_b" x="5663" y="1386" w="121" h="104" d="1181" o="" />
		<t id="t1_b" x="5783" y="1181" w="121" h="104" d="1201" o="" />
		<t id="t1_b" x="5783" y="1285" w="121" h="104" d="1194" o="" />
		<t id="t1_b" x="5783" y="1386" w="121" h="104" d="1192" o="" />
		<t id="t1_b" x="5904" y="1078" w="121" h="104" d="2129" o="" />
		<t id="t1_b" x="5904" y="1178" w="121" h="104" d="2137" o="" />
		<t id="t1_b" x="5904" y="1278" w="121" h="104" d="2145" o="" />
		<t id="t1_b" x="5904" y="1381" w="121" h="104" d="2153" o="" />
		<t id="t1_b" x="5904" y="974" w="121" h="104" d="1206" o="" />
		<t id="t1_b" x="6025" y="1078" w="121" h="104" d="2131" o="" />
		<t id="t1_b" x="6025" y="1178" w="121" h="104" d="2139" o="" />
		<t id="t1_b" x="6025" y="1278" w="121" h="104" d="2147" o="" />
		<t id="t1_b" x="6025" y="1381" w="121" h="104" d="2155" o="" />
		<t id="t1_b" x="6025" y="974" w="121" h="104" d="1211" o="" />
		<t id="t1_b" x="6146" y="1078" w="121" h="104" d="2133" o="" />
		<t id="t1_b" x="6146" y="1178" w="121" h="104" d="2141" o="" />
		<t id="t1_b" x="6146" y="1278" w="121" h="104" d="2149" o="" />
		<t id="t1_b" x="6146" y="1381" w="121" h="104" d="2157" o="" />
		<t id="t1_b" x="6146" y="974" w="121" h="104" d="1216" o="" />
		<t id="t1_b" x="6267" y="1078" w="121" h="104" d="2135" o="" />
		<t id="t1_b" x="6267" y="1178" w="121" h="104" d="2143" o="" />
		<t id="t1_b" x="6267" y="1278" w="121" h="104" d="2151" o="" />
		<t id="t1_b" x="6267" y="1381" w="121" h="104" d="2159" o="" />
		<t id="t1_b" x="6267" y="974" w="121" h="104" d="1227" o="" />
		<t id="t2_b" x="3250" y="1490" w="121" h="104" d="1113" o="" />
		<t id="t2_b" x="3371" y="1490" w="121" h="104" d="1120" o="" />
		<t id="t2_b" x="5423" y="1490" w="121" h="104" d="1171" o="" />
		<t id="t2_b" x="5543" y="1490" w="121" h="104" d="1021" o="" />
		<t id="t2_b" x="5663" y="1490" w="121" h="104" d="1185" o="" />
		<t id="t2_b" x="5783" y="1490" w="121" h="104" d="1196" o="" /> 
	</layer>
</level>