<?xml version="1.0" encoding="UTF-8"?>
<level background="whiterocks" music="track02" effects="lake" sx="259" sy="773" d="1470">
	<layer name="base" source="lake.swf" x="0" y="0" width="7577" height="809">
		<t id="b1_b_e_l" x="2502" y="702" w="32" h="78" d="654" o="30" />
		<t id="b1_b_e_l" x="2851" y="716" w="32" h="78" d="649" o="30" />
		<t id="b1_b_e_l" x="3528" y="722" w="32" h="78" d="691" o="700" />
		<t id="b1_b_e_l" x="3829" y="735" w="32" h="78" d="736" o="30" />
		<t id="b1_b_e_l" x="6139" y="729" w="32" h="78" d="742" o="30" />
		<t id="b1_b_e_r" x="2765" y="675" w="32" h="106" d="657" o="30" />
		<t id="b1_b_e_r" x="2996" y="773" w="32" h="106" d="641" o="30" />
		<t id="b1_b_e_r" x="3911" y="667" w="32" h="106" d="674" o="30" />
		<t id="b1_b_e_r" x="4094" y="820" w="32" h="106" d="699" o="30" />
		<t id="b1_b_e_r" x="6402" y="702" w="32" h="106" d="745" o="30" />
		<t id="b1_b_l" x="2619" y="702" w="127" h="105" d="660" o="30" />
		<t id="b1_b_l" x="2738" y="675" w="127" h="105" d="669" o="30" />
		<t id="b1_b_l" x="3647" y="722" w="127" h="105" d="677" o="700" />
		<t id="b1_b_l" x="3766" y="694" w="127" h="105" d="686" o="700" />
		<t id="b1_b_l" x="3885" y="666" w="127" h="105" d="694" o="700" />
		<t id="b1_b_l" x="6256" y="729" w="127" h="105" d="748" o="30" />
		<t id="b1_b_l" x="6375" y="702" w="127" h="105" d="757" o="30" />
		<t id="b1_b_r" x="2970" y="744" w="127" h="105" d="644" o="30" />
		<t id="b1_b_r" x="3948" y="764" w="127" h="105" d="739" o="30" />
		<t id="b1_b_r" x="4067" y="792" w="127" h="105" d="706" o="30" />
		<t id="b1_t_e_l" x="5305" y="748" w="27" h="104" d="635" o="30" />
		<t id="b1_t_e_l" x="5425" y="675" w="27" h="104" d="621" o="30" />
		<t id="b1_t_e_l" x="5425" y="778" w="27" h="104" d="623" o="30" />
		<t id="b1_t_e_l" x="5557" y="574" w="27" h="104" d="726" o="30" />
		<t id="b1_t_e_l" x="5557" y="677" w="27" h="104" d="728" o="30" />
		<t id="b1_t_e_r" x="5332" y="775" w="27" h="104" d="633" o="30" />
		<t id="b1_t_e_r" x="5452" y="702" w="27" h="104" d="619" o="30" />
		<t id="b1_t_e_r" x="5452" y="806" w="27" h="104" d="617" o="30" />
		<t id="b1_t_e_r" x="5452" y="806" w="27" h="104" d="629" o="30" />
		<t id="b1_t_e_r" x="5584" y="602" w="27" h="104" d="724" o="30" />
		<t id="b1_t_e_r" x="5584" y="705" w="27" h="104" d="734" o="30" />
		<t id="b2_b_e_l" x="3310" y="775" w="27" h="78" d="839" o="30" />
		<t id="b2_b_e_l" x="5074" y="777" w="27" h="78" d="718" o="30" />
		<t id="b2_b_e_l" x="5342" y="775" w="27" h="78" d="709" o="30" />
		<t id="b2_b_e_r" x="3456" y="775" w="27" h="105" d="841" o="30" />
		<t id="b2_b_e_r" x="5219" y="777" w="27" h="105" d="716" o="30" />
		<t id="b2_b_e_r" x="5488" y="830" w="27" h="105" d="711" o="30" />
		<t id="b2_b_l" x="3429" y="775" w="127" h="105" d="836" o="30" />
		<t id="b2_b_l" x="5193" y="777" w="127" h="105" d="713" o="30" />
		<t id="b2_b_r" x="5461" y="802" w="127" h="105" d="762" o="30" />
		<t id="b2_t_e_l" x="2501" y="806" w="27" h="104" d="663" o="30" />
		<t id="b2_t_e_l" x="2851" y="819" w="27" h="104" d="652" o="30" />
		<t id="b2_t_e_l" x="3528" y="825" w="27" h="104" d="680" o="30" />
		<t id="b2_t_e_l" x="3829" y="838" w="27" h="104" d="704" o="30" />
		<t id="b2_t_e_l" x="5306" y="852" w="27" h="104" d="631" o="30" />
		<t id="b2_t_e_l" x="5557" y="779" w="27" h="104" d="720" o="30" />
		<t id="b2_t_e_l" x="6138" y="833" w="27" h="104" d="751" o="30" />
		<t id="b2_t_e_r" x="2765" y="779" w="27" h="104" d="665" o="30" />
		<t id="b2_t_e_r" x="3911" y="770" w="27" h="104" d="682" o="30" />
		<t id="b2_t_e_r" x="5582" y="809" w="27" h="104" d="722" o="30" />
		<t id="b2_t_e_r" x="6402" y="806" w="27" h="104" d="753" o="30" />
		<t id="b2_t_l" x="2619" y="806" w="119" h="104" d="667" o="30" />
		<t id="b2_t_l" x="2738" y="779" w="119" h="104" d="672" o="30" />
		<t id="b2_t_l" x="3647" y="825" w="119" h="104" d="684" o="30" />
		<t id="b2_t_l" x="3766" y="798" w="119" h="104" d="689" o="30" />
		<t id="b2_t_l" x="3885" y="770" w="119" h="104" d="697" o="30" />
		<t id="b2_t_l" x="6256" y="833" w="119" h="104" d="755" o="30" />
		<t id="b2_t_l" x="6375" y="806" w="119" h="104" d="760" o="30" />
		<t id="b2_t_r" x="2970" y="847" w="119" h="104" d="647" o="30" />
		<t id="b2_t_r" x="3948" y="867" w="119" h="104" d="702" o="30" />
		<t id="b_s" x="5332" y="671" w="54" h="105" d="637" o="30" />
		<t id="b_s" x="5451" y="598" w="54" h="105" d="625" o="30" />
		<t id="b_s" x="5583" y="498" w="54" h="105" d="730" o="30" />
		<t id="be" x="1043" y="571" w="24" h="85" d="1410" o="100" />
		<t id="be" x="1146" y="675" w="24" h="85" d="1444" o="100" />
		<t id="be" x="1323" y="571" w="24" h="85" d="1412" o="100" />
		<t id="be" x="2141" y="675" w="24" h="85" d="1458" o="100" />
		<t id="be" x="2438" y="675" w="24" h="85" d="1460" o="100" />
		<t id="be" x="3517" y="651" w="24" h="85" d="1450" o="100" />
		<t id="be" x="3903" y="569" w="24" h="85" d="1452" o="100" />
		<t id="be" x="4073" y="752" w="24" h="85" d="1422" o="100" />
		<t id="be" x="4344" y="752" w="24" h="85" d="1424" o="100" />
		<t id="be" x="5523" y="752" w="24" h="85" d="1430" o="100" />
		<t id="be" x="5678" y="752" w="24" h="85" d="1432" o="100" />
		<t id="be" x="6126" y="656" w="24" h="85" d="1466" o="100" />
		<t id="be" x="6396" y="598" w="24" h="85" d="1468" o="100" />
		<t id="be" x="6841" y="673" w="24" h="85" d="1438" o="100" />
		<t id="be" x="7126" y="673" w="24" h="85" d="1440" o="100" />
		<t id="be" x="980" y="676" w="24" h="85" d="1442" o="100" />
		<t id="bh" x="12" y="779" w="104" h="308" d="946" o="" />
		<t id="bh" x="7652" y="774" w="104" h="308" d="1217" o="" />
		<t id="c" x="1147" y="449" w="23" h="24" d="1314" o="" />
		<t id="c" x="1187" y="409" w="23" h="24" d="1310" o="" />
		<t id="c" x="1227" y="449" w="23" h="24" d="1318" o="" />
		<t id="c" x="2659" y="698" w="23" h="24" d="1330" o="" />
		<t id="c" x="2699" y="658" w="23" h="24" d="1326" o="" />
		<t id="c" x="3429" y="536" w="23" h="24" d="1338" o="" />
		<t id="c" x="3469" y="496" w="23" h="24" d="1334" o="" />
		<t id="c" x="3509" y="536" w="23" h="24" d="1342" o="" />
		<t id="c" x="3600" y="712" w="23" h="24" d="1346" o="" />
		<t id="c" x="3648" y="677" w="23" h="24" d="1350" o="" />
		<t id="c" x="4589" y="598" w="23" h="24" d="1362" o="" />
		<t id="c" x="4629" y="558" w="23" h="24" d="1358" o="" />
		<t id="c" x="4669" y="598" w="23" h="24" d="1366" o="" />
		<t id="c" x="5641" y="306" w="23" h="24" d="1382" o="" />
		<t id="c" x="5681" y="266" w="23" h="24" d="1378" o="" />
		<t id="c" x="5721" y="306" w="23" h="24" d="1386" o="" />
		<t id="c" x="6330" y="672" w="23" h="24" d="1370" o="" />
		<t id="c" x="636" y="562" w="23" h="24" d="1302" o="" />
		<t id="c" x="6370" y="712" w="23" h="24" d="1374" o="" />
		<t id="c" x="676" y="522" w="23" h="24" d="1298" o="" />
		<t id="c" x="7147" y="574" w="23" h="24" d="1394" o="" />
		<t id="c" x="716" y="562" w="23" h="24" d="1306" o="" />
		<t id="c" x="7187" y="534" w="23" h="24" d="1390" o="" />
		<t id="c" x="7227" y="574" w="23" h="24" d="1398" o="" />
		<t id="d_ek" x="128" y="774" w="32" h="38" d="777" o="" />
		<t id="d_ek" x="2222" y="671" w="32" h="38" d="1268" o="" />
		<t id="d_ek" x="2364" y="672" w="32" h="38" d="1476" o="" />
		<t id="d_ek" x="6630" y="671" w="32" h="38" d="1280" o="" />
		<t id="d_is1" x="1031" y="774" w="10" h="6" d="1260" o="" />
		<t id="d_is1" x="1991" y="775" w="10" h="6" d="1272" o="" />
		<t id="d_is1" x="2069" y="775" w="10" h="6" d="1274" o="" />
		<t id="d_is1" x="36" y="774" w="10" h="6" d="1256" o="" />
		<t id="d_is1" x="7250" y="774" w="10" h="6" d="1284" o="" />
		<t id="d_is1" x="7460" y="774" w="10" h="6" d="1288" o="" />
		<t id="d_is2" x="1100" y="774" w="22" h="11" d="1264" o="" />
		<t id="d_is2" x="2107" y="775" w="22" h="11" d="1270" o="" />
		<t id="d_is2" x="6542" y="671" w="22" h="11" d="1282" o="" />
		<t id="d_is2" x="716" y="671" w="22" h="11" d="1258" o="" />
		<t id="d_is2" x="7296" y="774" w="22" h="11" d="1286" o="" />
		<t id="d_kr1" x="1113" y="570" w="18" h="16" d="1262" o="" />
		<t id="d_kr1" x="1606" y="670" w="18" h="16" d="1266" o="" />
		<t id="d_kr1" x="336" y="775" w="18" h="16" d="1472" o="" />
		<t id="d_kr1" x="6942" y="671" w="18" h="16" d="1278" o="" />
		<t id="d_kr2" x="1056" y="674" w="24" h="17" d="1474" o="" />
		<t id="d_kr2" x="1593" y="671" w="24" h="17" d="1480" o="" />
		<t id="d_kr2" x="299" y="774" w="24" h="17" d="1254" o="" />
		<t id="d_kr2" x="6906" y="775" w="24" h="17" d="1478" o="" />
		<t id="d_sp" x="7130" y="774" w="45" h="50" d="1276" o="" />
		<t id="e" x="2210" y="446" w="17" h="16" d="1322" o="" />
		<t id="e" x="5124" y="725" w="17" h="16" d="1354" o="" />
		<t id="evilfish" x="3172" y="694" w="35" h="58" d="765" o="" />
		<t id="evilfish" x="4398" y="694" w="35" h="58" d="769" o="" />
		<t id="evilfish" x="4635" y="694" w="35" h="58" d="773" o="" />
		<t id="f_b" x="1113" y="777" w="121" h="104" d="937" o="30" />
		<t id="f_b" x="6970" y="775" w="121" h="104" d="779" o="30" />
		<t id="f_b" x="7090" y="775" w="121" h="104" d="788" o="30" />
		<t id="f_b_t" x="1174" y="674" w="121" h="104" d="919" o="30" />
		<t id="f_b_t" x="1295" y="674" w="121" h="104" d="929" o="30" />
		<t id="f_l" x="6850" y="775" w="22" h="104" d="782" o="30" />
		<t id="f_l" x="993" y="777" w="22" h="104" d="940" o="30" />
		<t id="f_l_t" x="1053" y="674" w="22" h="104" d="922" o="30" />
		<t id="f_r" x="1135" y="777" w="22" h="104" d="943" o="30" />
		<t id="f_r" x="7112" y="775" w="22" h="104" d="785" o="30" />
		<t id="f_r_t" x="1317" y="674" w="22" h="104" d="932" o="30" />
		<t id="f_s_b" x="2012" y="628" w="41" h="25" d="912" o="30" />
		<t id="f_s_b" x="2099" y="546" w="41" h="25" d="905" o="30" />
		<t id="f_s_t" x="2004" y="781" w="25" h="104" d="915" o="" />
		<t id="f_s_t" x="2091" y="776" w="25" h="104" d="908" o="" />
		<t id="f_s_t_t" x="2004" y="707" w="25" h="79" d="1079" o="" />
		<t id="f_s_t_t" x="2091" y="625" w="25" h="79" d="910" o="" />
		<t id="f_s_t_t" x="2091" y="704" w="25" h="79" d="1077" o="" />
		<t id="f_t_l" x="1053" y="778" w="14" h="104" d="925" o="" />
		<t id="f_t_r" x="1309" y="778" w="14" h="104" d="935" o="" />
		<t id="floe" x="3114" y="783" w="140" h="45" d="854" o="30" />
		<t id="floe" x="3331" y="783" w="140" h="45" d="849" o="30" />
		<t id="floe" x="3731" y="783" w="140" h="45" d="826" o="30" />
		<t id="floe" x="4570" y="783" w="140" h="45" d="821" o="30" />
		<t id="floe" x="4808" y="783" w="140" h="45" d="816" o="30" />
		<t id="floe" x="5658" y="783" w="140" h="45" d="806" o="30" />
		<t id="floe" x="6198" y="783" w="140" h="45" d="796" o="30" />
		<t id="floe" x="6448" y="783" w="140" h="45" d="791" o="30" />
		<t id="floe_b" x="2864" y="789" w="268" h="45" d="992" o="30" />
		<t id="floe_b" x="4314" y="789" w="268" h="45" d="831" o="30" />
		<t id="floe_b" x="5112" y="789" w="268" h="45" d="811" o="30" />
		<t id="floe_b" x="5972" y="789" w="268" h="45" d="801" o="30" />
		<t id="g" x="7376" y="780" w="44" h="335" d="1221" o="30" />
		<t id="orange" x="1065" y="671" w="32" h="34" d="1406" o="0" />
		<t id="orange" x="4305" y="738" w="32" h="34" d="1418" o="0" />
		<t id="orange" x="7006" y="671" w="32" h="34" d="1434" o="0" />
		<t id="orca" x="6039" y="855" w="248" h="189" d="1143" o="50" />
		<t id="pinku" x="1265" y="570" w="33" h="35" d="1414" o="0" />
		<t id="pinku" x="2047" y="773" w="33" h="35" d="1402" o="0" />
		<t id="pinku" x="3732" y="597" w="33" h="35" d="1446" o="0" />
		<t id="pinku" x="6273" y="618" w="33" h="35" d="1462" o="0" />
		<t id="purpu" x="2262" y="669" w="32" h="34" d="1454" o="0" />
		<t id="purpu" x="5627" y="738" w="32" h="34" d="1426" o="0" />
		<t id="s_b_l" x="2157" y="879" w="121" h="105" d="1058" o="30" />
		<t id="s_b_r" x="2036" y="879" w="121" h="105" d="1055" o="30" />
		<t id="s_b_s" x="1081" y="830" w="121" h="57" d="1003" o="30" />
		<t id="s_b_s" x="1201" y="830" w="121" h="57" d="1006" o="30" />
		<t id="s_b_s" x="121" y="830" w="121" h="57" d="989" o="30" />
		<t id="s_b_s" x="1321" y="830" w="121" h="57" d="1061" o="30" />
		<t id="s_b_s" x="241" y="830" w="121" h="57" d="997" o="30" />
		<t id="s_b_s" x="361" y="830" w="121" h="57" d="1000" o="30" />
		<t id="s_b_s" x="6997" y="830" w="121" h="57" d="1199" o="30" />
		<t id="s_b_s" x="7117" y="830" w="121" h="57" d="1202" o="30" />
		<t id="s_b_s" x="7237" y="830" w="121" h="57" d="1205" o="30" />
		<t id="s_b_s" x="7358" y="830" w="121" h="57" d="1208" o="30" />
		<t id="s_b_s" x="7478" y="830" w="121" h="57" d="1211" o="30" />
		<t id="s_b_s" x="7598" y="830" w="121" h="57" d="1214" o="30" />
		<t id="s_b_t" x="1682" y="774" w="121" h="105" d="1036" o="30" />
		<t id="s_b_t" x="1915" y="775" w="121" h="105" d="1049" o="30" />
		<t id="s_b_t" x="2278" y="775" w="121" h="105" d="1067" o="30" />
		<t id="s_b_t" x="2399" y="775" w="121" h="105" d="1074" o="30" />
		<t id="s_b_t" x="6635" y="775" w="121" h="105" d="1177" o="30" />
		<t id="s_b_t" x="723" y="775" w="121" h="105" d="952" o="30" />
		<t id="s_c_b1_l" x="1442" y="878" w="121" h="104" d="1011" o="30" />
		<t id="s_c_b1_l" x="481" y="878" w="121" h="104" d="847" o="30" />
		<t id="s_c_b1_r" x="6877" y="878" w="121" h="104" d="1182" o="30" />
		<t id="s_c_b1_r" x="964" y="878" w="121" h="104" d="903" o="30" />
		<t id="s_c_t_l" x="1563" y="775" w="248" h="104" d="1013" o="30" />
		<t id="s_c_t_l" x="602" y="775" w="248" h="104" d="959" o="30" />
		<t id="s_c_t_r" x="6877" y="775" w="247" h="104" d="1186" o="30" />
		<t id="s_c_t_r" x="965" y="775" w="247" h="104" d="972" o="30" />
		<t id="s_l_s" x="1794" y="879" w="23" h="104" d="1042" o="30" />
		<t id="s_l_s" x="6514" y="879" w="23" h="104" d="1174" o="30" />
		<t id="s_l_t" x="1794" y="775" w="22" h="104" d="1039" o="30" />
		<t id="s_l_t" x="2157" y="775" w="22" h="104" d="1064" o="30" />
		<t id="s_l_t" x="6514" y="775" w="22" h="104" d="1171" o="30" />
		<t id="s_r_s" x="1702" y="878" w="23" h="104" d="1029" o="30" />
		<t id="s_r_s" x="2419" y="879" w="23" h="104" d="1084" o="30" />
		<t id="s_r_t" x="1704" y="774" w="23" h="104" d="1026" o="30" />
		<t id="s_r_t" x="1937" y="775" w="23" h="104" d="1052" o="30" />
		<t id="s_r_t" x="2421" y="775" w="23" h="104" d="1081" o="30" />
		<t id="t2_b" x="1174" y="778" w="121" h="104" d="917" o="" />
		<t id="t2_b" x="1295" y="778" w="121" h="104" d="927" o="" />
		<t id="t2_b" x="1563" y="878" w="121" h="104" d="1009" o="" />
		<t id="t2_b" x="1682" y="878" w="121" h="104" d="1045" o="" />
		<t id="t2_b" x="1915" y="879" w="121" h="104" d="1047" o="" />
		<t id="t2_b" x="2278" y="879" w="121" h="104" d="1070" o="" />
		<t id="t2_b" x="2399" y="879" w="121" h="104" d="1072" o="" />
		<t id="t2_b" x="602" y="878" w="121" h="104" d="950" o="" />
		<t id="t2_b" x="6635" y="878" w="121" h="104" d="1180" o="" />
		<t id="t2_b" x="6756" y="878" w="121" h="104" d="1184" o="" />
		<t id="t2_b" x="723" y="878" w="121" h="104" d="955" o="" />
		<t id="t2_b" x="844" y="878" w="121" h="104" d="957" o="" />
		<t id="w" x="1823" y="818" w="120" h="54" d="1032" o="30" />
		<t id="w" x="2534" y="818" w="120" h="54" d="843" o="30" />
		<t id="w" x="2654" y="818" w="120" h="54" d="1087" o="30" />
		<t id="w" x="2774" y="818" w="120" h="54" d="1091" o="30" />
		<t id="w" x="2894" y="818" w="120" h="54" d="1095" o="30" />
		<t id="w" x="3014" y="818" w="120" h="54" d="1099" o="30" />
		<t id="w" x="3134" y="818" w="120" h="54" d="1103" o="30" />
		<t id="w" x="3254" y="818" w="120" h="54" d="1107" o="30" />
		<t id="w" x="3374" y="818" w="120" h="54" d="1111" o="30" />
		<t id="w" x="3494" y="818" w="120" h="54" d="1115" o="30" />
		<t id="w" x="3614" y="818" w="120" h="54" d="1119" o="30" />
		<t id="w" x="3734" y="818" w="120" h="54" d="863" o="30" />
		<t id="w" x="3854" y="818" w="120" h="54" d="859" o="30" />
		<t id="w" x="3974" y="818" w="120" h="54" d="887" o="30" />
		<t id="w" x="4094" y="818" w="120" h="54" d="883" o="30" />
		<t id="w" x="4214" y="818" w="120" h="54" d="879" o="30" />
		<t id="w" x="4334" y="818" w="120" h="54" d="875" o="30" />
		<t id="w" x="4454" y="818" w="120" h="54" d="871" o="30" />
		<t id="w" x="4574" y="818" w="120" h="54" d="867" o="30" />
		<t id="w" x="4694" y="818" w="120" h="54" d="899" o="30" />
		<t id="w" x="4814" y="818" w="120" h="54" d="895" o="30" />
		<t id="w" x="4934" y="818" w="120" h="54" d="891" o="30" />
		<t id="w" x="5054" y="818" w="120" h="54" d="985" o="30" />
		<t id="w" x="5174" y="818" w="120" h="54" d="1131" o="30" />
		<t id="w" x="5294" y="818" w="120" h="54" d="1127" o="30" />
		<t id="w" x="5414" y="818" w="120" h="54" d="1123" o="30" />
		<t id="w" x="5534" y="818" w="120" h="54" d="1294" o="30" />
		<t id="w" x="5654" y="818" w="120" h="54" d="1290" o="30" />
		<t id="w" x="5774" y="818" w="120" h="54" d="1159" o="30" />
		<t id="w" x="5894" y="818" w="120" h="54" d="1155" o="30" />
		<t id="w" x="6014" y="818" w="120" h="54" d="1151" o="30" />
		<t id="w" x="6134" y="818" w="120" h="54" d="1163" o="30" />
		<t id="w" x="6254" y="818" w="120" h="54" d="1147" o="30" />
		<t id="w" x="6374" y="818" w="120" h="54" d="1167" o="30" />
		<t id="w" x="6494" y="818" w="120" h="54" d="1135" o="30" />
		<t id="w" x="6614" y="818" w="120" h="54" d="1139" o="30" /> 
	</layer>
</level>
