<?xml version="1.0" encoding="UTF-8"?>
<level background="darkforest" music="track02c" effects="forest" sx="1000" sy="1328" d="2132">
	<layer name="base" source="forest.swf" x="0" y="0" width="6371" height="1432">
		<t id="be" x="1138" y="523" w="42" h="95" d="1866" o="300" />
		<t id="be" x="1183" y="1263" w="42" h="95" d="1792" o="100" />
		<t id="be" x="1315" y="626" w="42" h="95" d="1874" o="100" />
		<t id="be" x="1350" y="525" w="42" h="95" d="1862" o="300" />
		<t id="be" x="1374" y="1330" w="42" h="95" d="1820" o="100" />
		<t id="be" x="1425" y="597" w="42" h="95" d="1870" o="100" />
		<t id="be" x="1542" y="566" w="42" h="95" d="1890" o="100" />
		<t id="be" x="162" y="648" w="42" h="95" d="1752" o="100" />
		<t id="be" x="1630" y="555" w="42" h="95" d="1948" o="100" />
		<t id="be" x="1760" y="555" w="42" h="95" d="1952" o="300" />
		<t id="be" x="1779" y="1331" w="42" h="95" d="1824" o="100" />
		<t id="be" x="1848" y="1124" w="42" h="95" d="1796" o="100" />
		<t id="be" x="1868" y="1329" w="42" h="95" d="1828" o="300" />
		<t id="be" x="1975" y="555" w="42" h="95" d="2008" o="300" />
		<t id="be" x="2031" y="1123" w="42" h="95" d="1800" o="100" />
		<t id="be" x="222" y="482" w="42" h="95" d="1772" o="100" />
		<t id="be" x="2269" y="1328" w="42" h="95" d="1832" o="300" />
		<t id="be" x="2501" y="1328" w="42" h="95" d="1920" o="300" />
		<t id="be" x="2680" y="1328" w="42" h="95" d="1936" o="300" />
		<t id="be" x="2783" y="1328" w="42" h="95" d="1924" o="300" />
		<t id="be" x="2909" y="401" w="42" h="95" d="1972" o="300" />
		<t id="be" x="2958" y="1328" w="42" h="95" d="1932" o="300" />
		<t id="be" x="3129" y="401" w="42" h="95" d="1980" o="300" />
		<t id="be" x="32" y="648" w="42" h="95" d="1756" o="100" />
		<t id="be" x="327" y="1328" w="42" h="95" d="1728" o="300" />
		<t id="be" x="345" y="1030" w="42" h="95" d="1988" o="300" />
		<t id="be" x="345" y="1122" w="42" h="95" d="1996" o="300" />
		<t id="be" x="345" y="880" w="42" h="95" d="1776" o="300" />
		<t id="be" x="345" y="970" w="42" h="95" d="1882" o="300" />
		<t id="be" x="39" y="1030" w="42" h="95" d="1992" o="300" />
		<t id="be" x="39" y="1122" w="42" h="95" d="2000" o="300" />
		<t id="be" x="39" y="880" w="42" h="95" d="1780" o="300" />
		<t id="be" x="39" y="970" w="42" h="95" d="1886" o="300" />
		<t id="be" x="53" y="1328" w="42" h="95" d="1732" o="300" />
		<t id="be" x="5640" y="730" w="42" h="95" d="2044" o="300" />
		<t id="be" x="5640" y="920" w="42" h="95" d="2076" o="100" />
		<t id="be" x="5728" y="1150" w="42" h="95" d="2068" o="100" />
		<t id="be" x="5910" y="1149" w="42" h="95" d="2106" o="300" />
		<t id="be" x="6120" y="730" w="42" h="95" d="2048" o="300" />
		<t id="be" x="6140" y="1149" w="42" h="95" d="2110" o="300" />
		<t id="be1" x="3610" y="1029" w="193" h="17" d="1335" o="250" />
		<t id="be1" x="3610" y="1287" w="193" h="17" d="1339" o="250" />
		<t id="be1" x="3898" y="1184" w="193" h="17" d="1504" o="250" />
		<t id="be1" x="3898" y="929" w="193" h="17" d="1512" o="250" />
		<t id="be1" x="4142" y="1184" w="193" h="17" d="1508" o="250" />
		<t id="be1" x="4142" y="929" w="193" h="17" d="1516" o="250" />
		<t id="be1" x="920" y="372" w="193" h="17" d="2134" o="250" />
		<t id="be1" x="920" y="630" w="193" h="17" d="2138" o="250" />
		<t id="be2" x="3446" y="1243" w="18" h="186" d="1343" o="250" />
		<t id="be2" x="3631" y="1243" w="18" h="186" d="1364" o="250" />
		<t id="be2" x="3706" y="1146" w="18" h="186" d="1496" o="250" />
		<t id="be2" x="4176" y="1146" w="18" h="186" d="1500" o="250" />
		<t id="be2" x="756" y="587" w="18" h="186" d="2146" o="250" />
		<t id="be2" x="942" y="587" w="18" h="186" d="2142" o="250" />
		<t id="c" x="1341" y="1175" w="23" h="24" d="1576" o="" />
		<t id="c" x="1768" y="1101" w="23" h="24" d="1584" o="" />
		<t id="c" x="1826" y="898" w="23" h="24" d="1658" o="" />
		<t id="c" x="1886" y="1312" w="23" h="24" d="1662" o="" />
		<t id="c" x="2593" y="1154" w="23" h="24" d="1596" o="" />
		<t id="c" x="2738" y="1114" w="23" h="24" d="1592" o="" />
		<t id="c" x="2873" y="1154" w="23" h="24" d="1572" o="" />
		<t id="c" x="3214" y="910" w="23" h="24" d="1606" o="" />
		<t id="c" x="3215" y="1098" w="23" h="24" d="1666" o="" />
		<t id="c" x="3543" y="1156" w="23" h="24" d="1564" o="" />
		<t id="c" x="3858" y="1059" w="23" h="24" d="1674" o="" />
		<t id="c" x="3943" y="1059" w="23" h="24" d="1682" o="" />
		<t id="c" x="3946" y="1242" w="23" h="24" d="1614" o="" />
		<t id="c" x="4028" y="1059" w="23" h="24" d="1678" o="" />
		<t id="c" x="4336" y="1190" w="23" h="24" d="1670" o="" />
		<t id="c" x="4543" y="1221" w="23" h="24" d="1618" o="" />
		<t id="c" x="4677" y="1221" w="23" h="24" d="1622" o="" />
		<t id="c" x="4905" y="1303" w="23" h="24" d="1626" o="" />
		<t id="c" x="5289" y="1235" w="23" h="24" d="1630" o="" />
		<t id="c" x="5686" y="793" w="23" h="24" d="1638" o="" />
		<t id="c" x="5877" y="1097" w="23" h="24" d="1568" o="" />
		<t id="c" x="6150" y="795" w="23" h="24" d="1642" o="" />
		<t id="c" x="6150" y="865" w="23" h="24" d="1646" o="" />
		<t id="c" x="6150" y="935" w="23" h="24" d="1650" o="" />
		<t id="d_g1" x="133" y="1120" w="30" h="38" d="1150" o="" />
		<t id="d_g1" x="1968" y="1328" w="30" h="38" d="1062" o="" />
		<t id="d_g1" x="295" y="874" w="30" h="38" d="1152" o="" />
		<t id="d_g1" x="6293" y="1149" w="30" h="38" d="1138" o="" />
		<t id="d_g1" x="630" y="1328" w="30" h="38" d="1148" o="" />
		<t id="d_g2" x="1511" y="1329" w="66" h="10" d="2617" o="" />
		<t id="d_g2" x="2198" y="1329" w="66" h="10" d="2615" o="" />
		<t id="d_g2" x="260" y="1329" w="66" h="10" d="2619" o="" />
		<t id="d_h1" x="1133" y="1329" w="46" h="25" d="1140" o="" />
		<t id="d_h1" x="1747" y="1328" w="46" h="25" d="1146" o="" />
		<t id="d_h1" x="6267" y="1329" w="46" h="25" d="1079" o="" />
		<t id="d_h1" x="823" y="1329" w="46" h="25" d="1144" o="" />
		<t id="d_h1" x="91" y="1328" w="46" h="25" d="1154" o="" />
		<t id="d_h2" x="1014" y="1328" w="113" h="31" d="1142" o="" />
		<t id="d_h2" x="6088" y="1328" w="113" h="31" d="1081" o="" />
		<t id="e" x="2169" y="1082" w="26" h="24" d="1560" o="" />
		<t id="e" x="2298" y="641" w="26" h="24" d="1588" o="" />
		<t id="e" x="3658" y="792" w="26" h="24" d="1610" o="" />
		<t id="e" x="369" y="385" w="26" h="24" d="1580" o="" />
		<t id="e" x="5810" y="980" w="26" h="24" d="1634" o="" />
		<t id="e" x="6139" y="1018" w="26" h="24" d="1654" o="" />
		<t id="ec" x="3154" y="1021" w="30" h="28" d="1600" o="" />
		<t id="f_b" x="131" y="1053" w="121" h="104" d="707" o="250" />
		<t id="f_b" x="131" y="1120" w="121" h="104" d="716" o="30" />
		<t id="f_b" x="131" y="978" w="121" h="104" d="698" o="50" />
		<t id="f_b" x="251" y="1053" w="121" h="104" d="701" o="250" />
		<t id="f_b" x="251" y="1120" w="121" h="104" d="710" o="30" />
		<t id="f_b" x="251" y="978" w="121" h="104" d="692" o="50" />
		<t id="f_b" x="371" y="1053" w="121" h="104" d="704" o="250" />
		<t id="f_b" x="371" y="1120" w="121" h="104" d="713" o="30" />
		<t id="f_b" x="371" y="978" w="121" h="104" d="695" o="50" />
		<t id="f_b_t" x="131" y="1224" w="121" h="104" d="725" o="250" />
		<t id="f_b_t" x="251" y="1224" w="121" h="104" d="719" o="250" />
		<t id="f_b_t" x="371" y="1224" w="121" h="104" d="722" o="250" />
		<t id="f_b_t" x="6018" y="1253" w="121" h="104" d="1030" o="250" />
		<t id="f_b_t" x="6138" y="1253" w="121" h="104" d="1024" o="250" />
		<t id="f_b_t" x="6258" y="1253" w="121" h="104" d="1027" o="250" />
		<t id="f_b_t" x="6379" y="1253" w="121" h="104" d="1039" o="250" />
		<t id="g" x="6202" y="1334" w="44" h="335" d="1527" o="30" />
		<t id="killerbee1a" x="5327" y="1246" w="48" h="196" d="2038" o="" />
		<t id="killerbee1b" x="2450" y="756" w="49" h="196" d="1692" o="" />
		<t id="killerbee1b" x="2909" y="466" w="49" h="196" d="1966" o="" />
		<t id="killerbee1b" x="4553" y="1360" w="49" h="196" d="1706" o="" />
		<t id="killerbee1b" x="5276" y="1366" w="49" h="196" d="1712" o="" />
		<t id="killerbee2" x="3269" y="304" w="266" h="136" d="1686" o="" />
		<t id="killerbee2" x="5018" y="1339" w="266" h="136" d="2032" o="" />
		<t id="killerbee3a" x="2867" y="566" w="266" h="74" d="1960" o="" />
		<t id="killerbee3a" x="4796" y="1241" w="266" h="74" d="2026" o="" />
		<t id="killerbee3a" x="5749" y="1342" w="266" h="74" d="2118" o="" />
		<t id="killerbee3a" x="6262" y="888" w="266" h="74" d="2090" o="" />
		<t id="killerbee3b" x="2671" y="636" w="266" h="73" d="1722" o="" />
		<t id="killerbee3b" x="6262" y="818" w="266" h="73" d="2084" o="" />
		<t id="killerbee3b" x="6262" y="959" w="266" h="73" d="2096" o="" />
		<t id="n1_r" x="3625" y="1278" w="191" h="267" d="1172" o="50" />
		<t id="n1_r" x="935" y="622" w="191" h="267" d="689" o="50" />
		<t id="n2_1" x="3933" y="1049" w="235" h="136" d="1160" o="" />
		<t id="n2_2" x="4168" y="1049" w="235" h="136" d="1163" o="" />
		<t id="n2_3" x="3933" y="1185" w="235" h="136" d="1166" o="" />
		<t id="n2_4" x="4167" y="1185" w="235" h="136" d="1169" o="" />
		<t id="orange" x="1252" y="1255" w="53" h="43" d="1718" o="-20" />
		<t id="orange" x="1286" y="515" w="53" h="43" d="1894" o="-20" />
		<t id="orange" x="1694" y="551" w="53" h="43" d="2004" o="-20" />
		<t id="orange" x="297" y="484" w="53" h="43" d="1768" o="-20" />
		<t id="orange" x="5945" y="716" w="53" h="43" d="2064" o="-20" />
		<t id="pinku" x="1470" y="559" w="53" h="43" d="1854" o="-20" />
		<t id="pinku" x="1842" y="513" w="53" h="43" d="2124" o="-20" />
		<t id="pinku" x="1911" y="1122" w="53" h="43" d="1804" o="-20" />
		<t id="pinku" x="237" y="1118" w="53" h="43" d="2128" o="-20" />
		<t id="pinku" x="3069" y="396" w="53" h="43" d="1976" o="-20" />
		<t id="pinku" x="5788" y="1146" w="53" h="43" d="2072" o="-20" />
		<t id="pinku" x="6028" y="716" w="53" h="43" d="2052" o="-20" />
		<t id="pinku" x="91" y="646" w="53" h="43" d="1760" o="-20" />
		<t id="purpu" x="1376" y="625" w="53" h="43" d="1858" o="-20" />
		<t id="purpu" x="5785" y="720" w="53" h="43" d="2056" o="-20" />
		<t id="s_b" x="1028" y="1432" w="121" h="105" d="1086" o="30" />
		<t id="s_b" x="1148" y="1432" w="121" h="105" d="1092" o="30" />
		<t id="s_b" x="1269" y="1432" w="121" h="105" d="1056" o="30" />
		<t id="s_b" x="1511" y="1432" w="121" h="105" d="1064" o="250" />
		<t id="s_b" x="1632" y="1432" w="121" h="105" d="1089" o="250" />
		<t id="s_b" x="1753" y="1432" w="121" h="105" d="1095" o="250" />
		<t id="s_b" x="181" y="1432" w="121" h="105" d="1083" o="50" />
		<t id="s_b" x="1995" y="1432" w="121" h="105" d="1098" o="250" />
		<t id="s_b" x="2116" y="1432" w="121" h="105" d="1101" o="250" />
		<t id="s_b" x="2237" y="1432" w="121" h="105" d="1104" o="250" />
		<t id="s_b" x="2639" y="1432" w="121" h="105" d="1107" o="250" />
		<t id="s_b" x="2919" y="1432" w="121" h="105" d="1110" o="250" />
		<t id="s_b" x="302" y="1432" w="121" h="105" d="1021" o="50" />
		<t id="s_b" x="544" y="1432" w="121" h="105" d="1015" o="30" />
		<t id="s_b" x="6048" y="1432" w="121" h="105" d="1126" o="250" />
		<t id="s_b" x="6169" y="1432" w="121" h="105" d="1129" o="250" />
		<t id="s_b" x="6289" y="1432" w="121" h="105" d="1132" o="250" />
		<t id="s_b" x="665" y="1432" w="121" h="105" d="1018" o="30" />
		<t id="s_b" x="786" y="1432" w="121" h="105" d="1009" o="30" />
		<t id="s_b" x="907" y="1432" w="121" h="105" d="1012" o="30" />
		<t id="s_l" x="2518" y="1432" w="22" h="104" d="2253" o="90" />
		<t id="s_l" x="2798" y="1432" w="22" h="104" d="2259" o="90" />
		<t id="s_l" x="3079" y="1432" w="22" h="104" d="2262" o="90" />
		<t id="s_l" x="3600" y="1432" w="22" h="104" d="1059" o="90" />
		<t id="s_l" x="4144" y="1432" w="22" h="104" d="2241" o="90" />
		<t id="s_l" x="5806" y="1432" w="22" h="104" d="2238" o="90" />
		<t id="s_r" x="2380" y="1432" w="23" h="104" d="2250" o="90" />
		<t id="s_r" x="2661" y="1432" w="23" h="104" d="2247" o="90" />
		<t id="s_r" x="2941" y="1432" w="23" h="104" d="2256" o="90" />
		<t id="s_r" x="3222" y="1432" w="23" h="104" d="1113" o="90" />
		<t id="s_r" x="3743" y="1432" w="23" h="104" d="1116" o="90" />
		<t id="s_r" x="4287" y="1432" w="23" h="104" d="2244" o="90" />
		<t id="snowspider" x="137" y="874" w="92" h="56" d="1748" o="0" />
		<t id="snowspider" x="211" y="1328" w="92" h="56" d="1702" o="0" />
		<t id="snowspider" x="2122" y="1328" w="92" h="56" d="1836" o="200" />
		<t id="snowspider" x="2636" y="1327" w="92" h="56" d="1928" o="200" />
		<t id="snowspider" x="2916" y="1327" w="92" h="56" d="1940" o="200" />
		<t id="snowspider" x="6009" y="1147" w="92" h="56" d="2102" o="200" />
		<t id="speedywood" x="100" y="1119" w="53" h="43" d="1984" o="0" />
		<t id="speedywood" x="1216" y="514" w="53" h="43" d="1878" o="0" />
		<t id="speedywood" x="1910" y="515" w="53" h="43" d="2012" o="0" />
		<t id="speedywood" x="2980" y="396" w="53" h="43" d="1956" o="0" />
		<t id="speedywood" x="5707" y="717" w="53" h="43" d="2060" o="0" />
		<t id="speedywood" x="5773" y="911" w="53" h="43" d="2080" o="0" />
		<t id="spider_fall" x="1658" y="594" w="141" h="251" d="1898" o="0" />
		<t id="spider_fall" x="3891" y="915" w="141" h="251" d="2016" o="0" />
		<t id="spider_fall" x="579" y="410" w="141" h="251" d="1840" o="0" />
		<t id="spider_run" x="1491" y="1326" w="27" h="15" d="1816" o="0" />
		<t id="spider_run" x="156" y="1013" w="27" h="15" d="1784" o="0" />
		<t id="spider_run" x="1711" y="1327" w="27" h="15" d="1812" o="0" />
		<t id="spider_run" x="1901" y="1327" w="27" h="15" d="1908" o="0" />
		<t id="spider_run" x="2001" y="1327" w="27" h="15" d="1912" o="0" />
		<t id="spider_run" x="2161" y="1327" w="27" h="15" d="1916" o="0" />
		<t id="spider_run" x="248" y="1327" w="27" h="15" d="1736" o="0" />
		<t id="spider_run" x="2560" y="1328" w="27" h="15" d="1698" o="0" />
		<t id="spider_run" x="270" y="1013" w="27" h="15" d="1788" o="0" />
		<t id="spider_run" x="87" y="1013" w="27" h="15" d="1744" o="0" />
		<t id="spider_run" x="98" y="1327" w="27" h="15" d="1740" o="0" />
		<t id="spider_web" x="3529" y="1144" w="60" h="65" d="1944" o="0" />
		<t id="spider_web" x="3933" y="1053" w="60" h="65" d="2114" o="0" />
		<t id="spider_web" x="821" y="413" w="60" h="65" d="1850" o="0" />
		<t id="stamm_s" x="3429" y="1392" w="150" h="42" d="1067" o="30" />
		<t id="stamm_s" x="4028" y="1392" w="150" h="42" d="1005" o="30" />
		<t id="stamm_s" x="4494" y="1392" w="150" h="42" d="1071" o="30" />
		<t id="stamm_s" x="4751" y="1392" w="150" h="42" d="1052" o="30" />
		<t id="stamm_s" x="4971" y="1392" w="150" h="42" d="1048" o="30" />
		<t id="stamm_s" x="5211" y="1392" w="150" h="42" d="1075" o="30" />
		<t id="stamm_s" x="5493" y="1392" w="150" h="42" d="1156" o="30" />
		<t id="stamm_s" x="5701" y="1392" w="150" h="42" d="1044" o="30" />
		<t id="swmp" x="2498" y="1433" w="120" h="61" d="2150" o="30" />
		<t id="swmp" x="2778" y="1433" w="120" h="61" d="2186" o="30" />
		<t id="swmp" x="3059" y="1433" w="120" h="61" d="2206" o="30" />
		<t id="swmp" x="3340" y="1433" w="120" h="61" d="2190" o="30" />
		<t id="swmp" x="3460" y="1433" w="120" h="61" d="2154" o="30" />
		<t id="swmp" x="3580" y="1433" w="120" h="61" d="2158" o="30" />
		<t id="swmp" x="3861" y="1433" w="120" h="61" d="2194" o="30" />
		<t id="swmp" x="3981" y="1433" w="120" h="61" d="2162" o="30" />
		<t id="swmp" x="4101" y="1433" w="120" h="61" d="2166" o="30" />
		<t id="swmp" x="4124" y="1433" w="120" h="61" d="1122" o="30" />
		<t id="swmp" x="4405" y="1433" w="120" h="61" d="2210" o="30" />
		<t id="swmp" x="4525" y="1433" w="120" h="61" d="2214" o="30" />
		<t id="swmp" x="4645" y="1433" w="120" h="61" d="2218" o="30" />
		<t id="swmp" x="4765" y="1433" w="120" h="61" d="2222" o="30" />
		<t id="swmp" x="4884" y="1433" w="120" h="61" d="2226" o="30" />
		<t id="swmp" x="4977" y="1433" w="120" h="61" d="2170" o="30" />
		<t id="swmp" x="5097" y="1433" w="120" h="61" d="2174" o="30" />
		<t id="swmp" x="5217" y="1433" w="120" h="61" d="2178" o="30" />
		<t id="swmp" x="5337" y="1433" w="120" h="61" d="2182" o="30" />
		<t id="swmp" x="5446" y="1433" w="120" h="61" d="2230" o="30" />
		<t id="swmp" x="5566" y="1433" w="120" h="61" d="2234" o="30" />
		<t id="swmp" x="5666" y="1433" w="120" h="61" d="2198" o="30" />
		<t id="swmp" x="5786" y="1433" w="120" h="61" d="2202" o="30" />
		<t id="t2_b" x="130" y="1328" w="121" h="104" d="728" o="" />
		<t id="t2_b" x="251" y="1328" w="121" h="104" d="730" o="" />
		<t id="t2_b" x="371" y="1328" w="121" h="104" d="732" o="" />
		<t id="t2_b" x="6016" y="1357" w="121" h="104" d="1033" o="" />
		<t id="t2_b" x="6137" y="1357" w="121" h="104" d="1035" o="" />
		<t id="t2_b" x="6258" y="1357" w="121" h="104" d="1037" o="" />
		<t id="t2_b" x="6379" y="1357" w="121" h="104" d="1042" o="" />
		<t id="t_f_a1_l" x="1122" y="461" w="50" h="21" d="847" o="30" />
		<t id="t_f_a1_l" x="1292" y="1191" w="50" h="21" d="2322" o="30" />
		<t id="t_f_a1_l" x="1614" y="614" w="50" h="21" d="862" o="30" />
		<t id="t_f_a1_l" x="1782" y="1133" w="50" h="21" d="2350" o="30" />
		<t id="t_f_a1_l" x="2532" y="716" w="50" h="21" d="981" o="30" />
		<t id="t_f_a1_l" x="2735" y="548" w="50" h="21" d="990" o="30" />
		<t id="t_f_a1_l" x="2735" y="696" w="50" h="21" d="987" o="30" />
		<t id="t_f_a1_l" x="327" y="610" w="50" h="21" d="1296" o="30" />
		<t id="t_f_a1_l" x="331" y="424" w="50" h="21" d="2395" o="30" />
		<t id="t_f_a1_l" x="5831" y="1054" w="50" h="21" d="2606" o="30" />
		<t id="t_f_a1_l" x="5831" y="1254" w="50" h="21" d="2600" o="30" />
		<t id="t_f_a1_l" x="5831" y="854" w="50" h="21" d="2612" o="30" />
		<t id="t_f_a1_r" x="1415" y="1208" w="50" h="21" d="2331" o="30" />
		<t id="t_f_a1_r" x="1891" y="1290" w="50" h="21" d="2353" o="30" />
		<t id="t_f_a1_r" x="1900" y="1015" w="50" h="21" d="2409" o="30" />
		<t id="t_f_a1_r" x="2380" y="738" w="50" h="21" d="2490" o="30" />
		<t id="t_f_a1_r" x="2600" y="701" w="50" h="21" d="984" o="30" />
		<t id="t_f_a1_r" x="3221" y="1289" w="50" h="21" d="2629" o="30" />
		<t id="t_f_a1_r" x="3225" y="1006" w="50" h="21" d="2473" o="30" />
		<t id="t_f_a1_r" x="4282" y="1289" w="50" h="21" d="2632" o="30" />
		<t id="t_f_a1_r" x="442" y="1291" w="50" h="21" d="2307" o="30" />
		<t id="t_f_a1_r" x="5952" y="1213" w="50" h="21" d="2626" o="30" />
		<t id="t_f_a1_r" x="653" y="550" w="50" h="21" d="999" o="30" />
		<t id="t_f_a2_l" x="1292" y="1271" w="108" h="24" d="2325" o="60" />
		<t id="t_f_a2_l" x="1407" y="641" w="108" h="24" d="853" o="60" />
		<t id="t_f_a2_l" x="1615" y="350" w="108" h="24" d="859" o="60" />
		<t id="t_f_a2_l" x="1779" y="1028" w="108" h="24" d="2406" o="60" />
		<t id="t_f_a2_l" x="327" y="500" w="108" h="24" d="1293" o="60" />
		<t id="t_f_a2_l" x="5831" y="1164" w="108" h="24" d="2603" o="60" />
		<t id="t_f_a2_r" x="143" y="662" w="108" h="24" d="1241" o="60" />
		<t id="t_f_a2_r" x="1471" y="1292" w="108" h="24" d="2328" o="60" />
		<t id="t_f_a2_r" x="1530" y="576" w="108" h="24" d="856" o="60" />
		<t id="t_f_a2_r" x="1739" y="568" w="108" h="24" d="901" o="60" />
		<t id="t_f_a2_r" x="2080" y="489" w="108" h="24" d="904" o="60" />
		<t id="t_f_a2_r" x="2437" y="1207" w="108" h="24" d="2498" o="60" />
		<t id="t_f_a2_r" x="2861" y="657" w="108" h="24" d="1002" o="60" />
		<t id="t_f_a2_r" x="2863" y="482" w="108" h="24" d="993" o="60" />
		<t id="t_f_a2_r" x="3804" y="676" w="108" h="24" d="2539" o="60" />
		<t id="t_f_a2_r" x="501" y="420" w="108" h="24" d="2319" o="60" />
		<t id="t_f_a2_r" x="506" y="167" w="108" h="24" d="1316" o="60" />
		<t id="t_f_a3_l" x="1958" y="543" w="200" h="31" d="996" o="60" />
		<t id="t_f_a3_l" x="3107" y="427" w="200" h="31" d="2506" o="60" />
		<t id="t_f_a3_l" x="3627" y="1303" w="200" h="31" d="1332" o="60" />
		<t id="t_f_a3_l" x="4173" y="1208" w="200" h="31" d="1490" o="60" />
		<t id="t_f_a3_l" x="5835" y="945" w="200" h="31" d="2609" o="60" />
		<t id="t_f_a3_l" x="5838" y="745" w="200" h="31" d="2594" o="60" />
		<t id="t_f_a3_l" x="937" y="647" w="200" h="31" d="842" o="60" />
		<t id="t_f_a3_l_d" x="3627" y="1038" w="200" h="31" d="1353" o="30" />
		<t id="t_f_a3_l_d" x="4173" y="937" w="200" h="31" d="1488" o="30" />
		<t id="t_f_a3_l_d" x="937" y="382" w="200" h="31" d="845" o="30" />
		<t id="t_f_a3_r" x="1338" y="544" w="200" h="31" d="850" o="60" />
		<t id="t_f_a3_r" x="2045" y="1150" w="200" h="31" d="2403" o="60" />
		<t id="t_f_a3_r" x="3893" y="1208" w="200" h="31" d="1493" o="60" />
		<t id="t_f_a3_r" x="6094" y="745" w="200" h="31" d="2597" o="60" />
		<t id="t_f_a3_r_d" x="3893" y="937" w="200" h="31" d="1520" o="30" />
		<t id="t_f_b" x="1153" y="1328" w="41" h="21" d="770" o="" />
		<t id="t_f_b" x="1433" y="1328" w="41" h="21" d="617" o="" />
		<t id="t_f_b" x="1643" y="1328" w="41" h="21" d="806" o="" />
		<t id="t_f_b" x="1985" y="1329" w="41" h="21" d="653" o="" />
		<t id="t_f_b" x="2563" y="1328" w="41" h="21" d="907" o="" />
		<t id="t_f_b" x="2766" y="1385" w="41" h="21" d="943" o="" />
		<t id="t_f_b" x="613" y="1328" w="41" h="21" d="865" o="" />
		<t id="t_f_b" x="6162" y="1149" w="41" h="21" d="1525" o="" />
		<t id="t_f_b" x="962" y="1328" w="41" h="21" d="734" o="" />
		<t id="t_f_t" x="6163" y="1128" w="41" h="25" d="1522" o="30" />
		<t id="t_f_t1" x="1145" y="1070" w="25" h="79" d="778" o="" />
		<t id="t_f_t1" x="1145" y="1149" w="25" h="79" d="776" o="" />
		<t id="t_f_t1" x="1145" y="1307" w="25" h="79" d="772" o="" />
		<t id="t_f_t1" x="1145" y="280" w="25" h="79" d="798" o="" />
		<t id="t_f_t1" x="1145" y="438" w="25" h="79" d="794" o="" />
		<t id="t_f_t1" x="1145" y="596" w="25" h="79" d="790" o="" />
		<t id="t_f_t1" x="1145" y="675" w="25" h="79" d="788" o="" />
		<t id="t_f_t1" x="1145" y="754" w="25" h="79" d="786" o="" />
		<t id="t_f_t1" x="1425" y="1070" w="25" h="79" d="625" o="" />
		<t id="t_f_t1" x="1425" y="1149" w="25" h="79" d="623" o="" />
		<t id="t_f_t1" x="1425" y="1307" w="25" h="79" d="619" o="" />
		<t id="t_f_t1" x="1425" y="280" w="25" h="79" d="645" o="" />
		<t id="t_f_t1" x="1425" y="438" w="25" h="79" d="641" o="" />
		<t id="t_f_t1" x="1425" y="596" w="25" h="79" d="637" o="" />
		<t id="t_f_t1" x="1425" y="675" w="25" h="79" d="635" o="" />
		<t id="t_f_t1" x="1425" y="754" w="25" h="79" d="633" o="" />
		<t id="t_f_t1" x="1635" y="1070" w="25" h="79" d="814" o="" />
		<t id="t_f_t1" x="1635" y="1228" w="25" h="79" d="810" o="" />
		<t id="t_f_t1" x="1635" y="1307" w="25" h="79" d="808" o="" />
		<t id="t_f_t1" x="1635" y="438" w="25" h="79" d="830" o="" />
		<t id="t_f_t1" x="1635" y="596" w="25" h="79" d="826" o="" />
		<t id="t_f_t1" x="1635" y="754" w="25" h="79" d="822" o="" />
		<t id="t_f_t1" x="1977" y="1071" w="25" h="79" d="661" o="" />
		<t id="t_f_t1" x="1977" y="1150" w="25" h="79" d="659" o="" />
		<t id="t_f_t1" x="1977" y="1308" w="25" h="79" d="655" o="" />
		<t id="t_f_t1" x="1977" y="281" w="25" h="79" d="681" o="" />
		<t id="t_f_t1" x="1977" y="439" w="25" h="79" d="677" o="" />
		<t id="t_f_t1" x="1977" y="597" w="25" h="79" d="673" o="" />
		<t id="t_f_t1" x="1977" y="676" w="25" h="79" d="671" o="" />
		<t id="t_f_t1" x="1977" y="755" w="25" h="79" d="669" o="" />
		<t id="t_f_t1" x="2555" y="1070" w="25" h="79" d="915" o="" />
		<t id="t_f_t1" x="2555" y="1149" w="25" h="79" d="913" o="" />
		<t id="t_f_t1" x="2555" y="1228" w="25" h="79" d="911" o="" />
		<t id="t_f_t1" x="2555" y="438" w="25" h="79" d="931" o="" />
		<t id="t_f_t1" x="2555" y="596" w="25" h="79" d="927" o="" />
		<t id="t_f_t1" x="2555" y="754" w="25" h="79" d="923" o="" />
		<t id="t_f_t1" x="2758" y="1127" w="25" h="79" d="951" o="" />
		<t id="t_f_t1" x="2758" y="1285" w="25" h="79" d="947" o="" />
		<t id="t_f_t1" x="2758" y="1364" w="25" h="79" d="945" o="" />
		<t id="t_f_t1" x="2758" y="337" w="25" h="79" d="971" o="" />
		<t id="t_f_t1" x="2758" y="495" w="25" h="79" d="967" o="" />
		<t id="t_f_t1" x="2758" y="653" w="25" h="79" d="963" o="" />
		<t id="t_f_t1" x="2758" y="811" w="25" h="79" d="959" o="" />
		<t id="t_f_t1" x="605" y="1070" w="25" h="79" d="873" o="" />
		<t id="t_f_t1" x="605" y="1228" w="25" h="79" d="869" o="" />
		<t id="t_f_t1" x="605" y="1307" w="25" h="79" d="867" o="" />
		<t id="t_f_t1" x="605" y="438" w="25" h="79" d="889" o="" />
		<t id="t_f_t1" x="605" y="596" w="25" h="79" d="885" o="" />
		<t id="t_f_t1" x="605" y="754" w="25" h="79" d="881" o="" />
		<t id="t_f_t1" x="954" y="1070" w="25" h="79" d="742" o="" />
		<t id="t_f_t1" x="954" y="1228" w="25" h="79" d="738" o="" />
		<t id="t_f_t1" x="954" y="1307" w="25" h="79" d="736" o="" />
		<t id="t_f_t1" x="954" y="438" w="25" h="79" d="758" o="" />
		<t id="t_f_t1" x="954" y="596" w="25" h="79" d="754" o="" />
		<t id="t_f_t1" x="954" y="754" w="25" h="79" d="750" o="" />
		<t id="t_f_t2" x="1145" y="517" w="25" h="79" d="792" o="" />
		<t id="t_f_t2" x="1145" y="833" w="25" h="79" d="784" o="" />
		<t id="t_f_t2" x="1145" y="991" w="25" h="79" d="780" o="" />
		<t id="t_f_t2" x="1425" y="517" w="25" h="79" d="639" o="" />
		<t id="t_f_t2" x="1425" y="833" w="25" h="79" d="631" o="" />
		<t id="t_f_t2" x="1425" y="991" w="25" h="79" d="627" o="" />
		<t id="t_f_t2" x="1635" y="1149" w="25" h="79" d="812" o="" />
		<t id="t_f_t2" x="1635" y="833" w="25" h="79" d="820" o="" />
		<t id="t_f_t2" x="1977" y="518" w="25" h="79" d="675" o="" />
		<t id="t_f_t2" x="1977" y="834" w="25" h="79" d="667" o="" />
		<t id="t_f_t2" x="1977" y="992" w="25" h="79" d="663" o="" />
		<t id="t_f_t2" x="2555" y="280" w="25" h="79" d="935" o="" />
		<t id="t_f_t2" x="2555" y="675" w="25" h="79" d="925" o="" />
		<t id="t_f_t2" x="2555" y="833" w="25" h="79" d="921" o="" />
		<t id="t_f_t2" x="2758" y="1206" w="25" h="79" d="949" o="" />
		<t id="t_f_t2" x="2758" y="890" w="25" h="79" d="957" o="" />
		<t id="t_f_t2" x="605" y="1149" w="25" h="79" d="871" o="" />
		<t id="t_f_t2" x="605" y="833" w="25" h="79" d="879" o="" />
		<t id="t_f_t2" x="954" y="1149" w="25" h="79" d="740" o="" />
		<t id="t_f_t2" x="954" y="833" w="25" h="79" d="748" o="" />
		<t id="t_f_t3" x="1145" y="1228" w="25" h="79" d="774" o="" />
		<t id="t_f_t3" x="1145" y="126" w="25" h="79" d="802" o="" />
		<t id="t_f_t3" x="1145" y="203" w="25" h="79" d="800" o="" />
		<t id="t_f_t3" x="1145" y="359" w="25" h="79" d="796" o="" />
		<t id="t_f_t3" x="1145" y="49" w="25" h="79" d="804" o="" />
		<t id="t_f_t3" x="1145" y="912" w="25" h="79" d="782" o="" />
		<t id="t_f_t3" x="1425" y="1228" w="25" h="79" d="621" o="" />
		<t id="t_f_t3" x="1425" y="126" w="25" h="79" d="649" o="" />
		<t id="t_f_t3" x="1425" y="203" w="25" h="79" d="647" o="" />
		<t id="t_f_t3" x="1425" y="359" w="25" h="79" d="643" o="" />
		<t id="t_f_t3" x="1425" y="49" w="25" h="79" d="651" o="" />
		<t id="t_f_t3" x="1425" y="912" w="25" h="79" d="629" o="" />
		<t id="t_f_t3" x="1635" y="126" w="25" h="79" d="838" o="" />
		<t id="t_f_t3" x="1635" y="203" w="25" h="79" d="836" o="" />
		<t id="t_f_t3" x="1635" y="280" w="25" h="79" d="834" o="" />
		<t id="t_f_t3" x="1635" y="359" w="25" h="79" d="832" o="" />
		<t id="t_f_t3" x="1635" y="49" w="25" h="79" d="840" o="" />
		<t id="t_f_t3" x="1635" y="517" w="25" h="79" d="828" o="" />
		<t id="t_f_t3" x="1635" y="675" w="25" h="79" d="824" o="" />
		<t id="t_f_t3" x="1635" y="912" w="25" h="79" d="818" o="" />
		<t id="t_f_t3" x="1635" y="991" w="25" h="79" d="816" o="" />
		<t id="t_f_t3" x="1977" y="1229" w="25" h="79" d="657" o="" />
		<t id="t_f_t3" x="1977" y="127" w="25" h="79" d="685" o="" />
		<t id="t_f_t3" x="1977" y="204" w="25" h="79" d="683" o="" />
		<t id="t_f_t3" x="1977" y="360" w="25" h="79" d="679" o="" />
		<t id="t_f_t3" x="1977" y="50" w="25" h="79" d="687" o="" />
		<t id="t_f_t3" x="1977" y="913" w="25" h="79" d="665" o="" />
		<t id="t_f_t3" x="2555" y="126" w="25" h="79" d="939" o="" />
		<t id="t_f_t3" x="2555" y="1307" w="25" h="79" d="909" o="" />
		<t id="t_f_t3" x="2555" y="203" w="25" h="79" d="937" o="" />
		<t id="t_f_t3" x="2555" y="359" w="25" h="79" d="933" o="" />
		<t id="t_f_t3" x="2555" y="49" w="25" h="79" d="941" o="" />
		<t id="t_f_t3" x="2555" y="517" w="25" h="79" d="929" o="" />
		<t id="t_f_t3" x="2555" y="912" w="25" h="79" d="919" o="" />
		<t id="t_f_t3" x="2555" y="991" w="25" h="79" d="917" o="" />
		<t id="t_f_t3" x="2758" y="1048" w="25" h="79" d="953" o="" />
		<t id="t_f_t3" x="2758" y="106" w="25" h="79" d="977" o="" />
		<t id="t_f_t3" x="2758" y="183" w="25" h="79" d="975" o="" />
		<t id="t_f_t3" x="2758" y="260" w="25" h="79" d="973" o="" />
		<t id="t_f_t3" x="2758" y="27" w="25" h="79" d="979" o="" />
		<t id="t_f_t3" x="2758" y="416" w="25" h="79" d="969" o="" />
		<t id="t_f_t3" x="2758" y="574" w="25" h="79" d="965" o="" />
		<t id="t_f_t3" x="2758" y="732" w="25" h="79" d="961" o="" />
		<t id="t_f_t3" x="2758" y="969" w="25" h="79" d="955" o="" />
		<t id="t_f_t3" x="605" y="126" w="25" h="79" d="897" o="" />
		<t id="t_f_t3" x="605" y="203" w="25" h="79" d="895" o="" />
		<t id="t_f_t3" x="605" y="280" w="25" h="79" d="893" o="" />
		<t id="t_f_t3" x="605" y="359" w="25" h="79" d="891" o="" />
		<t id="t_f_t3" x="605" y="49" w="25" h="79" d="899" o="" />
		<t id="t_f_t3" x="605" y="517" w="25" h="79" d="887" o="" />
		<t id="t_f_t3" x="605" y="675" w="25" h="79" d="883" o="" />
		<t id="t_f_t3" x="605" y="912" w="25" h="79" d="877" o="" />
		<t id="t_f_t3" x="605" y="991" w="25" h="79" d="875" o="" />
		<t id="t_f_t3" x="954" y="126" w="25" h="79" d="766" o="" />
		<t id="t_f_t3" x="954" y="203" w="25" h="79" d="764" o="" />
		<t id="t_f_t3" x="954" y="280" w="25" h="79" d="762" o="" />
		<t id="t_f_t3" x="954" y="359" w="25" h="79" d="760" o="" />
		<t id="t_f_t3" x="954" y="49" w="25" h="79" d="768" o="" />
		<t id="t_f_t3" x="954" y="517" w="25" h="79" d="756" o="" />
		<t id="t_f_t3" x="954" y="675" w="25" h="79" d="752" o="" />
		<t id="t_f_t3" x="954" y="912" w="25" h="79" d="746" o="" />
		<t id="t_f_t3" x="954" y="991" w="25" h="79" d="744" o="" />
		<t id="t_s_b" x="1390" y="1432" w="121" h="147" d="1181" o="90" />
		<t id="t_s_b" x="1874" y="1432" w="121" h="147" d="1184" o="90" />
		<t id="t_s_b" x="2358" y="1432" w="121" h="147" d="1175" o="90" />
		<t id="t_s_b" x="3200" y="1432" w="121" h="147" d="1485" o="90" />
		<t id="t_s_b" x="3721" y="1432" w="121" h="147" d="1178" o="90" />
		<t id="t_s_b" x="423" y="1432" w="121" h="147" d="1246" o="90" />
		<t id="t_s_b" x="4265" y="1432" w="121" h="147" d="1119" o="90" />
		<t id="t_s_b" x="5927" y="1432" w="121" h="147" d="1135" o="90" />
		<t id="t_s_b" x="60" y="1432" w="121" h="147" d="1187" o="90" />
		<t id="t_s_b" x="6410" y="1432" w="121" h="147" d="1440" o="90" />
		<t id="t_s_h_s_b" x="1369" y="1285" w="79" h="79" d="1299" o="" />
		<t id="t_s_h_s_b" x="1854" y="1128" w="79" h="79" d="1307" o="" />
		<t id="t_s_h_s_b" x="1854" y="1285" w="79" h="79" d="1305" o="" />
		<t id="t_s_h_s_b" x="2337" y="1206" w="79" h="79" d="1314" o="" />
		<t id="t_s_h_s_b" x="2337" y="733" w="79" h="79" d="1360" o="" />
		<t id="t_s_h_s_b" x="3179" y="1285" w="79" h="79" d="1322" o="" />
		<t id="t_s_h_s_b" x="3700" y="890" w="79" h="79" d="1368" o="" />
		<t id="t_s_h_s_b" x="402" y="1285" w="79" h="79" d="1244" o="" />
		<t id="t_s_h_s_b" x="402" y="416" w="79" h="79" d="1279" o="" />
		<t id="t_s_h_s_b" x="4244" y="1285" w="79" h="79" d="1370" o="" />
		<t id="t_s_h_s_b" x="5906" y="1285" w="79" h="79" d="1434" o="" />
		<t id="t_s_h_s_b" x="5906" y="732" w="79" h="79" d="1438" o="" />
		<t id="t_s_h_s_b" x="5906" y="969" w="79" h="79" d="1436" o="" />
		<t id="t_s_h_s_f" x="2337" y="1206" w="79" h="79" d="2356" o="" />
		<t id="t_s_h_s_f" x="402" y="1285" w="79" h="79" d="2298" o="" />
		<t id="t_s_h_s_f" x="402" y="416" w="79" h="79" d="2310" o="" />
		<t id="t_s_h_s_f" x="4244" y="1285" w="79" h="79" d="2525" o="" />
		<t id="t_s_h_s_f" x="5906" y="732" w="79" h="79" d="2585" o="" />
		<t id="t_s_t" x="3706" y="416" w="91" h="25" d="1408" o="30" />
		<t id="t_s_t" x="4251" y="495" w="91" h="25" d="1411" o="30" />
		<t id="t_s_t" x="5913" y="258" w="91" h="25" d="1429" o="30" />
		<t id="t_s_t" x="6395" y="258" w="91" h="25" d="1482" o="30" />
		<t id="t_s_t1" x="3700" y="1285" w="79" h="79" d="1326" o="30" />
		<t id="t_s_t1" x="3700" y="574" w="79" h="79" d="1402" o="30" />
		<t id="t_s_t1" x="3700" y="969" w="79" h="79" d="1355" o="30" />
		<t id="t_s_t1" x="39" y="100" w="79" h="79" d="1235" o="30" />
		<t id="t_s_t1" x="39" y="1127" w="79" h="79" d="1196" o="30" />
		<t id="t_s_t1" x="39" y="1285" w="79" h="79" d="1190" o="30" />
		<t id="t_s_t1" x="39" y="21" w="79" h="79" d="1238" o="30" />
		<t id="t_s_t1" x="39" y="337" w="79" h="79" d="1226" o="30" />
		<t id="t_s_t1" x="39" y="495" w="79" h="79" d="1220" o="30" />
		<t id="t_s_t1" x="39" y="653" w="79" h="79" d="1214" o="30" />
		<t id="t_s_t1" x="39" y="732" w="79" h="79" d="1211" o="30" />
		<t id="t_s_t1" x="39" y="890" w="79" h="79" d="1205" o="30" />
		<t id="t_s_t1" x="402" y="100" w="79" h="79" d="1287" o="30" />
		<t id="t_s_t1" x="402" y="1048" w="79" h="79" d="1255" o="30" />
		<t id="t_s_t1" x="402" y="1206" w="79" h="79" d="1249" o="30" />
		<t id="t_s_t1" x="402" y="21" w="79" h="79" d="1290" o="30" />
		<t id="t_s_t1" x="402" y="653" w="79" h="79" d="1270" o="30" />
		<t id="t_s_t1" x="402" y="811" w="79" h="79" d="1264" o="30" />
		<t id="t_s_t1" x="402" y="969" w="79" h="79" d="1258" o="30" />
		<t id="t_s_t1" x="4244" y="1206" w="79" h="79" d="1372" o="30" />
		<t id="t_s_t1" x="4244" y="732" w="79" h="79" d="1390" o="30" />
		<t id="t_s_t1" x="4244" y="969" w="79" h="79" d="1381" o="30" />
		<t id="t_s_t1" x="5906" y="495" w="79" h="79" d="1420" o="30" />
		<t id="t_s_t1" x="6389" y="1127" w="79" h="79" d="1449" o="30" />
		<t id="t_s_t1" x="6389" y="1285" w="79" h="79" d="1443" o="30" />
		<t id="t_s_t1" x="6389" y="337" w="79" h="79" d="1479" o="30" />
		<t id="t_s_t1" x="6389" y="416" w="79" h="79" d="1476" o="30" />
		<t id="t_s_t1" x="6389" y="495" w="79" h="79" d="1473" o="30" />
		<t id="t_s_t1" x="6389" y="653" w="79" h="79" d="1467" o="30" />
		<t id="t_s_t1" x="6389" y="732" w="79" h="79" d="1464" o="30" />
		<t id="t_s_t1" x="6389" y="890" w="79" h="79" d="1458" o="30" />
		<t id="t_s_t2" x="2337" y="1285" w="79" h="79" d="1311" o="30" />
		<t id="t_s_t2" x="3700" y="1048" w="79" h="79" d="1350" o="30" />
		<t id="t_s_t2" x="3700" y="1206" w="79" h="79" d="1329" o="30" />
		<t id="t_s_t2" x="3700" y="495" w="79" h="79" d="1405" o="30" />
		<t id="t_s_t2" x="39" y="1206" w="79" h="79" d="1193" o="30" />
		<t id="t_s_t2" x="39" y="179" w="79" h="79" d="1232" o="30" />
		<t id="t_s_t2" x="39" y="416" w="79" h="79" d="1223" o="30" />
		<t id="t_s_t2" x="39" y="811" w="79" h="79" d="1208" o="30" />
		<t id="t_s_t2" x="39" y="969" w="79" h="79" d="1202" o="30" />
		<t id="t_s_t2" x="402" y="1127" w="79" h="79" d="1252" o="30" />
		<t id="t_s_t2" x="402" y="179" w="79" h="79" d="1284" o="30" />
		<t id="t_s_t2" x="402" y="495" w="79" h="79" d="1276" o="30" />
		<t id="t_s_t2" x="402" y="732" w="79" h="79" d="1267" o="30" />
		<t id="t_s_t2" x="4244" y="1127" w="79" h="79" d="1375" o="30" />
		<t id="t_s_t2" x="4244" y="574" w="79" h="79" d="1396" o="30" />
		<t id="t_s_t2" x="4244" y="653" w="79" h="79" d="1393" o="30" />
		<t id="t_s_t2" x="4244" y="890" w="79" h="79" d="1384" o="30" />
		<t id="t_s_t2" x="5906" y="337" w="79" h="79" d="1426" o="30" />
		<t id="t_s_t2" x="5906" y="416" w="79" h="79" d="1423" o="30" />
		<t id="t_s_t2" x="5906" y="653" w="79" h="79" d="1414" o="30" />
		<t id="t_s_t2" x="6389" y="1206" w="79" h="79" d="1446" o="30" />
		<t id="t_s_t2" x="6389" y="574" w="79" h="79" d="1470" o="30" />
		<t id="t_s_t2" x="6389" y="811" w="79" h="79" d="1461" o="30" />
		<t id="t_s_t2" x="6389" y="969" w="79" h="79" d="1455" o="30" />
		<t id="t_s_t3" x="3700" y="1127" w="79" h="79" d="1347" o="30" />
		<t id="t_s_t3" x="3700" y="653" w="79" h="79" d="1399" o="30" />
		<t id="t_s_t3" x="39" y="1048" w="79" h="79" d="1199" o="30" />
		<t id="t_s_t3" x="39" y="258" w="79" h="79" d="1229" o="30" />
		<t id="t_s_t3" x="39" y="574" w="79" h="79" d="1217" o="30" />
		<t id="t_s_t3" x="402" y="258" w="79" h="79" d="1281" o="30" />
		<t id="t_s_t3" x="402" y="337" w="79" h="79" d="1319" o="30" />
		<t id="t_s_t3" x="402" y="574" w="79" h="79" d="1273" o="30" />
		<t id="t_s_t3" x="402" y="890" w="79" h="79" d="1261" o="30" />
		<t id="t_s_t3" x="4244" y="1048" w="79" h="79" d="1378" o="30" />
		<t id="t_s_t3" x="4244" y="811" w="79" h="79" d="1387" o="30" />
		<t id="t_s_t3" x="5906" y="574" w="79" h="79" d="1417" o="30" />
		<t id="t_s_t3" x="6389" y="1048" w="79" h="79" d="1452" o="30" />
		<t id="t_t_bd_r" x="1369" y="1285" w="79" h="92" d="2284" o="30" />
		<t id="t_t_bd_r" x="2337" y="732" w="79" h="92" d="2481" o="30" />
		<t id="t_t_bd_r" x="5906" y="1285" w="79" h="92" d="2542" o="30" />
		<t id="t_t_bds" x="1854" y="1285" w="79" h="92" d="2334" o="30" />
		<t id="t_t_bds" x="3179" y="1285" w="79" h="92" d="2412" o="30" />
		<t id="t_t_bds" x="3700" y="890" w="79" h="92" d="2514" o="30" />
		<t id="t_t_d_l" x="1854" y="1127" w="79" h="79" d="2275" o="30" />
		<t id="t_t_d_r" x="5906" y="969" w="79" h="79" d="2566" o="30" />
		<t id="t_t_h" x="1369" y="1206" w="79" h="79" d="2265" o="30" />
		<t id="t_t_h" x="3179" y="1048" w="79" h="79" d="2428" o="30" />
		<t id="t_t_h" x="5906" y="1127" w="79" h="79" d="2556" o="30" />
		<t id="t_t_h_b" x="1369" y="1206" w="79" h="79" d="1303" o="" />
		<t id="t_t_h_b" x="3179" y="1048" w="79" h="79" d="1324" o="" />
		<t id="t_t_h_b" x="5906" y="1127" w="79" h="79" d="1432" o="" />
		<t id="t_t_t" x="1369" y="1127" w="79" h="29" d="2270" o="30" />
		<t id="t_t_t" x="1854" y="969" w="79" h="29" d="2345" o="30" />
		<t id="t_t_t" x="2337" y="495" w="79" h="29" d="2476" o="30" />
		<t id="t_t_t" x="3179" y="337" w="79" h="29" d="2509" o="30" />
		<t id="t_t_t1" x="2337" y="811" w="79" h="79" d="2380" o="30" />
		<t id="t_t_t1" x="2337" y="890" w="79" h="79" d="2375" o="30" />
		<t id="t_t_t1" x="2337" y="969" w="79" h="79" d="2370" o="30" />
		<t id="t_t_t1" x="3179" y="653" w="79" h="79" d="2453" o="30" />
		<t id="t_t_t1" x="3179" y="732" w="79" h="79" d="2448" o="30" />
		<t id="t_t_t1" x="3179" y="811" w="79" h="79" d="2443" o="30" />
		<t id="t_t_t1" x="3179" y="969" w="79" h="79" d="2433" o="30" />
		<t id="t_t_t1" x="3700" y="811" w="79" h="79" d="2534" o="30" />
		<t id="t_t_t1" x="5906" y="1048" w="79" h="79" d="2561" o="30" />
		<t id="t_t_t1" x="5906" y="811" w="79" h="79" d="2580" o="30" />
		<t id="t_t_t2" x="1854" y="1048" w="79" h="79" d="2398" o="30" />
		<t id="t_t_t2" x="1854" y="1206" w="79" h="79" d="2293" o="30" />
		<t id="t_t_t2" x="2337" y="1048" w="79" h="79" d="2365" o="30" />
		<t id="t_t_t2" x="2337" y="653" w="79" h="79" d="2385" o="30" />
		<t id="t_t_t2" x="3179" y="1206" w="79" h="79" d="2423" o="30" />
		<t id="t_t_t2" x="3179" y="495" w="79" h="79" d="2463" o="30" />
		<t id="t_t_t2" x="3179" y="890" w="79" h="79" d="2438" o="30" />
		<t id="t_t_t2" x="3700" y="732" w="79" h="79" d="2621" o="30" />
		<t id="t_t_t2" x="5906" y="1206" w="79" h="79" d="2551" o="30" />
		<t id="t_t_t2" x="5906" y="890" w="79" h="79" d="2575" o="30" />
		<t id="t_t_t3" x="2337" y="1127" w="79" h="79" d="2493" o="30" />
		<t id="t_t_t3" x="2337" y="574" w="79" h="79" d="2390" o="30" />
		<t id="t_t_t3" x="3179" y="1127" w="79" h="79" d="2501" o="30" />
		<t id="t_t_t3" x="3179" y="416" w="79" h="79" d="2468" o="30" />
		<t id="t_t_t3" x="3179" y="574" w="79" h="79" d="2458" o="30" />
		<t id="t_t_t_b" x="1368" y="1127" w="79" h="29" d="1301" o="" />
		<t id="t_t_t_b" x="1854" y="969" w="79" h="29" d="1309" o="" />
		<t id="t_t_t_b" x="2337" y="494" w="79" h="29" d="1358" o="" />
		<t id="t_t_t_b" x="3179" y="336" w="79" h="29" d="1362" o="" />
		<t id="treeguy" x="1583" y="1326" w="80" h="94" d="1808" o="0" />
		<t id="treeguy" x="232" y="949" w="80" h="94" d="1764" o="0" /> 
	</layer>
</level>
