<?xml version="1.0" encoding="UTF-8"?>
<level background="cave" music="track04c" effects="cave" sx="187" sy="694" d="2970" sh="220">
	<layer name="base" source="cave.swf" x="0" y="0" width="6137" height="1767">
		<t id="b1_t_e_l" x="4636" y="1076" w="27" h="104" d="951" o="30" />
		<t id="b1_t_e_r" x="4663" y="1103" w="27" h="104" d="953" o="30" />
		<t id="b2_t_e_l" x="2735" y="814" w="27" h="104" d="740" o="30" />
		<t id="b2_t_e_l" x="3678" y="724" w="27" h="104" d="801" o="30" />
		<t id="b2_t_e_l" x="4183" y="768" w="27" h="104" d="809" o="30" />
		<t id="b2_t_e_l" x="4638" y="1175" w="27" h="104" d="955" o="30" />
		<t id="b2_t_e_r" x="3704" y="752" w="27" h="104" d="803" o="30" />
		<t id="b2_t_e_r" x="4209" y="796" w="27" h="104" d="811" o="30" />
		<t id="b2_t_e_r" x="4664" y="1175" w="27" h="104" d="957" o="30" />
		<t id="b_l_s" x="3868" y="1753" w="54" h="211" d="825" o="30" />
		<t id="b_l_s" x="4793" y="1510" w="54" h="211" d="620" o="30" />
		<t id="b_l_s_s" x="3717" y="1747" w="54" h="162" d="828" o="30" />
		<t id="b_l_s_s" x="4923" y="1510" w="54" h="162" d="617" o="30" />
		<t id="b_l_s_s" x="5045" y="1570" w="54" h="162" d="978" o="30" />
		<t id="b_s" x="2761" y="738" w="54" h="105" d="736" o="30" />
		<t id="b_s" x="3704" y="648" w="54" h="105" d="797" o="30" />
		<t id="b_s" x="4209" y="692" w="54" h="105" d="805" o="30" />
		<t id="b_s" x="4663" y="999" w="54" h="105" d="623" o="30" />
		<t id="be" x="1113" y="380" w="42" h="95" d="2944" o="100" />
		<t id="be" x="1243" y="380" w="42" h="95" d="2626" o="100" />
		<t id="be" x="1556" y="521" w="42" h="95" d="2596" o="100" />
		<t id="be" x="1736" y="521" w="42" h="95" d="2624" o="100" />
		<t id="be" x="1747" y="619" w="42" h="95" d="2628" o="100" />
		<t id="be" x="1882" y="183" w="42" h="95" d="2644" o="100" />
		<t id="be" x="1921" y="414" w="42" h="95" d="2736" o="100" />
		<t id="be" x="1978" y="1651" w="42" h="95" d="2800" o="100" />
		<t id="be" x="2071" y="176" w="42" h="95" d="2594" o="100" />
		<t id="be" x="2087" y="412" w="42" h="95" d="2738" o="100" />
		<t id="be" x="2118" y="596" w="42" h="95" d="2652" o="100" />
		<t id="be" x="2147" y="1651" w="42" h="95" d="2802" o="100" />
		<t id="be" x="2365" y="694" w="42" h="95" d="2646" o="100" />
		<t id="be" x="2400" y="517" w="42" h="95" d="2672" o="100" />
		<t id="be" x="2671" y="727" w="42" h="95" d="2692" o="200" />
		<t id="be" x="2698" y="515" w="42" h="95" d="2674" o="100" />
		<t id="be" x="2888" y="723" w="42" h="95" d="2684" o="200" />
		<t id="be" x="3283" y="723" w="42" h="95" d="2710" o="200" />
		<t id="be" x="3365" y="721" w="42" h="95" d="2856" o="100" />
		<t id="be" x="3851" y="723" w="42" h="95" d="2712" o="100" />
		<t id="be" x="4017" y="724" w="42" h="95" d="2734" o="100" />
		<t id="be" x="4460" y="1691" w="42" h="95" d="2912" o="100" />
		<t id="be" x="4579" y="829" w="42" h="95" d="2766" o="100" />
		<t id="be" x="4598" y="1587" w="42" h="95" d="2910" o="100" />
		<t id="be" x="4721" y="962" w="42" h="95" d="2864" o="100" />
		<t id="be" x="4811" y="1693" w="42" h="95" d="2914" o="100" />
		<t id="be" x="4814" y="1508" w="42" h="95" d="2874" o="100" />
		<t id="be" x="4831" y="962" w="42" h="95" d="2858" o="100" />
		<t id="be" x="504" y="695" w="42" h="95" d="2758" o="100" />
		<t id="be" x="5289" y="1605" w="42" h="95" d="2930" o="100" />
		<t id="be" x="5343" y="1696" w="42" h="95" d="2950" o="100" />
		<t id="be" x="5425" y="1508" w="42" h="95" d="2876" o="100" />
		<t id="be" x="5653" y="1691" w="42" h="95" d="2952" o="100" />
		<t id="be" x="5660" y="1596" w="42" h="95" d="2932" o="100" />
		<t id="be" x="5694" y="1510" w="42" h="95" d="2908" o="100" />
		<t id="be" x="734" y="443" w="42" h="95" d="2592" o="100" />
		<t id="be" x="75" y="693" w="42" h="95" d="2760" o="100" />
		<t id="be" x="857" y="440" w="42" h="95" d="2590" o="100" />
		<t id="be2" x="1093" y="370" w="18" h="185" d="2608" o="250" />
		<t id="be2" x="905" y="350" w="18" h="185" d="2610" o="250" />
		<t id="beycnake" x="1156" y="381" w="45" h="32" d="2578" o="0" />
		<t id="beycnake" x="1780" y="183" w="45" h="32" d="2640" o="0" />
		<t id="beycnake" x="2466" y="515" w="45" h="32" d="2676" o="0" />
		<t id="beycnake" x="2597" y="515" w="45" h="32" d="2680" o="0" />
		<t id="beycnake" x="3755" y="722" w="45" h="32" d="2730" o="0" />
		<t id="beycnake" x="421" y="692" w="45" h="32" d="2754" o="0" />
		<t id="beycnake" x="4764" y="959" w="45" h="32" d="2860" o="0" />
		<t id="bh" x="21" y="703" w="104" h="308" d="1280" o="" />
		<t id="bh" x="6216" y="1435" w="104" h="308" d="2301" o="" />
		<t id="bh" x="6226" y="1745" w="104" h="308" d="2303" o="" />
		<t id="c" x="1023" y="181" w="23" h="24" d="2548" o="" />
		<t id="c" x="1755" y="69" w="23" h="24" d="2425" o="" />
		<t id="c" x="1805" y="70" w="23" h="24" d="2421" o="" />
		<t id="c" x="1902" y="530" w="23" h="24" d="2470" o="" />
		<t id="c" x="1902" y="574" w="23" h="24" d="2466" o="" />
		<t id="c" x="2111" y="719" w="23" h="24" d="2478" o="" />
		<t id="c" x="2161" y="720" w="23" h="24" d="2474" o="" />
		<t id="c" x="3040" y="484" w="23" h="24" d="2486" o="" />
		<t id="c" x="3090" y="485" w="23" h="24" d="2482" o="" />
		<t id="c" x="3326" y="668" w="23" h="24" d="2494" o="" />
		<t id="c" x="3326" y="712" w="23" h="24" d="2490" o="" />
		<t id="c" x="3603" y="386" w="23" h="24" d="2502" o="" />
		<t id="c" x="3663" y="386" w="23" h="24" d="2498" o="" />
		<t id="c" x="4085" y="503" w="23" h="24" d="2510" o="" />
		<t id="c" x="4085" y="547" w="23" h="24" d="2506" o="" />
		<t id="c" x="4779" y="855" w="23" h="24" d="2524" o="" />
		<t id="c" x="4779" y="899" w="23" h="24" d="2520" o="" />
		<t id="c" x="4823" y="1568" w="23" h="24" d="2532" o="" />
		<t id="c" x="4883" y="1568" w="23" h="24" d="2528" o="" />
		<t id="c" x="5770" y="1633" w="23" h="24" d="2540" o="" />
		<t id="c" x="5770" y="1677" w="23" h="24" d="2536" o="" />
		<t id="c" x="799" y="375" w="23" h="24" d="2544" o="" />
		<t id="c" x="799" y="420" w="23" h="24" d="2417" o="" />
		<t id="c" x="973" y="180" w="23" h="24" d="2552" o="" />
		<t id="d_eb" x="2553" y="1837" w="80" h="168" d="2203" o="" />
		<t id="d_eb" x="2743" y="1772" w="80" h="168" d="2210" o="" />
		<t id="d_eb_b" x="3074" y="1760" w="123" h="168" d="2196" o="" />
		<t id="d_eb_b" x="3528" y="1760" w="123" h="168" d="2217" o="" />
		<t id="d_eb_b" x="4160" y="1745" w="123" h="168" d="2224" o="" />
		<t id="d_eb_c" x="1859" y="653" w="80" h="168" d="683" o="" />
		<t id="d_eb_c_b" x="1441" y="683" w="123" h="168" d="719" o="" />
		<t id="d_eb_c_b" x="3377" y="796" w="123" h="168" d="729" o="" />
		<t id="d_eb_c_b" x="729" y="798" w="123" h="168" d="763" o="" />
		<t id="d_kr1" x="2658" y="515" w="18" h="16" d="2409" o="" />
		<t id="d_kr1" x="337" y="694" w="18" h="16" d="2405" o="" />
		<t id="d_kr1" x="4332" y="723" w="18" h="16" d="2415" o="" />
		<t id="d_kr2" x="2244" y="597" w="24" h="17" d="2407" o="" />
		<t id="d_kr2" x="2995" y="724" w="24" h="17" d="2411" o="" />
		<t id="d_kr2" x="4302" y="723" w="24" h="17" d="2413" o="" />
		<t id="e" x="2133" y="71" w="17" h="16" d="2462" o="" />
		<t id="e" x="3685" y="653" w="17" h="16" d="2556" o="" />
		<t id="e" x="5832" y="1408" w="17" h="16" d="2560" o="" />
		<t id="ec" x="3251" y="1389" w="30" h="28" d="2514" o="" />
		<t id="f_b" x="2203" y="791" w="121" h="104" d="773" o="130" />
		<t id="f_b" x="2324" y="791" w="121" h="104" d="782" o="130" />
		<t id="f_b" x="4064" y="-3" w="121" h="104" d="785" o="130" />
		<t id="f_b_t" x="2250" y="701" w="121" h="104" d="699" o="130" />
		<t id="f_b_t" x="2371" y="701" w="121" h="104" d="714" o="130" />
		<t id="f_b_t" x="2492" y="701" w="121" h="104" d="709" o="130" />
		<t id="f_b_t" x="3646" y="517" w="121" h="104" d="742" o="30" />
		<t id="f_l" x="2082" y="791" w="22" h="104" d="776" o="30" />
		<t id="f_l" x="3943" y="-3" w="22" h="104" d="788" o="30" />
		<t id="f_l_b" x="2114" y="1755" w="121" h="104" d="2190" o="30" />
		<t id="f_l_b" x="4582" y="1795" w="121" h="104" d="2234" o="30" />
		<t id="f_l_b" x="4703" y="1795" w="121" h="104" d="2237" o="30" />
		<t id="f_l_b" x="4722" y="1691" w="121" h="104" d="1218" o="30" />
		<t id="f_l_b" x="4824" y="1795" w="121" h="104" d="2240" o="30" />
		<t id="f_l_b" x="4843" y="1691" w="121" h="104" d="1221" o="30" />
		<t id="f_l_b" x="4852" y="1614" w="121" h="104" d="1182" o="30" />
		<t id="f_l_b" x="4945" y="1795" w="121" h="104" d="2243" o="30" />
		<t id="f_l_b" x="4964" y="1691" w="121" h="104" d="1224" o="30" />
		<t id="f_l_b" x="4973" y="1614" w="121" h="104" d="1185" o="30" />
		<t id="f_l_b" x="5066" y="1795" w="121" h="104" d="2246" o="30" />
		<t id="f_l_b" x="5085" y="1691" w="121" h="104" d="1227" o="30" />
		<t id="f_l_b" x="5094" y="1614" w="121" h="104" d="1188" o="30" />
		<t id="f_l_b" x="5187" y="1795" w="121" h="104" d="2249" o="30" />
		<t id="f_l_b" x="5206" y="1691" w="121" h="104" d="1230" o="30" />
		<t id="f_l_b" x="5215" y="1614" w="121" h="104" d="1191" o="30" />
		<t id="f_l_b" x="5308" y="1795" w="121" h="104" d="2252" o="30" />
		<t id="f_l_b" x="5327" y="1691" w="121" h="104" d="1233" o="30" />
		<t id="f_l_b" x="5336" y="1614" w="121" h="104" d="1194" o="30" />
		<t id="f_l_b" x="5429" y="1795" w="121" h="104" d="2255" o="30" />
		<t id="f_l_b" x="5448" y="1691" w="121" h="104" d="1236" o="30" />
		<t id="f_l_b" x="5457" y="1614" w="121" h="104" d="1197" o="30" />
		<t id="f_l_b" x="5549" y="1795" w="121" h="104" d="2258" o="30" />
		<t id="f_l_b" x="5569" y="1691" w="121" h="104" d="1239" o="30" />
		<t id="f_l_b" x="5578" y="1614" w="121" h="104" d="1200" o="30" />
		<t id="f_l_b" x="5670" y="1795" w="121" h="104" d="2261" o="30" />
		<t id="f_l_b" x="5689" y="1691" w="121" h="104" d="1242" o="30" />
		<t id="f_l_b" x="5699" y="1614" w="121" h="104" d="1203" o="30" />
		<t id="f_l_b" x="5791" y="1795" w="121" h="104" d="2264" o="30" />
		<t id="f_l_b" x="5810" y="1691" w="121" h="104" d="1245" o="30" />
		<t id="f_l_b" x="5820" y="1614" w="121" h="104" d="1209" o="30" />
		<t id="f_l_b" x="5912" y="1795" w="121" h="104" d="2267" o="30" />
		<t id="f_l_b" x="5931" y="1691" w="121" h="104" d="1248" o="30" />
		<t id="f_l_b" x="5941" y="1614" w="121" h="104" d="1212" o="30" />
		<t id="f_l_b" x="6033" y="1795" w="121" h="104" d="2270" o="30" />
		<t id="f_l_b" x="6052" y="1691" w="121" h="104" d="1251" o="30" />
		<t id="f_l_b" x="6154" y="1795" w="121" h="104" d="2273" o="30" />
		<t id="f_l_l" x="1993" y="1755" w="14" h="104" d="2187" o="30" />
		<t id="f_l_l" x="4461" y="1795" w="14" h="104" d="2231" o="30" />
		<t id="f_l_l" x="4601" y="1691" w="14" h="104" d="1215" o="30" />
		<t id="f_l_l" x="4731" y="1614" w="14" h="104" d="1179" o="30" />
		<t id="f_l_r" x="2128" y="1755" w="14" h="104" d="2193" o="30" />
		<t id="f_l_r" x="5955" y="1614" w="14" h="104" d="1206" o="30" />
		<t id="f_l_r" x="6066" y="1691" w="14" h="104" d="1254" o="30" />
		<t id="f_l_t" x="2129" y="701" w="22" h="104" d="702" o="30" />
		<t id="f_l_t" x="3525" y="517" w="22" h="104" d="745" o="30" />
		<t id="f_r" x="2345" y="791" w="22" h="104" d="779" o="30" />
		<t id="f_r" x="4085" y="-3" w="22" h="104" d="791" o="30" />
		<t id="f_r_t" x="3668" y="517" w="22" h="104" d="748" o="30" />
		<t id="f_t_l" x="2129" y="805" w="14" h="104" d="707" o="" />
		<t id="f_t_l" x="3525" y="725" w="14" h="104" d="759" o="" />
		<t id="f_t_r" x="3660" y="725" w="14" h="104" d="761" o="" />
		<t id="f_t_t_l" x="3525" y="621" w="14" h="104" d="753" o="" />
		<t id="f_t_t_r" x="3660" y="621" w="14" h="104" d="755" o="" />
		<t id="g_l" x="5976" y="1697" w="44" h="335" d="2429" o="30" />
		<t id="hellscorpion" x="2066" y="1651" w="45" h="38" d="2796" o="0" />
		<t id="hellscorpion" x="4728" y="1690" w="45" h="38" d="2916" o="0" />
		<t id="hellscorpion" x="5006" y="1509" w="45" h="38" d="2866" o="0" />
		<t id="hellscorpion" x="5412" y="1689" w="45" h="38" d="2946" o="0" />
		<t id="hellscorpion" x="5449" y="1509" w="45" h="38" d="2898" o="0" />
		<t id="hellscorpion" x="5499" y="1585" w="45" h="38" d="2934" o="0" />
		<t id="killerbee1a" x="2193" y="1668" w="76" h="196" d="2768" o="" />
		<t id="killerbee1a" x="3948" y="1626" w="76" h="196" d="2834" o="" />
		<t id="killerbee1a" x="5304" y="1691" w="76" h="196" d="2920" o="" />
		<t id="killerbee1a" x="5674" y="1691" w="76" h="196" d="2938" o="" />
		<t id="killerbee1b" x="2260" y="1668" w="76" h="196" d="2804" o="" />
		<t id="killerbee1b" x="3789" y="1626" w="76" h="196" d="2828" o="" />
		<t id="killerbee1b" x="5236" y="1691" w="76" h="196" d="2902" o="" />
		<t id="killerbee2" x="3369" y="1461" w="266" h="136" d="2822" o="" />
		<t id="killerbee3a" x="2646" y="1640" w="266" h="74" d="2810" o="" />
		<t id="killerbee3b" x="1873" y="1700" w="266" h="73" d="2774" o="" />
		<t id="killerbee3b" x="2836" y="1574" w="266" h="73" d="2816" o="" />
		<t id="killerbee_still" x="1233" y="1304" w="45" h="72" d="2954" o="" />
		<t id="killerbee_still" x="1233" y="1401" w="45" h="72" d="2958" o="" />
		<t id="killerbee_still" x="1233" y="1499" w="45" h="72" d="2962" o="" />
		<t id="killerbee_still" x="1233" y="1596" w="45" h="72" d="2966" o="" />
		<t id="killerbee_still" x="1358" y="1304" w="45" h="72" d="2780" o="" />
		<t id="killerbee_still" x="1358" y="1401" w="45" h="72" d="2784" o="" />
		<t id="killerbee_still" x="1358" y="1499" w="45" h="72" d="2788" o="" />
		<t id="killerbee_still" x="1358" y="1596" w="45" h="72" d="2792" o="" />
		<t id="killerbee_still" x="1973" y="1702" w="45" h="72" d="2840" o="" />
		<t id="killerbee_still" x="3259" y="1540" w="45" h="72" d="2844" o="" />
		<t id="killerbee_still" x="3663" y="1559" w="45" h="72" d="2848" o="" />
		<t id="killerbee_still" x="4364" y="1514" w="45" h="72" d="2852" o="" />
		<t id="killerbee_still" x="4772" y="1584" w="45" h="72" d="2890" o="" />
		<t id="killerbee_still" x="4864" y="1324" w="45" h="72" d="2878" o="" />
		<t id="killerbee_still" x="5329" y="1508" w="45" h="72" d="2882" o="" />
		<t id="killerbee_still" x="5427" y="1408" w="45" h="72" d="2886" o="" />
		<t id="killerbee_still" x="5920" y="1348" w="45" h="72" d="2894" o="" />
		<t id="killerbee_still" x="5920" y="1422" w="45" h="72" d="2926" o="" />
		<t id="killerbee_still" x="5920" y="1496" w="45" h="72" d="2870" o="" />
		<t id="lava" x="1044" y="1796" w="120" h="61" d="2984" o="30" />
		<t id="lava" x="1164" y="1796" w="120" h="61" d="2980" o="30" />
		<t id="lava" x="1284" y="1796" w="120" h="61" d="2976" o="30" />
		<t id="lava" x="1404" y="1796" w="120" h="61" d="2972" o="30" />
		<t id="lava" x="1524" y="1796" w="120" h="61" d="3000" o="30" />
		<t id="lava" x="1644" y="1796" w="120" h="61" d="2996" o="30" />
		<t id="lava" x="1764" y="1796" w="120" h="61" d="2992" o="30" />
		<t id="lava" x="1884" y="1796" w="120" h="61" d="2988" o="30" />
		<t id="lava" x="2004" y="1796" w="120" h="61" d="3080" o="30" />
		<t id="lava" x="204" y="1796" w="120" h="61" d="3012" o="30" />
		<t id="lava" x="2124" y="1796" w="120" h="61" d="3076" o="30" />
		<t id="lava" x="2244" y="1796" w="120" h="61" d="3072" o="30" />
		<t id="lava" x="2364" y="1796" w="120" h="61" d="3068" o="30" />
		<t id="lava" x="2484" y="1796" w="120" h="61" d="3096" o="30" />
		<t id="lava" x="2604" y="1796" w="120" h="61" d="3092" o="30" />
		<t id="lava" x="2724" y="1796" w="120" h="61" d="3088" o="30" />
		<t id="lava" x="2844" y="1796" w="120" h="61" d="3084" o="30" />
		<t id="lava" x="2964" y="1796" w="120" h="61" d="3048" o="30" />
		<t id="lava" x="3084" y="1796" w="120" h="61" d="3044" o="30" />
		<t id="lava" x="3204" y="1796" w="120" h="61" d="3040" o="30" />
		<t id="lava" x="324" y="1796" w="120" h="61" d="3008" o="30" />
		<t id="lava" x="3324" y="1796" w="120" h="61" d="3036" o="30" />
		<t id="lava" x="3444" y="1796" w="120" h="61" d="3064" o="30" />
		<t id="lava" x="3564" y="1796" w="120" h="61" d="3060" o="30" />
		<t id="lava" x="3684" y="1796" w="120" h="61" d="3056" o="30" />
		<t id="lava" x="3804" y="1796" w="120" h="61" d="3052" o="30" />
		<t id="lava" x="3923" y="1796" w="120" h="61" d="3144" o="30" />
		<t id="lava" x="4043" y="1796" w="120" h="61" d="3140" o="30" />
		<t id="lava" x="4163" y="1796" w="120" h="61" d="3136" o="30" />
		<t id="lava" x="4283" y="1796" w="120" h="61" d="3132" o="30" />
		<t id="lava" x="4403" y="1796" w="120" h="61" d="3160" o="30" />
		<t id="lava" x="444" y="1796" w="120" h="61" d="3004" o="30" />
		<t id="lava" x="4523" y="1796" w="120" h="61" d="3156" o="30" />
		<t id="lava" x="4643" y="1796" w="120" h="61" d="3152" o="30" />
		<t id="lava" x="4763" y="1796" w="120" h="61" d="3148" o="30" />
		<t id="lava" x="4883" y="1796" w="120" h="61" d="3112" o="30" />
		<t id="lava" x="5003" y="1796" w="120" h="61" d="3108" o="30" />
		<t id="lava" x="5123" y="1796" w="120" h="61" d="3104" o="30" />
		<t id="lava" x="5243" y="1796" w="120" h="61" d="3100" o="30" />
		<t id="lava" x="5363" y="1796" w="120" h="61" d="3128" o="30" />
		<t id="lava" x="5483" y="1796" w="120" h="61" d="3124" o="30" />
		<t id="lava" x="5603" y="1796" w="120" h="61" d="3120" o="30" />
		<t id="lava" x="564" y="1796" w="120" h="61" d="3032" o="30" />
		<t id="lava" x="5723" y="1796" w="120" h="61" d="3116" o="30" />
		<t id="lava" x="5842" y="1796" w="120" h="61" d="3172" o="30" />
		<t id="lava" x="5962" y="1796" w="120" h="61" d="3168" o="30" />
		<t id="lava" x="6082" y="1796" w="120" h="61" d="3164" o="30" />
		<t id="lava" x="6202" y="1796" w="120" h="61" d="3176" o="30" />
		<t id="lava" x="684" y="1796" w="120" h="61" d="3028" o="30" />
		<t id="lava" x="804" y="1796" w="120" h="61" d="3024" o="30" />
		<t id="lava" x="84" y="1796" w="120" h="61" d="3016" o="30" />
		<t id="lava" x="924" y="1796" w="120" h="61" d="3020" o="30" />
		<t id="n1_r" x="1085" y="386" w="191" h="267" d="690" o="" />
		<t id="n2_1" x="2833" y="-220" w="235" h="136" d="1268" o="" />
		<t id="n2_2" x="3068" y="-220" w="235" h="136" d="1271" o="" />
		<t id="n2_3" x="2833" y="-84" w="235" h="136" d="1274" o="" />
		<t id="n2_4" x="3068" y="-84" w="235" h="136" d="1277" o="" />
		<t id="p_b_l_t" x="1197" y="1229" w="54" h="104" d="850" o="" />
		<t id="p_b_l_t" x="1197" y="1333" w="54" h="104" d="847" o="" />
		<t id="p_b_l_t" x="1406" y="1229" w="54" h="104" d="864" o="" />
		<t id="p_b_l_t" x="1406" y="1333" w="54" h="104" d="861" o="" />
		<t id="p_b_l_t" x="1736" y="1229" w="54" h="104" d="680" o="" />
		<t id="p_b_l_t" x="1736" y="1333" w="54" h="104" d="677" o="" />
		<t id="p_b_l_t" x="1996" y="1229" w="54" h="104" d="666" o="" />
		<t id="p_b_l_t" x="1996" y="1333" w="54" h="104" d="663" o="" />
		<t id="p_b_l_t" x="2286" y="1229" w="54" h="104" d="652" o="" />
		<t id="p_b_l_t" x="2286" y="1333" w="54" h="104" d="649" o="" />
		<t id="p_b_l_t" x="2466" y="1229" w="54" h="104" d="638" o="" />
		<t id="p_b_l_t" x="2466" y="1333" w="54" h="104" d="635" o="" />
		<t id="p_b_l_t" x="2856" y="1229" w="54" h="104" d="878" o="" />
		<t id="p_b_l_t" x="2856" y="1333" w="54" h="104" d="875" o="" />
		<t id="p_b_l_t" x="3264" y="1229" w="54" h="104" d="892" o="" />
		<t id="p_b_l_t" x="3264" y="1333" w="54" h="104" d="889" o="" />
		<t id="p_b_l_t" x="3566" y="1229" w="54" h="104" d="906" o="" />
		<t id="p_b_l_t" x="3566" y="1333" w="54" h="104" d="903" o="" />
		<t id="p_b_l_t" x="4006" y="1229" w="54" h="104" d="920" o="" />
		<t id="p_b_l_t" x="4006" y="1333" w="54" h="104" d="917" o="" />
		<t id="p_b_l_t" x="4116" y="1229" w="54" h="104" d="934" o="" />
		<t id="p_b_l_t" x="4116" y="1333" w="54" h="104" d="931" o="" />
		<t id="p_b_l_t" x="4334" y="1229" w="54" h="104" d="948" o="" />
		<t id="p_b_l_t" x="4334" y="1333" w="54" h="104" d="945" o="" />
		<t id="p_b_l_t_b" x="1197" y="1745" w="54" h="412" d="839" o="" />
		<t id="p_b_l_t_b" x="1406" y="1745" w="54" h="412" d="853" o="" />
		<t id="p_b_l_t_b" x="1736" y="1745" w="54" h="412" d="669" o="" />
		<t id="p_b_l_t_b" x="1996" y="1745" w="54" h="412" d="655" o="" />
		<t id="p_b_l_t_b" x="2286" y="1745" w="54" h="412" d="641" o="" />
		<t id="p_b_l_t_b" x="2466" y="1745" w="54" h="412" d="627" o="" />
		<t id="p_b_l_t_b" x="2856" y="1745" w="54" h="412" d="867" o="" />
		<t id="p_b_l_t_b" x="3264" y="1745" w="54" h="412" d="881" o="" />
		<t id="p_b_l_t_b" x="3566" y="1745" w="54" h="412" d="895" o="" />
		<t id="p_b_l_t_b" x="4006" y="1745" w="54" h="412" d="909" o="" />
		<t id="p_b_l_t_b" x="4116" y="1745" w="54" h="412" d="923" o="" />
		<t id="p_b_l_t_b" x="4334" y="1745" w="54" h="412" d="937" o="" />
		<t id="p_b_l_t_b" x="4664" y="1587" w="54" h="412" d="831" o="" />
		<t id="p_ds" x="1930" y="1755" w="140" h="45" d="817" o="30" />
		<t id="p_ds" x="2420" y="1755" w="140" h="45" d="821" o="30" />
		<t id="p_ds_b" x="1421" y="1763" w="268" h="45" d="974" o="30" />
		<t id="p_ds_b" x="1730" y="1763" w="268" h="45" d="813" o="30" />
		<t id="p_f_l_b_l" x="1904" y="228" w="204" h="44" d="726" o="30" />
		<t id="p_f_l_b_l" x="4551" y="870" w="204" h="44" d="968" o="30" />
		<t id="p_f_l_s_l" x="1322" y="614" w="107" h="29" d="971" o="30" />
		<t id="p_f_l_s_l" x="2168" y="506" w="107" h="29" d="794" o="30" />
		<t id="p_f_l_s_r" x="2174" y="204" w="107" h="29" d="770" o="130" />
		<t id="p_f_l_s_r" x="2229" y="314" w="107" h="29" d="693" o="30" />
		<t id="p_f_l_s_r" x="4831" y="989" w="107" h="29" d="965" o="30" />
		<t id="p_f_l_s_r" x="845" y="472" w="107" h="29" d="696" o="120" />
		<t id="p_t_l_b" x="5829" y="1692" w="27" h="97" d="2395" o="30" />
		<t id="p_t_l_m" x="4958" y="1692" w="15" h="29" d="2400" o="30" />
		<t id="p_t_m" x="1755" y="620" w="15" h="29" d="1054" o="30" />
		<t id="p_t_m" x="1867" y="185" w="15" h="29" d="1144" o="30" />
		<t id="p_t_m" x="3374" y="724" w="15" h="29" d="1094" o="30" />
		<t id="p_t_m" x="4004" y="724" w="15" h="29" d="1124" o="30" />
		<t id="p_t_m" x="487" y="694" w="15" h="29" d="1174" o="30" />
		<t id="p_t_m_l" x="3284" y="724" w="27" h="97" d="1099" o="30" />
		<t id="p_t_m_l" x="3724" y="724" w="27" h="97" d="1119" o="30" />
		<t id="p_t_m_l" x="4144" y="724" w="27" h="97" d="1129" o="30" />
		<t id="p_t_s_r" x="1398" y="683" w="25" h="58" d="1049" o="30" />
		<t id="p_t_s_r" x="1508" y="683" w="25" h="58" d="1044" o="30" />
		<t id="p_t_s_r" x="2890" y="724" w="25" h="58" d="1079" o="30" />
		<t id="p_t_s_r" x="3854" y="724" w="25" h="58" d="1104" o="30" />
		<t id="p_t_s_r" x="4044" y="724" w="25" h="58" d="1114" o="30" />
		<t id="p_t_s_r" x="76" y="694" w="25" h="58" d="1004" o="30" />
		<t id="p_t_s_r" x="784" y="798" w="25" h="58" d="1024" o="30" />
		<t id="p_t_s_r" x="906" y="381" w="25" h="58" d="1034" o="30" />
		<t id="p_t_t_m" x="100" y="479" w="15" h="29" d="999" o="30" />
		<t id="p_t_t_m" x="1289" y="275" w="15" h="29" d="1039" o="30" />
		<t id="p_t_t_m" x="1341" y="376" w="15" h="29" d="1139" o="30" />
		<t id="p_t_t_m" x="1834" y="63" w="15" h="29" d="1059" o="30" />
		<t id="p_t_t_m" x="2832" y="371" w="15" h="29" d="1109" o="30" />
		<t id="p_t_t_m" x="3120" y="475" w="15" h="29" d="1089" o="30" />
		<t id="p_t_t_m" x="328" y="478" w="15" h="29" d="989" o="30" />
		<t id="p_t_t_m" x="4161" y="472" w="15" h="29" d="1164" o="30" />
		<t id="p_t_t_m" x="492" y="479" w="15" h="29" d="994" o="30" />
		<t id="p_t_t_m" x="580" y="376" w="15" h="29" d="1009" o="30" />
		<t id="p_t_t_m" x="830" y="167" w="15" h="29" d="1014" o="30" />
		<t id="p_t_t_m_l" x="1100" y="320" w="27" h="97" d="1019" o="30" />
		<t id="p_t_t_m_l" x="2492" y="434" w="27" h="97" d="1074" o="30" />
		<t id="p_t_t_m_l" x="3936" y="639" w="27" h="97" d="1154" o="30" />
		<t id="p_t_t_s_r" x="1493" y="406" w="25" h="58" d="1029" o="30" />
		<t id="p_t_t_s_r" x="162" y="503" w="25" h="58" d="984" o="30" />
		<t id="p_t_t_s_r" x="2281" y="399" w="25" h="58" d="1064" o="30" />
		<t id="p_t_t_s_r" x="2592" y="395" w="25" h="58" d="1069" o="30" />
		<t id="p_t_t_s_r" x="3006" y="499" w="25" h="58" d="1084" o="30" />
		<t id="p_t_t_s_r" x="3634" y="390" w="25" h="58" d="1149" o="30" />
		<t id="p_t_t_s_r" x="3796" y="604" w="25" h="58" d="1159" o="30" />
		<t id="p_t_t_s_r" x="4299" y="601" w="25" h="58" d="1134" o="30" />
		<t id="p_t_t_s_r" x="4782" y="811" w="25" h="58" d="1169" o="30" />
		<t id="p_top_b" x="1089" y="1203" w="121" h="104" d="1601" o="30" />
		<t id="p_top_b" x="119" y="459" w="121" h="104" d="1282" o="30" />
		<t id="p_top_b" x="1210" y="1203" w="121" h="104" d="1262" o="30" />
		<t id="p_top_b" x="1210" y="251" w="121" h="104" d="1349" o="30" />
		<t id="p_top_b" x="1452" y="1201" w="121" h="104" d="1615" o="30" />
		<t id="p_top_b" x="1452" y="354" w="121" h="104" d="1358" o="30" />
		<t id="p_top_b" x="1573" y="1200" w="121" h="104" d="1940" o="30" />
		<t id="p_top_b" x="1573" y="354" w="121" h="104" d="1681" o="30" />
		<t id="p_top_b" x="1694" y="1200" w="121" h="104" d="1935" o="30" />
		<t id="p_top_b" x="1694" y="354" w="121" h="104" d="1505" o="30" />
		<t id="p_top_b" x="1815" y="1200" w="121" h="104" d="1930" o="30" />
		<t id="p_top_b" x="1937" y="41" w="121" h="104" d="1666" o="30" />
		<t id="p_top_b" x="1938" y="1200" w="121" h="104" d="1927" o="30" />
		<t id="p_top_b" x="2058" y="41" w="121" h="104" d="1669" o="30" />
		<t id="p_top_b" x="2059" y="1200" w="121" h="104" d="1924" o="30" />
		<t id="p_top_b" x="2180" y="1200" w="121" h="104" d="1953" o="30" />
		<t id="p_top_b" x="2300" y="352" w="121" h="104" d="1395" o="30" />
		<t id="p_top_b" x="2301" y="1200" w="121" h="104" d="1965" o="30" />
		<t id="p_top_b" x="240" y="459" w="121" h="104" d="1285" o="30" />
		<t id="p_top_b" x="2421" y="352" w="121" h="104" d="1398" o="30" />
		<t id="p_top_b" x="2422" y="1200" w="121" h="104" d="1962" o="30" />
		<t id="p_top_b" x="2542" y="351" w="121" h="104" d="1748" o="30" />
		<t id="p_top_b" x="2543" y="1200" w="121" h="104" d="1974" o="30" />
		<t id="p_top_b" x="2663" y="351" w="121" h="104" d="1755" o="30" />
		<t id="p_top_b" x="2664" y="1200" w="121" h="104" d="2012" o="30" />
		<t id="p_top_b" x="2784" y="350" w="121" h="104" d="1762" o="30" />
		<t id="p_top_b" x="2785" y="1200" w="121" h="104" d="2007" o="30" />
		<t id="p_top_b" x="2906" y="1200" w="121" h="104" d="2004" o="30" />
		<t id="p_top_b" x="3025" y="452" w="121" h="104" d="1772" o="30" />
		<t id="p_top_b" x="3027" y="1200" w="121" h="104" d="2001" o="30" />
		<t id="p_top_b" x="3146" y="452" w="121" h="104" d="1780" o="30" />
		<t id="p_top_b" x="3148" y="1199" w="121" h="104" d="2025" o="30" />
		<t id="p_top_b" x="3269" y="1200" w="121" h="104" d="2037" o="30" />
		<t id="p_top_b" x="3388" y="347" w="121" h="104" d="1819" o="30" />
		<t id="p_top_b" x="3390" y="1200" w="121" h="104" d="2034" o="30" />
		<t id="p_top_b" x="3509" y="346" w="121" h="104" d="1840" o="30" />
		<t id="p_top_b" x="3511" y="1199" w="121" h="104" d="2046" o="30" />
		<t id="p_top_b" x="361" y="459" w="121" h="104" d="1288" o="30" />
		<t id="p_top_b" x="3630" y="346" w="121" h="104" d="1845" o="30" />
		<t id="p_top_b" x="3632" y="1199" w="121" h="104" d="2070" o="30" />
		<t id="p_top_b" x="3753" y="1199" w="121" h="104" d="2067" o="30" />
		<t id="p_top_b" x="3871" y="553" w="121" h="104" d="1876" o="30" />
		<t id="p_top_b" x="3874" y="1198" w="121" h="104" d="2079" o="30" />
		<t id="p_top_b" x="3980" y="1200" w="121" h="104" d="2091" o="30" />
		<t id="p_top_b" x="3991" y="553" w="121" h="104" d="1887" o="30" />
		<t id="p_top_b" x="4101" y="1140" w="121" h="104" d="2088" o="30" />
		<t id="p_top_b" x="4222" y="1139" w="121" h="104" d="2100" o="30" />
		<t id="p_top_b" x="4343" y="1138" w="121" h="104" d="2129" o="30" />
		<t id="p_top_b" x="4355" y="553" w="121" h="104" d="2112" o="30" />
		<t id="p_top_b" x="4596" y="759" w="121" h="104" d="2140" o="30" />
		<t id="p_top_b" x="4717" y="759" w="121" h="104" d="2151" o="30" />
		<t id="p_top_b" x="482" y="459" w="121" h="104" d="1291" o="30" />
		<t id="p_top_b" x="4958" y="1071" w="121" h="104" d="2167" o="30" />
		<t id="p_top_b" x="5079" y="1071" w="121" h="104" d="2178" o="30" />
		<t id="p_top_b" x="5200" y="1071" w="121" h="104" d="2283" o="30" />
		<t id="p_top_b" x="5321" y="1071" w="121" h="104" d="2288" o="30" />
		<t id="p_top_b" x="606" y="1203" w="121" h="104" d="1913" o="30" />
		<t id="p_top_b" x="725" y="355" w="121" h="104" d="1474" o="30" />
		<t id="p_top_b" x="726" y="1203" w="121" h="104" d="1908" o="30" />
		<t id="p_top_b" x="847" y="1203" w="121" h="104" d="1607" o="30" />
		<t id="p_top_b" x="968" y="1203" w="121" h="104" d="1604" o="30" />
		<t id="p_top_b" x="969" y="147" w="121" h="104" d="1489" o="30" />
		<t id="p_top_e_l" x="1816" y="42" w="121" h="104" d="1651" o="30" />
		<t id="p_top_e_l" x="3267" y="348" w="121" h="104" d="1814" o="30" />
		<t id="p_top_e_l" x="4112" y="449" w="121" h="104" d="1903" o="30" />
		<t id="p_top_e_l" x="604" y="355" w="121" h="104" d="1346" o="30" />
		<t id="p_top_e_l" x="848" y="147" w="121" h="104" d="1364" o="30" />
		<t id="p_top_e_r" x="1090" y="148" w="121" h="104" d="1386" o="30" />
		<t id="p_top_e_r" x="1331" y="251" w="121" h="104" d="1352" o="30" />
		<t id="p_top_e_r" x="2179" y="41" w="121" h="104" d="1672" o="30" />
		<t id="p_top_e_r" x="2904" y="350" w="121" h="104" d="1769" o="30" />
		<t id="p_top_e_r" x="3751" y="346" w="121" h="104" d="1871" o="30" />
		<t id="p_top_e_r" x="4233" y="449" w="121" h="104" d="2103" o="30" />
		<t id="p_top_e_r" x="4476" y="553" w="121" h="104" d="2135" o="30" />
		<t id="p_top_e_r" x="4838" y="761" w="121" h="104" d="2164" o="30" />
		<t id="p_top_es_l" x="1232" y="1203" w="22" h="104" d="1265" o="30" />
		<t id="p_top_es_l" x="1716" y="354" w="22" h="104" d="1361" o="30" />
		<t id="p_top_es_l" x="3168" y="452" w="22" h="104" d="1797" o="30" />
		<t id="p_top_es_l" x="4013" y="553" w="22" h="104" d="1900" o="30" />
		<t id="p_top_es_l" x="4365" y="1138" w="22" h="104" d="2132" o="30" />
		<t id="p_top_es_l" x="504" y="458" w="22" h="104" d="1343" o="30" />
		<t id="p_top_es_l" x="747" y="355" w="22" h="104" d="1621" o="30" />
		<t id="p_top_es_r" x="1089" y="252" w="22" h="104" d="1355" o="30" />
		<t id="p_top_es_r" x="1331" y="1201" w="22" h="104" d="1618" o="30" />
		<t id="p_top_es_r" x="1331" y="355" w="22" h="104" d="1502" o="30" />
		<t id="p_top_es_r" x="2179" y="353" w="22" h="104" d="1392" o="30" />
		<t id="p_top_es_r" x="2904" y="454" w="22" h="104" d="1775" o="30" />
		<t id="p_top_es_r" x="3750" y="554" w="22" h="104" d="1879" o="30" />
		<t id="p_top_es_r" x="4234" y="553" w="22" h="104" d="2115" o="30" />
		<t id="p_top_es_r" x="4475" y="760" w="22" h="104" d="2143" o="30" />
		<t id="p_top_es_r" x="4837" y="1072" w="22" h="104" d="2170" o="30" />
		<t id="p_top_s_l" x="1716" y="146" w="22" h="104" d="1648" o="30" />
		<t id="p_top_s_l" x="1716" y="250" w="22" h="104" d="1641" o="30" />
		<t id="p_top_s_l" x="4363" y="1034" w="22" h="104" d="2392" o="30" />
		<t id="p_top_s_l" x="4363" y="931" w="22" h="104" d="2389" o="30" />
		<t id="p_top_s_l" x="748" y="251" w="22" h="104" d="1401" o="30" />
		<t id="p_top_s_r" x="2179" y="145" w="22" h="104" d="1675" o="30" />
		<t id="p_top_s_r" x="2179" y="249" w="22" h="104" d="1389" o="30" />
		<t id="p_top_s_r" x="3751" y="450" w="22" h="104" d="1882" o="30" />
		<t id="p_top_s_r" x="4476" y="656" w="22" h="104" d="2146" o="30" />
		<t id="p_top_s_r" x="4838" y="864" w="22" h="104" d="2173" o="30" />
		<t id="p_top_s_r" x="4838" y="968" w="22" h="104" d="2276" o="30" />
		<t id="p_top_t" x="1091" y="44" w="121" h="104" d="1500" o="" />
		<t id="p_top_t" x="1101" y="54" w="121" h="104" d="2317" o="" />
		<t id="p_top_t" x="120" y="355" w="121" h="104" d="1306" o="" />
		<t id="p_top_t" x="121" y="251" w="121" h="104" d="1416" o="" />
		<t id="p_top_t" x="1211" y="147" w="121" h="104" d="1658" o="" />
		<t id="p_top_t" x="1212" y="43" w="121" h="104" d="1662" o="" />
		<t id="p_top_t" x="1332" y="147" w="121" h="104" d="1660" o="" />
		<t id="p_top_t" x="1333" y="43" w="121" h="104" d="1664" o="" />
		<t id="p_top_t" x="1452" y="146" w="121" h="104" d="1644" o="" />
		<t id="p_top_t" x="1452" y="250" w="121" h="104" d="1367" o="" />
		<t id="p_top_t" x="1453" y="42" w="121" h="104" d="1654" o="" />
		<t id="p_top_t" x="1573" y="146" w="121" h="104" d="1686" o="" />
		<t id="p_top_t" x="1573" y="250" w="121" h="104" d="1684" o="" />
		<t id="p_top_t" x="1574" y="42" w="121" h="104" d="1688" o="" />
		<t id="p_top_t" x="1694" y="146" w="121" h="104" d="1646" o="" />
		<t id="p_top_t" x="1694" y="250" w="121" h="104" d="1508" o="" />
		<t id="p_top_t" x="1695" y="42" w="121" h="104" d="1656" o="" />
		<t id="p_top_t" x="2300" y="144" w="121" h="104" d="1408" o="" />
		<t id="p_top_t" x="2300" y="248" w="121" h="104" d="1404" o="" />
		<t id="p_top_t" x="2300" y="40" w="121" h="104" d="1412" o="" />
		<t id="p_top_t" x="241" y="355" w="121" h="104" d="1308" o="" />
		<t id="p_top_t" x="242" y="251" w="121" h="104" d="1418" o="" />
		<t id="p_top_t" x="2421" y="144" w="121" h="104" d="1410" o="" />
		<t id="p_top_t" x="2421" y="248" w="121" h="104" d="1406" o="" />
		<t id="p_top_t" x="2421" y="40" w="121" h="104" d="1414" o="" />
		<t id="p_top_t" x="243" y="147" w="121" h="104" d="1479" o="" />
		<t id="p_top_t" x="2542" y="143" w="121" h="104" d="1753" o="" />
		<t id="p_top_t" x="2542" y="247" w="121" h="104" d="1751" o="" />
		<t id="p_top_t" x="2663" y="143" w="121" h="104" d="1760" o="" />
		<t id="p_top_t" x="2663" y="247" w="121" h="104" d="1758" o="" />
		<t id="p_top_t" x="2784" y="143" w="121" h="104" d="1767" o="" />
		<t id="p_top_t" x="2784" y="246" w="121" h="104" d="1765" o="" />
		<t id="p_top_t" x="2905" y="143" w="121" h="104" d="1795" o="" />
		<t id="p_top_t" x="2905" y="246" w="121" h="104" d="1789" o="" />
		<t id="p_top_t" x="3025" y="348" w="121" h="104" d="1787" o="" />
		<t id="p_top_t" x="3026" y="143" w="121" h="104" d="1791" o="" />
		<t id="p_top_t" x="3026" y="245" w="121" h="104" d="1778" o="" />
		<t id="p_top_t" x="3146" y="348" w="121" h="104" d="1783" o="" />
		<t id="p_top_t" x="3147" y="143" w="121" h="104" d="1793" o="" />
		<t id="p_top_t" x="3147" y="245" w="121" h="104" d="1785" o="" />
		<t id="p_top_t" x="3267" y="143" w="121" h="104" d="2319" o="" />
		<t id="p_top_t" x="3267" y="244" w="121" h="104" d="1817" o="" />
		<t id="p_top_t" x="3388" y="143" w="121" h="104" d="2321" o="" />
		<t id="p_top_t" x="3388" y="243" w="121" h="104" d="1822" o="" />
		<t id="p_top_t" x="3509" y="143" w="121" h="104" d="2327" o="" />
		<t id="p_top_t" x="3509" y="242" w="121" h="104" d="1843" o="" />
		<t id="p_top_t" x="362" y="355" w="121" h="104" d="1310" o="" />
		<t id="p_top_t" x="363" y="251" w="121" h="104" d="1420" o="" />
		<t id="p_top_t" x="3630" y="143" w="121" h="104" d="2323" o="" />
		<t id="p_top_t" x="3630" y="242" w="121" h="104" d="1848" o="" />
		<t id="p_top_t" x="364" y="147" w="121" h="104" d="1481" o="" />
		<t id="p_top_t" x="365" y="44" w="121" h="104" d="2307" o="" />
		<t id="p_top_t" x="3751" y="143" w="121" h="104" d="2325" o="" />
		<t id="p_top_t" x="3751" y="242" w="121" h="104" d="1874" o="" />
		<t id="p_top_t" x="3871" y="144" w="121" h="104" d="2337" o="" />
		<t id="p_top_t" x="3872" y="243" w="121" h="104" d="1898" o="" />
		<t id="p_top_t" x="3872" y="346" w="121" h="104" d="1892" o="" />
		<t id="p_top_t" x="3872" y="450" w="121" h="104" d="1885" o="" />
		<t id="p_top_t" x="3991" y="345" w="121" h="104" d="1894" o="" />
		<t id="p_top_t" x="3991" y="449" w="121" h="104" d="1890" o="" />
		<t id="p_top_t" x="3992" y="143" w="121" h="104" d="2339" o="" />
		<t id="p_top_t" x="3993" y="242" w="121" h="104" d="2329" o="" />
		<t id="p_top_t" x="4112" y="345" w="121" h="104" d="1896" o="" />
		<t id="p_top_t" x="4113" y="143" w="121" h="104" d="2341" o="" />
		<t id="p_top_t" x="4114" y="242" w="121" h="104" d="2331" o="" />
		<t id="p_top_t" x="4233" y="345" w="121" h="104" d="2106" o="" />
		<t id="p_top_t" x="4234" y="143" w="121" h="104" d="2343" o="" />
		<t id="p_top_t" x="4235" y="242" w="121" h="104" d="2333" o="" />
		<t id="p_top_t" x="4353" y="345" w="121" h="104" d="2110" o="" />
		<t id="p_top_t" x="4354" y="143" w="121" h="104" d="2345" o="" />
		<t id="p_top_t" x="4354" y="242" w="121" h="104" d="2335" o="" />
		<t id="p_top_t" x="4354" y="449" w="121" h="104" d="2108" o="" />
		<t id="p_top_t" x="4474" y="143" w="121" h="104" d="2351" o="" />
		<t id="p_top_t" x="4474" y="242" w="121" h="104" d="2349" o="" />
		<t id="p_top_t" x="4474" y="345" w="121" h="104" d="2347" o="" />
		<t id="p_top_t" x="4475" y="449" w="121" h="104" d="2138" o="" />
		<t id="p_top_t" x="4595" y="143" w="121" h="104" d="2357" o="" />
		<t id="p_top_t" x="4595" y="242" w="121" h="104" d="2355" o="" />
		<t id="p_top_t" x="4595" y="345" w="121" h="104" d="2353" o="" />
		<t id="p_top_t" x="4596" y="449" w="121" h="104" d="2158" o="" />
		<t id="p_top_t" x="4596" y="553" w="121" h="104" d="2156" o="" />
		<t id="p_top_t" x="4597" y="656" w="121" h="104" d="2149" o="" />
		<t id="p_top_t" x="4715" y="143" w="121" h="104" d="2363" o="" />
		<t id="p_top_t" x="4715" y="242" w="121" h="104" d="2361" o="" />
		<t id="p_top_t" x="4715" y="345" w="121" h="104" d="2359" o="" />
		<t id="p_top_t" x="4717" y="447" w="121" h="104" d="2162" o="" />
		<t id="p_top_t" x="4717" y="551" w="121" h="104" d="2160" o="" />
		<t id="p_top_t" x="4717" y="655" w="121" h="104" d="2154" o="" />
		<t id="p_top_t" x="483" y="355" w="121" h="104" d="1312" o="" />
		<t id="p_top_t" x="4837" y="347" w="121" h="104" d="2371" o="" />
		<t id="p_top_t" x="4837" y="449" w="121" h="104" d="2369" o="" />
		<t id="p_top_t" x="4837" y="553" w="121" h="104" d="2367" o="" />
		<t id="p_top_t" x="4837" y="657" w="121" h="104" d="2365" o="" />
		<t id="p_top_t" x="484" y="251" w="121" h="104" d="1422" o="" />
		<t id="p_top_t" x="485" y="147" w="121" h="104" d="1483" o="" />
		<t id="p_top_t" x="486" y="44" w="121" h="104" d="2305" o="" />
		<t id="p_top_t" x="4958" y="560" w="121" h="104" d="2381" o="" />
		<t id="p_top_t" x="4958" y="660" w="121" h="104" d="2373" o="" />
		<t id="p_top_t" x="4959" y="760" w="121" h="104" d="2183" o="" />
		<t id="p_top_t" x="4959" y="864" w="121" h="104" d="2176" o="" />
		<t id="p_top_t" x="4959" y="968" w="121" h="104" d="2279" o="" />
		<t id="p_top_t" x="5078" y="560" w="121" h="104" d="2383" o="" />
		<t id="p_top_t" x="5078" y="660" w="121" h="104" d="2375" o="" />
		<t id="p_top_t" x="5079" y="760" w="121" h="104" d="2185" o="" />
		<t id="p_top_t" x="5079" y="864" w="121" h="104" d="2181" o="" />
		<t id="p_top_t" x="5079" y="968" w="121" h="104" d="2281" o="" />
		<t id="p_top_t" x="5199" y="560" w="121" h="104" d="2385" o="" />
		<t id="p_top_t" x="5199" y="660" w="121" h="104" d="2377" o="" />
		<t id="p_top_t" x="5200" y="760" w="121" h="104" d="2293" o="" />
		<t id="p_top_t" x="5200" y="864" w="121" h="104" d="2286" o="" />
		<t id="p_top_t" x="5200" y="968" w="121" h="104" d="2297" o="" />
		<t id="p_top_t" x="5320" y="560" w="121" h="104" d="2387" o="" />
		<t id="p_top_t" x="5320" y="660" w="121" h="104" d="2379" o="" />
		<t id="p_top_t" x="5321" y="760" w="121" h="104" d="2295" o="" />
		<t id="p_top_t" x="5321" y="864" w="121" h="104" d="2291" o="" />
		<t id="p_top_t" x="5321" y="968" w="121" h="104" d="2299" o="" />
		<t id="p_top_t" x="605" y="251" w="121" h="104" d="1424" o="" />
		<t id="p_top_t" x="606" y="147" w="121" h="104" d="1485" o="" />
		<t id="p_top_t" x="607" y="44" w="121" h="104" d="1498" o="" />
		<t id="p_top_t" x="617" y="54" w="121" h="104" d="2315" o="" />
		<t id="p_top_t" x="726" y="251" w="121" h="104" d="1477" o="" />
		<t id="p_top_t" x="727" y="147" w="121" h="104" d="1487" o="" />
		<t id="p_top_t" x="728" y="44" w="121" h="104" d="1496" o="" />
		<t id="p_top_t" x="738" y="54" w="121" h="104" d="2313" o="" />
		<t id="p_top_t" x="849" y="43" w="121" h="104" d="1494" o="" />
		<t id="p_top_t" x="859" y="53" w="121" h="104" d="2311" o="" />
		<t id="p_top_t" x="970" y="43" w="121" h="104" d="1492" o="" />
		<t id="p_top_t" x="980" y="53" w="121" h="104" d="2309" o="" />
		<t id="pinkustack2x" x="2120" y="174" w="38" h="67" d="2630" o="0" />
		<t id="pinkustack3x" x="1999" y="411" w="38" h="96" d="2740" o="0" />
		<t id="pinkustack3x" x="778" y="442" w="38" h="96" d="2564" o="0" />
		<t id="pinkustack4x" x="2317" y="596" w="38" h="125" d="2654" o="0" />
		<t id="s_b_l_t" x="1573" y="786" w="121" h="105" d="1515" o="30" />
		<t id="s_b_l_t" x="1936" y="723" w="121" h="105" d="1638" o="30" />
		<t id="s_b_l_t" x="2420" y="827" w="121" h="105" d="1707" o="30" />
		<t id="s_b_l_t" x="847" y="901" w="121" h="105" d="1320" o="30" />
		<t id="s_b_r_t" x="1815" y="723" w="121" h="105" d="1624" o="30" />
		<t id="s_b_r_t" x="2178" y="827" w="121" h="105" d="1698" o="30" />
		<t id="s_b_r_t" x="2783" y="827" w="121" h="105" d="1733" o="200" />
		<t id="s_b_r_t" x="605" y="901" w="121" h="105" d="1317" o="30" />
		<t id="s_b_t" x="1089" y="485" w="121" h="105" d="1372" o="30" />
		<t id="s_b_t" x="121" y="797" w="121" h="105" d="1294" o="30" />
		<t id="s_b_t" x="1210" y="485" w="121" h="105" d="1329" o="30" />
		<t id="s_b_t" x="1210" y="485" w="121" h="105" d="1446" o="30" />
		<t id="s_b_t" x="1452" y="786" w="121" h="105" d="1512" o="30" />
		<t id="s_b_t" x="1694" y="619" w="121" h="105" d="1471" o="30" />
		<t id="s_b_t" x="2057" y="515" w="121" h="105" d="1633" o="130" />
		<t id="s_b_t" x="2299" y="827" w="121" h="105" d="1701" o="30" />
		<t id="s_b_t" x="242" y="797" w="121" h="105" d="1297" o="30" />
		<t id="s_b_t" x="2541" y="619" w="121" h="105" d="1717" o="30" />
		<t id="s_b_t" x="2662" y="619" w="121" h="105" d="1724" o="30" />
		<t id="s_b_t" x="2904" y="827" w="121" h="105" d="1736" o="200" />
		<t id="s_b_t" x="3025" y="827" w="121" h="105" d="1739" o="200" />
		<t id="s_b_t" x="3146" y="827" w="121" h="105" d="1742" o="200" />
		<t id="s_b_t" x="3267" y="827" w="121" h="105" d="1745" o="200" />
		<t id="s_b_t" x="3388" y="827" w="121" h="105" d="1800" o="130" />
		<t id="s_b_t" x="3509" y="827" w="121" h="105" d="1803" o="130" />
		<t id="s_b_t" x="363" y="797" w="121" h="105" d="1426" o="30" />
		<t id="s_b_t" x="3630" y="827" w="121" h="105" d="1850" o="130" />
		<t id="s_b_t" x="3751" y="827" w="121" h="105" d="1853" o="130" />
		<t id="s_b_t" x="3872" y="827" w="121" h="105" d="1856" o="130" />
		<t id="s_b_t" x="3993" y="827" w="121" h="105" d="1859" o="30" />
		<t id="s_b_t" x="4114" y="827" w="121" h="105" d="1862" o="30" />
		<t id="s_b_t" x="4235" y="827" w="121" h="105" d="1865" o="30" />
		<t id="s_b_t" x="4356" y="827" w="121" h="105" d="1868" o="30" />
		<t id="s_b_t" x="484" y="797" w="121" h="105" d="1300" o="30" />
		<t id="s_b_t" x="726" y="901" w="121" h="105" d="1314" o="30" />
		<t id="s_b_t" x="968" y="485" w="121" h="105" d="1326" o="30" />
		<t id="s_l_s" x="1331" y="1097" w="23" h="104" d="1610" o="30" />
		<t id="s_l_s" x="1331" y="889" w="23" h="104" d="1550" o="30" />
		<t id="s_l_s" x="1331" y="993" w="23" h="104" d="1545" o="30" />
		<t id="s_l_s" x="1573" y="722" w="23" h="104" d="1375" o="30" />
		<t id="s_l_s" x="1936" y="619" w="23" h="104" d="1630" o="30" />
		<t id="s_l_s" x="2420" y="723" w="23" h="104" d="1704" o="30" />
		<t id="s_l_s" x="847" y="589" w="23" h="104" d="1441" o="30" />
		<t id="s_l_s" x="847" y="693" w="23" h="104" d="1436" o="30" />
		<t id="s_l_s" x="847" y="797" w="23" h="104" d="1431" o="30" />
		<t id="s_l_t" x="1331" y="786" w="22" h="104" d="1518" o="30" />
		<t id="s_l_t" x="1573" y="619" w="22" h="104" d="1369" o="30" />
		<t id="s_l_t" x="1936" y="515" w="22" h="104" d="1627" o="30" />
		<t id="s_l_t" x="2420" y="619" w="22" h="104" d="1714" o="30" />
		<t id="s_l_t" x="847" y="485" w="22" h="104" d="1323" o="30" />
		<t id="s_r_s" x="1230" y="1005" w="23" h="104" d="1577" o="30" />
		<t id="s_r_s" x="1230" y="1005" w="23" h="104" d="1582" o="30" />
		<t id="s_r_s" x="1230" y="1099" w="23" h="104" d="1259" o="30" />
		<t id="s_r_s" x="1230" y="589" w="23" h="104" d="1383" o="30" />
		<t id="s_r_s" x="1230" y="589" w="23" h="104" d="1454" o="30" />
		<t id="s_r_s" x="1230" y="693" w="23" h="104" d="1459" o="30" />
		<t id="s_r_s" x="1230" y="693" w="23" h="104" d="1464" o="30" />
		<t id="s_r_s" x="1230" y="797" w="23" h="104" d="1523" o="30" />
		<t id="s_r_s" x="1230" y="797" w="23" h="104" d="1528" o="30" />
		<t id="s_r_s" x="1230" y="901" w="23" h="104" d="1533" o="30" />
		<t id="s_r_s" x="1230" y="901" w="23" h="104" d="1538" o="30" />
		<t id="s_r_s" x="2077" y="619" w="23" h="104" d="1690" o="30" />
		<t id="s_r_s" x="2077" y="723" w="23" h="104" d="1695" o="30" />
		<t id="s_r_s" x="2682" y="723" w="23" h="104" d="1730" o="30" />
		<t id="s_r_t" x="1232" y="485" w="23" h="104" d="1332" o="30" />
		<t id="s_r_t" x="1232" y="485" w="23" h="104" d="1449" o="30" />
		<t id="s_r_t" x="1716" y="619" w="23" h="104" d="1380" o="30" />
		<t id="s_r_t" x="2079" y="515" w="23" h="104" d="1678" o="30" />
		<t id="s_r_t" x="2684" y="619" w="23" h="104" d="1727" o="30" />
		<t id="s_r_t" x="4378" y="827" w="23" h="104" d="2118" o="30" />
		<t id="s_r_t" x="506" y="797" w="23" h="104" d="1303" o="30" />
		<t id="s_rb_s" x="4670" y="1210" w="65" h="38" d="959" o="30" />
		<t id="s_rb_s" x="4694" y="1300" w="65" h="38" d="981" o="30" />
		<t id="s_rb_s" x="4700" y="1080" w="65" h="38" d="962" o="30" />
		<t id="scorpion" x="1632" y="516" w="45" h="38" d="2620" o="0" />
		<t id="scorpion" x="2210" y="688" w="45" h="38" d="2648" o="0" />
		<t id="scorpion" x="4400" y="823" w="45" h="38" d="2762" o="0" />
		<t id="snowspider" x="2819" y="722" w="94" h="43" d="2686" o="100" />
		<t id="snowspider" x="3131" y="723" w="94" h="43" d="2694" o="100" />
		<t id="spider_fall" x="1952" y="458" w="141" h="251" d="2598" o="0" />
		<t id="spider_fall" x="3424" y="592" w="141" h="251" d="2700" o="0" />
		<t id="spider_run" x="1799" y="618" w="27" h="20" d="2582" o="0" />
		<t id="spider_run" x="3585" y="722" w="27" h="20" d="2714" o="0" />
		<t id="spider_run" x="3658" y="722" w="27" h="20" d="2718" o="0" />
		<t id="spider_run" x="3920" y="723" w="27" h="20" d="2722" o="0" />
		<t id="spider_run" x="4076" y="724" w="27" h="20" d="2726" o="0" />
		<t id="spider_run" x="592" y="796" w="27" h="20" d="2586" o="0" />
		<t id="spider_run" x="663" y="797" w="27" h="20" d="2616" o="0" />
		<t id="spider_web" x="959" y="331" w="60" h="46" d="2612" o="0" />
		<t id="t1_b" x="1089" y="1005" w="121" h="104" d="1585" o="" />
		<t id="t1_b" x="1089" y="1104" w="121" h="104" d="1599" o="" />
		<t id="t1_b" x="1089" y="589" w="121" h="104" d="1467" o="" />
		<t id="t1_b" x="1089" y="693" w="121" h="104" d="1469" o="" />
		<t id="t1_b" x="1089" y="797" w="121" h="104" d="1541" o="" />
		<t id="t1_b" x="1089" y="901" w="121" h="104" d="1543" o="" />
		<t id="t1_b" x="121" y="1005" w="121" h="104" d="1563" o="130" />
		<t id="t1_b" x="121" y="901" w="121" h="104" d="1341" o="130" />
		<t id="t1_b" x="1210" y="1005" w="121" h="104" d="1575" o="" />
		<t id="t1_b" x="1210" y="1005" w="121" h="104" d="1580" o="" />
		<t id="t1_b" x="1210" y="1100" w="121" h="104" d="1257" o="" />
		<t id="t1_b" x="1210" y="589" w="121" h="104" d="1378" o="" />
		<t id="t1_b" x="1210" y="589" w="121" h="104" d="1452" o="" />
		<t id="t1_b" x="1210" y="693" w="121" h="104" d="1457" o="" />
		<t id="t1_b" x="1210" y="693" w="121" h="104" d="1462" o="" />
		<t id="t1_b" x="1210" y="797" w="121" h="104" d="1521" o="" />
		<t id="t1_b" x="1210" y="797" w="121" h="104" d="1526" o="" />
		<t id="t1_b" x="1210" y="901" w="121" h="104" d="1531" o="" />
		<t id="t1_b" x="1210" y="901" w="121" h="104" d="1536" o="" />
		<t id="t1_b" x="1452" y="1098" w="121" h="104" d="1613" o="" />
		<t id="t1_b" x="1452" y="890" w="121" h="104" d="1553" o="" />
		<t id="t1_b" x="1452" y="994" w="121" h="104" d="1548" o="" />
		<t id="t1_b" x="1573" y="1097" w="121" h="104" d="1938" o="130" />
		<t id="t1_b" x="1573" y="889" w="121" h="104" d="1555" o="" />
		<t id="t1_b" x="1573" y="993" w="121" h="104" d="1557" o="" />
		<t id="t1_b" x="1694" y="1097" w="121" h="104" d="1933" o="130" />
		<t id="t1_b" x="1694" y="723" w="121" h="104" d="1510" o="" />
		<t id="t1_b" x="1694" y="827" w="121" h="104" d="1826" o="130" />
		<t id="t1_b" x="1694" y="931" w="121" h="104" d="1834" o="130" />
		<t id="t1_b" x="1694" y="993" w="121" h="104" d="1943" o="" />
		<t id="t1_b" x="1815" y="1097" w="121" h="104" d="1918" o="130" />
		<t id="t1_b" x="1815" y="827" w="121" h="104" d="1828" o="130" />
		<t id="t1_b" x="1815" y="931" w="121" h="104" d="1836" o="130" />
		<t id="t1_b" x="1815" y="993" w="121" h="104" d="1945" o="" />
		<t id="t1_b" x="1817" y="931" w="121" h="104" d="2127" o="130" />
		<t id="t1_b" x="1936" y="827" w="121" h="104" d="1830" o="" />
		<t id="t1_b" x="1938" y="1006" w="121" h="104" d="1947" o="" />
		<t id="t1_b" x="1938" y="1097" w="121" h="104" d="1920" o="130" />
		<t id="t1_b" x="1938" y="931" w="121" h="104" d="1838" o="" />
		<t id="t1_b" x="2057" y="619" w="121" h="104" d="1636" o="" />
		<t id="t1_b" x="2057" y="723" w="121" h="104" d="1693" o="" />
		<t id="t1_b" x="2057" y="827" w="121" h="104" d="1824" o="" />
		<t id="t1_b" x="2059" y="1006" w="121" h="104" d="1949" o="" />
		<t id="t1_b" x="2059" y="1097" w="121" h="104" d="1922" o="" />
		<t id="t1_b" x="2059" y="931" w="121" h="104" d="1832" o="" />
		<t id="t1_b" x="2180" y="1006" w="121" h="104" d="1951" o="" />
		<t id="t1_b" x="2180" y="1097" w="121" h="104" d="1916" o="" />
		<t id="t1_b" x="2180" y="931" w="121" h="104" d="1808" o="130" />
		<t id="t1_b" x="2301" y="1006" w="121" h="104" d="1968" o="" />
		<t id="t1_b" x="2301" y="1097" w="121" h="104" d="1958" o="130" />
		<t id="t1_b" x="2301" y="931" w="121" h="104" d="1810" o="130" />
		<t id="t1_b" x="242" y="1005" w="121" h="104" d="1561" o="130" />
		<t id="t1_b" x="242" y="901" w="121" h="104" d="1339" o="130" />
		<t id="t1_b" x="2422" y="1006" w="121" h="104" d="1970" o="" />
		<t id="t1_b" x="2422" y="1097" w="121" h="104" d="1960" o="" />
		<t id="t1_b" x="2422" y="931" w="121" h="104" d="1812" o="" />
		<t id="t1_b" x="2541" y="723" w="121" h="104" d="1710" o="" />
		<t id="t1_b" x="2541" y="827" w="121" h="104" d="1712" o="" />
		<t id="t1_b" x="2543" y="1006" w="121" h="104" d="1972" o="" />
		<t id="t1_b" x="2543" y="1097" w="121" h="104" d="1956" o="" />
		<t id="t1_b" x="2543" y="931" w="121" h="104" d="1806" o="" />
		<t id="t1_b" x="2662" y="723" w="121" h="104" d="1720" o="" />
		<t id="t1_b" x="2662" y="827" w="121" h="104" d="1722" o="" />
		<t id="t1_b" x="2664" y="1096" w="121" h="104" d="2010" o="130" />
		<t id="t1_b" x="2664" y="930" w="121" h="104" d="1987" o="130" />
		<t id="t1_b" x="2664" y="992" w="121" h="104" d="2015" o="" />
		<t id="t1_b" x="2785" y="1096" w="121" h="104" d="1995" o="130" />
		<t id="t1_b" x="2785" y="930" w="121" h="104" d="1989" o="130" />
		<t id="t1_b" x="2785" y="992" w="121" h="104" d="2017" o="" />
		<t id="t1_b" x="2906" y="1005" w="121" h="104" d="2019" o="" />
		<t id="t1_b" x="2906" y="1096" w="121" h="104" d="1997" o="130" />
		<t id="t1_b" x="2906" y="930" w="121" h="104" d="1991" o="" />
		<t id="t1_b" x="3027" y="1005" w="121" h="104" d="2021" o="" />
		<t id="t1_b" x="3027" y="1096" w="121" h="104" d="1999" o="" />
		<t id="t1_b" x="3027" y="930" w="121" h="104" d="1985" o="" />
		<t id="t1_b" x="3148" y="1005" w="121" h="104" d="2023" o="" />
		<t id="t1_b" x="3148" y="1096" w="121" h="104" d="1993" o="" />
		<t id="t1_b" x="3148" y="930" w="121" h="104" d="1979" o="130" />
		<t id="t1_b" x="3269" y="1005" w="121" h="104" d="2040" o="" />
		<t id="t1_b" x="3269" y="1096" w="121" h="104" d="2030" o="130" />
		<t id="t1_b" x="3269" y="930" w="121" h="104" d="1981" o="130" />
		<t id="t1_b" x="3390" y="1005" w="121" h="104" d="2042" o="" />
		<t id="t1_b" x="3390" y="1096" w="121" h="104" d="2032" o="" />
		<t id="t1_b" x="3390" y="930" w="121" h="104" d="1983" o="" />
		<t id="t1_b" x="3511" y="1005" w="121" h="104" d="2044" o="" />
		<t id="t1_b" x="3511" y="1096" w="121" h="104" d="2028" o="" />
		<t id="t1_b" x="3511" y="930" w="121" h="104" d="1977" o="" />
		<t id="t1_b" x="363" y="1005" w="121" h="104" d="1559" o="130" />
		<t id="t1_b" x="363" y="901" w="121" h="104" d="1337" o="130" />
		<t id="t1_b" x="3632" y="1004" w="121" h="104" d="2073" o="" />
		<t id="t1_b" x="3632" y="1095" w="121" h="104" d="2063" o="130" />
		<t id="t1_b" x="3632" y="929" w="121" h="104" d="2059" o="" />
		<t id="t1_b" x="3646" y="621" w="121" h="104" d="751" o="" />
		<t id="t1_b" x="3753" y="1004" w="121" h="104" d="2075" o="" />
		<t id="t1_b" x="3753" y="1095" w="121" h="104" d="2065" o="" />
		<t id="t1_b" x="3753" y="929" w="121" h="104" d="2057" o="" />
		<t id="t1_b" x="3874" y="1004" w="121" h="104" d="2077" o="" />
		<t id="t1_b" x="3874" y="1095" w="121" h="104" d="2061" o="" />
		<t id="t1_b" x="3874" y="929" w="121" h="104" d="2051" o="130" />
		<t id="t1_b" x="3995" y="1004" w="121" h="104" d="2094" o="" />
		<t id="t1_b" x="3995" y="1095" w="121" h="104" d="2084" o="130" />
		<t id="t1_b" x="3995" y="929" w="121" h="104" d="2053" o="130" />
		<t id="t1_b" x="4116" y="1004" w="121" h="104" d="2096" o="" />
		<t id="t1_b" x="4116" y="1095" w="121" h="104" d="2086" o="" />
		<t id="t1_b" x="4116" y="929" w="121" h="104" d="2055" o="" />
		<t id="t1_b" x="4235" y="1004" w="121" h="104" d="2098" o="" />
		<t id="t1_b" x="4235" y="929" w="121" h="104" d="2049" o="" />
		<t id="t1_b" x="4236" y="1095" w="121" h="104" d="2082" o="" />
		<t id="t1_b" x="4356" y="1006" w="121" h="104" d="2125" o="" />
		<t id="t1_b" x="4356" y="931" w="121" h="104" d="2121" o="" />
		<t id="t1_b" x="4357" y="1097" w="121" h="104" d="2123" o="" />
		<t id="t1_b" x="484" y="1005" w="121" h="104" d="1565" o="130" />
		<t id="t1_b" x="484" y="901" w="121" h="104" d="1429" o="130" />
		<t id="t1_b" x="605" y="1005" w="121" h="104" d="1571" o="130" />
		<t id="t1_b" x="606" y="1099" w="121" h="104" d="1911" o="130" />
		<t id="t1_b" x="726" y="1005" w="121" h="104" d="1569" o="130" />
		<t id="t1_b" x="726" y="1099" w="121" h="104" d="1906" o="130" />
		<t id="t1_b" x="847" y="1005" w="121" h="104" d="1567" o="130" />
		<t id="t1_b" x="847" y="1099" w="121" h="104" d="1595" o="130" />
		<t id="t1_b" x="968" y="1005" w="121" h="104" d="1573" o="130" />
		<t id="t1_b" x="968" y="1102" w="121" h="104" d="1597" o="130" />
		<t id="t1_b" x="968" y="589" w="121" h="104" d="1444" o="" />
		<t id="t1_b" x="968" y="693" w="121" h="104" d="1439" o="" />
		<t id="t1_b" x="968" y="797" w="121" h="104" d="1434" o="" />
		<t id="t1_b" x="968" y="901" w="121" h="104" d="1335" o="130" />
		<t id="t2_b" x="121" y="1099" w="121" h="104" d="1591" o="130" />
		<t id="t2_b" x="2250" y="805" w="121" h="104" d="705" o="" />
		<t id="t2_b" x="2371" y="805" w="121" h="104" d="717" o="" />
		<t id="t2_b" x="242" y="1099" w="121" h="104" d="1589" o="130" />
		<t id="t2_b" x="2492" y="805" w="121" h="104" d="712" o="" />
		<t id="t2_b" x="363" y="1099" w="121" h="104" d="1587" o="130" />
		<t id="t2_b" x="3646" y="725" w="121" h="104" d="757" o="" />
		<t id="t2_b" x="484" y="1099" w="121" h="104" d="1593" o="130" />
		<t id="tiltstone_b" x="3150" y="1593" w="268" h="44" d="2198" o="30" />
		<t id="tiltstone_b" x="3604" y="1593" w="268" h="44" d="2219" o="30" />
		<t id="tiltstone_b" x="4236" y="1578" w="268" h="44" d="2226" o="30" />
		<t id="tiltstone_s" x="2584" y="1671" w="140" h="28" d="2205" o="30" />
		<t id="tiltstone_s" x="2774" y="1606" w="140" h="28" d="2212" o="30" />
		<t id="wackel_b" x="1517" y="515" w="268" h="44" d="721" o="30" />
		<t id="wackel_b" x="3453" y="628" w="268" h="44" d="731" o="30" />
		<t id="wackel_b" x="805" y="630" w="268" h="44" d="765" o="30" />
		<t id="wackel_s" x="1889" y="486" w="140" h="28" d="685" o="30" /> 
	</layer>
</level>
