<?xml version="1.0" encoding="UTF-8"?>
<level background="cave" music="track04b" effects="cave" sx="163" sy="548" d="2583" sh="220">
	<layer name="base" source="cave.swf" x="0" y="0" width="6510" height="1240">
		<t id="b1_t_e_l" x="2213" y="1017" w="27" h="104" d="710" o="30" />
		<t id="b1_t_e_l" x="2213" y="1121" w="27" h="104" d="718" o="30" />
		<t id="b1_t_e_r" x="2239" y="1149" w="27" h="104" d="720" o="30" />
		<t id="b1_t_e_r" x="2240" y="1045" w="27" h="104" d="712" o="30" />
		<t id="b2_t_e_l" x="2039" y="551" w="27" h="104" d="671" o="30" />
		<t id="b2_t_e_l" x="2213" y="1225" w="27" h="104" d="714" o="30" />
		<t id="b2_t_e_l" x="3200" y="1264" w="27" h="104" d="695" o="30" />
		<t id="b2_t_e_l" x="3363" y="1188" w="27" h="104" d="687" o="30" />
		<t id="b2_t_e_l" x="3513" y="1219" w="27" h="104" d="735" o="30" />
		<t id="b2_t_e_l" x="4363" y="675" w="27" h="104" d="772" o="30" />
		<t id="b2_t_e_l" x="5761" y="1216" w="27" h="104" d="822" o="30" />
		<t id="b2_t_e_r" x="2066" y="579" w="27" h="104" d="673" o="30" />
		<t id="b2_t_e_r" x="2239" y="1253" w="27" h="104" d="716" o="30" />
		<t id="b2_t_e_r" x="3390" y="1216" w="27" h="104" d="689" o="30" />
		<t id="b2_t_e_r" x="3540" y="1247" w="27" h="104" d="737" o="30" />
		<t id="b2_t_e_r" x="4390" y="703" w="27" h="104" d="774" o="30" />
		<t id="b2_t_e_r" x="5788" y="1244" w="27" h="104" d="824" o="30" />
		<t id="b_s" x="1044" y="692" w="54" h="105" d="654" o="30" />
		<t id="b_s" x="2065" y="475" w="54" h="105" d="667" o="30" />
		<t id="b_s" x="2159" y="1201" w="54" h="105" d="679" o="30" />
		<t id="b_s" x="2239" y="941" w="54" h="105" d="706" o="30" />
		<t id="b_s" x="3226" y="1188" w="54" h="105" d="691" o="30" />
		<t id="b_s" x="3389" y="1112" w="54" h="105" d="683" o="30" />
		<t id="b_s" x="3539" y="1143" w="54" h="105" d="731" o="30" />
		<t id="b_s" x="4389" y="599" w="54" h="105" d="768" o="30" />
		<t id="b_s" x="5787" y="1140" w="54" h="105" d="818" o="30" />
		<t id="b_s" x="668" y="699" w="54" h="105" d="675" o="30" />
		<t id="be" x="1224" y="664" w="42" h="95" d="2215" o="100" />
		<t id="be" x="1447" y="650" w="42" h="95" d="2217" o="100" />
		<t id="be" x="1587" y="450" w="42" h="95" d="2219" o="100" />
		<t id="be" x="1926" y="545" w="42" h="95" d="2555" o="100" />
		<t id="be" x="1945" y="453" w="42" h="95" d="2221" o="100" />
		<t id="be" x="2082" y="547" w="42" h="95" d="2557" o="100" />
		<t id="be" x="2178" y="662" w="42" h="95" d="2323" o="100" />
		<t id="be" x="2182" y="768" w="42" h="95" d="2329" o="100" />
		<t id="be" x="2254" y="972" w="42" h="95" d="2237" o="100" />
		<t id="be" x="2308" y="662" w="42" h="95" d="2563" o="100" />
		<t id="be" x="2409" y="968" w="42" h="95" d="2239" o="100" />
		<t id="be" x="2412" y="1171" w="42" h="95" d="2245" o="100" />
		<t id="be" x="2569" y="1171" w="42" h="95" d="2259" o="100" />
		<t id="be" x="2905" y="1170" w="42" h="95" d="2289" o="100" />
		<t id="be" x="2966" y="1172" w="42" h="95" d="2311" o="100" />
		<t id="be" x="3100" y="1172" w="42" h="95" d="2309" o="100" />
		<t id="be" x="3209" y="1171" w="42" h="95" d="2307" o="100" />
		<t id="be" x="3321" y="1171" w="42" h="95" d="2291" o="100" />
		<t id="be" x="3366" y="1170" w="42" h="95" d="2339" o="100" />
		<t id="be" x="3508" y="1171" w="42" h="95" d="2341" o="100" />
		<t id="be" x="3540" y="729" w="42" h="95" d="2369" o="100" />
		<t id="be" x="3628" y="970" w="42" h="95" d="2355" o="100" />
		<t id="be" x="3730" y="1169" w="42" h="95" d="2343" o="100" />
		<t id="be" x="3756" y="972" w="42" h="95" d="2565" o="100" />
		<t id="be" x="3856" y="652" w="42" h="95" d="2573" o="100" />
		<t id="be" x="4031" y="654" w="42" h="95" d="2575" o="100" />
		<t id="be" x="4229" y="487" w="42" h="95" d="2577" o="100" />
		<t id="be" x="4330" y="652" w="42" h="95" d="2385" o="100" />
		<t id="be" x="4527" y="466" w="42" h="95" d="2409" o="100" />
		<t id="be" x="4593" y="651" w="42" h="95" d="2533" o="100" />
		<t id="be" x="4813" y="464" w="42" h="95" d="2411" o="100" />
		<t id="be" x="4823" y="651" w="42" h="95" d="2531" o="100" />
		<t id="be" x="483" y="652" w="42" h="95" d="2235" o="100" />
		<t id="be" x="4983" y="651" w="42" h="95" d="2529" o="100" />
		<t id="be" x="5133" y="448" w="42" h="95" d="2445" o="100" />
		<t id="be" x="5293" y="448" w="42" h="95" d="2447" o="100" />
		<t id="be" x="5459" y="669" w="42" h="95" d="2567" o="100" />
		<t id="be" x="5513" y="966" w="42" h="95" d="2479" o="100" />
		<t id="be" x="5585" y="684" w="42" h="95" d="2449" o="100" />
		<t id="be" x="5682" y="785" w="42" h="95" d="2475" o="100" />
		<t id="be" x="5694" y="966" w="42" h="95" d="2481" o="100" />
		<t id="be" x="5774" y="1169" w="42" h="95" d="2535" o="100" />
		<t id="be" x="5791" y="789" w="42" h="95" d="2477" o="100" />
		<t id="be" x="5824" y="1169" w="42" h="95" d="2525" o="100" />
		<t id="be" x="5951" y="1171" w="42" h="95" d="2527" o="100" />
		<t id="be" x="6131" y="1171" w="42" h="95" d="2581" o="100" />
		<t id="be" x="743" y="652" w="42" h="95" d="2187" o="100" />
		<t id="be" x="960" y="651" w="42" h="95" d="2199" o="100" />
		<t id="be1" x="3465" y="553" w="191" h="17" d="2363" o="250" />
		<t id="be1" x="3471" y="808" w="191" h="17" d="2361" o="250" />
		<t id="be1" x="5421" y="303" w="191" h="17" d="2579" o="250" />
		<t id="be2" x="3291" y="768" w="18" h="185" d="2367" o="250" />
		<t id="be2" x="3472" y="772" w="18" h="185" d="2365" o="250" />
		<t id="beycnake" x="1154" y="651" w="45" h="32" d="2227" o="0" />
		<t id="beycnake" x="1703" y="451" w="45" h="32" d="2231" o="0" />
		<t id="beycnake" x="1957" y="547" w="45" h="32" d="2559" o="0" />
		<t id="beycnake" x="2108" y="765" w="45" h="32" d="2325" o="0" />
		<t id="beycnake" x="2349" y="965" w="45" h="32" d="2241" o="0" />
		<t id="beycnake" x="2508" y="1170" w="45" h="32" d="2247" o="0" />
		<t id="beycnake" x="2605" y="1170" w="45" h="32" d="2251" o="0" />
		<t id="beycnake" x="2818" y="1170" w="45" h="32" d="2255" o="0" />
		<t id="beycnake" x="3443" y="1169" w="45" h="32" d="2335" o="0" />
		<t id="beycnake" x="3613" y="1169" w="45" h="32" d="2331" o="0" />
		<t id="beycnake" x="3675" y="725" w="45" h="32" d="2371" o="0" />
		<t id="beycnake" x="3891" y="650" w="45" h="32" d="2569" o="0" />
		<t id="beycnake" x="4124" y="480" w="45" h="32" d="2401" o="0" />
		<t id="beycnake" x="520" y="651" w="45" h="32" d="2223" o="0" />
		<t id="beycnake" x="5245" y="442" w="45" h="32" d="2441" o="0" />
		<t id="beycnake" x="5510" y="1170" w="45" h="32" d="2537" o="0" />
		<t id="beycnake" x="5660" y="1170" w="45" h="32" d="2541" o="0" />
		<t id="bh" x="19" y="569" w="104" h="308" d="1079" o="" />
		<t id="bh" x="6601" y="1067" w="104" h="308" d="1081" o="" />
		<t id="c" x="1728" y="311" w="23" h="24" d="2054" o="" />
		<t id="c" x="1778" y="311" w="23" h="24" d="2050" o="" />
		<t id="c" x="2136" y="299" w="23" h="24" d="2074" o="" />
		<t id="c" x="2136" y="343" w="23" h="24" d="2070" o="" />
		<t id="c" x="2262" y="500" w="23" h="24" d="2098" o="" />
		<t id="c" x="2262" y="544" w="23" h="24" d="2094" o="" />
		<t id="c" x="2493" y="910" w="23" h="24" d="2082" o="" />
		<t id="c" x="2493" y="954" w="23" h="24" d="2078" o="" />
		<t id="c" x="3185" y="933" w="23" h="24" d="2090" o="" />
		<t id="c" x="3235" y="933" w="23" h="24" d="2086" o="" />
		<t id="c" x="3360" y="679" w="23" h="24" d="2110" o="" />
		<t id="c" x="3410" y="679" w="23" h="24" d="2106" o="" />
		<t id="c" x="4060" y="401" w="23" h="24" d="2122" o="" />
		<t id="c" x="4060" y="445" w="23" h="24" d="2118" o="" />
		<t id="c" x="437" y="586" w="23" h="24" d="2046" o="" />
		<t id="c" x="437" y="630" w="23" h="24" d="2042" o="" />
		<t id="c" x="4639" y="383" w="23" h="24" d="2130" o="" />
		<t id="c" x="4709" y="383" w="23" h="24" d="2126" o="" />
		<t id="c" x="5150" y="78" w="23" h="24" d="2134" o="" />
		<t id="c" x="5509" y="78" w="23" h="24" d="2138" o="" />
		<t id="c" x="5750" y="466" w="23" h="24" d="2146" o="" />
		<t id="c" x="5750" y="510" w="23" h="24" d="2142" o="" />
		<t id="c" x="859" y="485" w="23" h="24" d="2062" o="" />
		<t id="c" x="909" y="485" w="23" h="24" d="2058" o="" />
		<t id="d_kr1" x="1862" y="451" w="18" h="16" d="2034" o="" />
		<t id="d_kr1" x="353" y="547" w="18" h="16" d="2030" o="" />
		<t id="d_kr1" x="4073" y="755" w="18" h="16" d="2038" o="" />
		<t id="d_kr2" x="1376" y="651" w="24" h="17" d="2032" o="" />
		<t id="d_kr2" x="2726" y="1171" w="24" h="17" d="2036" o="" />
		<t id="d_kr2" x="5146" y="651" w="24" h="17" d="2028" o="" />
		<t id="d_kr2" x="6231" y="1067" w="24" h="17" d="2040" o="" />
		<t id="e" x="1867" y="511" w="26" h="24" d="2066" o="" />
		<t id="e" x="2957" y="956" w="26" h="24" d="2102" o="" />
		<t id="e" x="3701" y="1054" w="26" h="24" d="2183" o="" />
		<t id="e" x="4675" y="623" w="26" h="24" d="2114" o="" />
		<t id="f_b" x="1788" y="451" w="121" h="104" d="658" o="30" />
		<t id="f_b_t" x="1724" y="555" w="121" h="104" d="620" o="30" />
		<t id="f_b_t" x="1845" y="555" w="121" h="104" d="629" o="30" />
		<t id="f_b_t" x="1966" y="555" w="121" h="104" d="636" o="30" />
		<t id="f_b_t" x="2398" y="1070" w="121" h="104" d="639" o="30" />
		<t id="f_b_t" x="4660" y="569" w="121" h="104" d="748" o="50" />
		<t id="f_b_t" x="4781" y="569" w="121" h="104" d="757" o="50" />
		<t id="f_b_t" x="5267" y="547" w="121" h="104" d="779" o="30" />
		<t id="f_b_t" x="5653" y="1070" w="121" h="104" d="803" o="130" />
		<t id="f_l" x="1667" y="451" w="22" h="104" d="661" o="30" />
		<t id="f_l_t" x="1603" y="555" w="22" h="104" d="623" o="30" />
		<t id="f_l_t" x="2277" y="1070" w="22" h="104" d="642" o="30" />
		<t id="f_l_t" x="4539" y="569" w="22" h="104" d="751" o="30" />
		<t id="f_l_t" x="5146" y="547" w="22" h="104" d="782" o="30" />
		<t id="f_l_t" x="5532" y="1070" w="22" h="104" d="806" o="30" />
		<t id="f_r" x="1810" y="451" w="22" h="104" d="664" o="30" />
		<t id="f_r_t" x="1987" y="555" w="22" h="104" d="626" o="30" />
		<t id="f_r_t" x="2420" y="1070" w="22" h="104" d="645" o="30" />
		<t id="f_r_t" x="4803" y="569" w="22" h="104" d="754" o="30" />
		<t id="f_r_t" x="5288" y="547" w="22" h="104" d="785" o="30" />
		<t id="f_r_t" x="5674" y="1070" w="22" h="104" d="809" o="30" />
		<t id="f_t_l" x="1603" y="659" w="14" h="104" d="634" o="" />
		<t id="f_t_l" x="2277" y="1174" w="14" h="104" d="650" o="" />
		<t id="f_t_l" x="4539" y="673" w="14" h="104" d="762" o="" />
		<t id="f_t_l" x="5146" y="651" w="14" h="104" d="790" o="" />
		<t id="f_t_l" x="5532" y="1174" w="14" h="104" d="814" o="" />
		<t id="f_t_r" x="2412" y="1174" w="14" h="104" d="652" o="" />
		<t id="f_t_r" x="4795" y="673" w="14" h="104" d="766" o="" />
		<t id="f_t_r" x="5281" y="651" w="14" h="104" d="792" o="" />
		<t id="f_t_r" x="5666" y="1174" w="14" h="104" d="816" o="" />
		<t id="g" x="6443" y="1073" w="44" h="335" d="2150" o="30" />
		<t id="n1_l" x="3473" y="802" w="192" h="266" d="617" o="" />
		<t id="n2_1" x="5320" y="158" w="235" h="136" d="1064" o="" />
		<t id="n2_2" x="5555" y="158" w="235" h="136" d="1067" o="" />
		<t id="n2_3" x="5320" y="294" w="235" h="136" d="1070" o="" />
		<t id="n2_4" x="5555" y="294" w="235" h="136" d="1073" o="" />
		<t id="p_f_l_b_l" x="3477" y="844" w="204" h="44" d="728" o="130" />
		<t id="p_f_l_b_l" x="4203" y="526" w="204" h="44" d="745" o="30" />
		<t id="p_f_l_b_l" x="5289" y="336" w="204" h="44" d="1076" o="130" />
		<t id="p_f_l_b_r" x="3745" y="772" w="204" h="44" d="742" o="30" />
		<t id="p_f_l_b_r" x="5558" y="337" w="204" h="44" d="1762" o="130" />
		<t id="p_f_l_s_l" x="2159" y="1013" w="107" h="29" d="700" o="30" />
		<t id="p_f_l_s_l" x="2159" y="800" w="107" h="29" d="703" o="130" />
		<t id="p_f_l_s_l" x="2988" y="1060" w="107" h="29" d="722" o="30" />
		<t id="p_f_l_s_l" x="5529" y="864" w="107" h="29" d="826" o="130" />
		<t id="p_f_l_s_l" x="5559" y="706" w="107" h="29" d="797" o="130" />
		<t id="p_f_l_s_r" x="2292" y="689" w="107" h="29" d="697" o="130" />
		<t id="p_f_l_s_r" x="3744" y="1010" w="107" h="29" d="725" o="130" />
		<t id="p_f_l_s_r" x="3781" y="897" w="107" h="29" d="739" o="30" />
		<t id="p_f_l_s_r" x="5796" y="820" w="107" h="29" d="794" o="130" />
		<t id="p_f_l_s_r" x="5798" y="622" w="107" h="29" d="800" o="30" />
		<t id="p_t_m" x="2331" y="1171" w="15" h="29" d="934" o="30" />
		<t id="p_t_m" x="2977" y="1171" w="15" h="29" d="969" o="30" />
		<t id="p_t_m" x="3718" y="1172" w="15" h="29" d="979" o="30" />
		<t id="p_t_m" x="3856" y="651" w="15" h="29" d="1054" o="30" />
		<t id="p_t_m" x="6134" y="1171" w="15" h="29" d="1059" o="30" />
		<t id="p_t_m" x="713" y="651" w="15" h="29" d="849" o="30" />
		<t id="p_t_m" x="99" y="547" w="15" h="29" d="914" o="30" />
		<t id="p_t_m_l" x="3321" y="1171" w="27" h="97" d="959" o="30" />
		<t id="p_t_m_l" x="4633" y="657" w="27" h="97" d="999" o="30" />
		<t id="p_t_m_l" x="4986" y="657" w="27" h="97" d="1019" o="30" />
		<t id="p_t_m_l" x="5954" y="1172" w="27" h="97" d="1034" o="30" />
		<t id="p_t_s_r" x="1228" y="651" w="25" h="58" d="874" o="30" />
		<t id="p_t_s_r" x="1454" y="652" w="25" h="58" d="899" o="30" />
		<t id="p_t_s_r" x="1811" y="547" w="25" h="58" d="884" o="30" />
		<t id="p_t_s_r" x="2309" y="1171" w="25" h="58" d="929" o="30" />
		<t id="p_t_s_r" x="2421" y="1171" w="25" h="58" d="924" o="30" />
		<t id="p_t_s_r" x="2571" y="1174" w="25" h="58" d="944" o="30" />
		<t id="p_t_s_r" x="3102" y="1171" w="25" h="58" d="964" o="30" />
		<t id="p_t_s_r" x="3568" y="1171" w="25" h="58" d="974" o="30" />
		<t id="p_t_s_r" x="4204" y="761" w="25" h="58" d="989" o="30" />
		<t id="p_t_s_r" x="4334" y="651" w="25" h="58" d="994" o="30" />
		<t id="p_t_s_r" x="4600" y="657" w="25" h="58" d="1004" o="30" />
		<t id="p_t_s_r" x="4822" y="657" w="25" h="58" d="1014" o="30" />
		<t id="p_t_s_r" x="493" y="651" w="25" h="58" d="829" o="30" />
		<t id="p_t_s_r" x="5392" y="547" w="25" h="58" d="1024" o="30" />
		<t id="p_t_s_r" x="5834" y="1171" w="25" h="58" d="1039" o="30" />
		<t id="p_t_s_r" x="743" y="651" w="25" h="58" d="844" o="30" />
		<t id="p_t_s_r" x="958" y="651" w="25" h="58" d="864" o="30" />
		<t id="p_t_t_m" x="1109" y="478" w="15" h="29" d="869" o="30" />
		<t id="p_t_t_m" x="1565" y="271" w="15" h="29" d="904" o="30" />
		<t id="p_t_t_m" x="1909" y="374" w="15" h="29" d="894" o="30" />
		<t id="p_t_t_m" x="1998" y="271" w="15" h="29" d="889" o="30" />
		<t id="p_t_t_m" x="258" y="374" w="15" h="29" d="839" o="30" />
		<t id="p_t_t_m" x="2652" y="996" w="15" h="29" d="939" o="30" />
		<t id="p_t_t_m" x="3002" y="893" w="15" h="29" d="954" o="30" />
		<t id="p_t_t_m" x="3789" y="578" w="15" h="29" d="1044" o="30" />
		<t id="p_t_t_m" x="3959" y="580" w="15" h="29" d="1049" o="30" />
		<t id="p_t_t_m" x="535" y="378" w="15" h="29" d="859" o="30" />
		<t id="p_t_t_m" x="69" y="375" w="15" h="29" d="909" o="30" />
		<t id="p_t_t_s_r" x="1687" y="293" w="25" h="58" d="879" o="30" />
		<t id="p_t_t_s_r" x="2395" y="903" w="25" h="58" d="919" o="30" />
		<t id="p_t_t_s_r" x="2907" y="1120" w="25" h="58" d="949" o="30" />
		<t id="p_t_t_s_r" x="3651" y="605" w="25" h="58" d="984" o="30" />
		<t id="p_t_t_s_r" x="385" y="403" w="25" h="58" d="834" o="30" />
		<t id="p_t_t_s_r" x="4676" y="398" w="25" h="58" d="1009" o="30" />
		<t id="p_t_t_s_r" x="5625" y="392" w="25" h="58" d="1029" o="30" />
		<t id="p_t_t_s_r" x="994" y="402" w="25" h="58" d="854" o="30" />
		<t id="p_top_b" x="121" y="355" w="121" h="104" d="1083" o="30" />
		<t id="p_top_b" x="1210" y="459" w="121" h="104" d="1128" o="30" />
		<t id="p_top_b" x="1331" y="459" w="121" h="104" d="1157" o="30" />
		<t id="p_top_b" x="1694" y="251" w="121" h="104" d="1180" o="30" />
		<t id="p_top_b" x="1936" y="352" w="121" h="104" d="1195" o="30" />
		<t id="p_top_b" x="242" y="355" w="121" h="104" d="1086" o="30" />
		<t id="p_top_b" x="2420" y="869" w="121" h="104" d="1363" o="30" />
		<t id="p_top_b" x="2662" y="973" w="121" h="104" d="1372" o="30" />
		<t id="p_top_b" x="2904" y="1077" w="121" h="104" d="1413" o="30" />
		<t id="p_top_b" x="3146" y="869" w="121" h="104" d="1442" o="30" />
		<t id="p_top_b" x="3267" y="869" w="121" h="104" d="1445" o="30" />
		<t id="p_top_b" x="3508" y="556" w="121" h="104" d="1538" o="30" />
		<t id="p_top_b" x="3629" y="556" w="121" h="104" d="1544" o="30" />
		<t id="p_top_b" x="363" y="355" w="121" h="104" d="1089" o="30" />
		<t id="p_top_b" x="3750" y="556" w="121" h="104" d="1547" o="30" />
		<t id="p_top_b" x="3871" y="555" w="121" h="104" d="1550" o="30" />
		<t id="p_top_b" x="3992" y="555" w="121" h="104" d="1553" o="30" />
		<t id="p_top_b" x="4353" y="241" w="121" h="104" d="1644" o="30" />
		<t id="p_top_b" x="4474" y="241" w="121" h="104" d="1677" o="30" />
		<t id="p_top_b" x="4716" y="344" w="121" h="104" d="1688" o="30" />
		<t id="p_top_b" x="4837" y="344" w="121" h="104" d="1693" o="30" />
		<t id="p_top_b" x="484" y="355" w="121" h="104" d="1092" o="30" />
		<t id="p_top_b" x="4958" y="343" w="121" h="104" d="1698" o="30" />
		<t id="p_top_b" x="5078" y="343" w="121" h="104" d="1703" o="30" />
		<t id="p_top_b" x="5320" y="31" w="121" h="104" d="1732" o="30" />
		<t id="p_top_b" x="5441" y="31" w="121" h="104" d="1757" o="30" />
		<t id="p_top_b" x="5682" y="343" w="121" h="104" d="1795" o="30" />
		<t id="p_top_b" x="5924" y="863" w="121" h="104" d="1864" o="30" />
		<t id="p_top_b" x="6045" y="863" w="121" h="104" d="1945" o="30" />
		<t id="p_top_b" x="605" y="355" w="121" h="104" d="1095" o="30" />
		<t id="p_top_b" x="6166" y="863" w="121" h="104" d="1952" o="30" />
		<t id="p_top_b" x="6287" y="863" w="121" h="104" d="1963" o="30" />
		<t id="p_top_b" x="6408" y="863" w="121" h="104" d="1968" o="30" />
		<t id="p_top_b" x="6529" y="863" w="121" h="104" d="1977" o="30" />
		<t id="p_top_b" x="726" y="355" w="121" h="104" d="1139" o="30" />
		<t id="p_top_b" x="847" y="355" w="121" h="104" d="1142" o="30" />
		<t id="p_top_b" x="968" y="355" w="121" h="104" d="1145" o="30" />
		<t id="p_top_e_l" x="1452" y="355" w="121" h="104" d="1171" o="30" />
		<t id="p_top_e_l" x="1573" y="251" w="121" h="104" d="1177" o="30" />
		<t id="p_top_e_l" x="2057" y="248" w="121" h="104" d="1207" o="30" />
		<t id="p_top_e_l" x="3025" y="869" w="121" h="104" d="1439" o="30" />
		<t id="p_top_e_l" x="3388" y="557" w="121" h="104" d="1535" o="30" />
		<t id="p_top_e_l" x="4112" y="347" w="121" h="104" d="1577" o="30" />
		<t id="p_top_e_l" x="4232" y="242" w="121" h="104" d="1641" o="30" />
		<t id="p_top_e_l" x="5199" y="31" w="121" h="104" d="1729" o="30" />
		<t id="p_top_e_r" x="1089" y="355" w="121" h="104" d="1122" o="30" />
		<t id="p_top_e_r" x="1815" y="251" w="121" h="104" d="1183" o="30" />
		<t id="p_top_e_r" x="2178" y="248" w="121" h="104" d="1210" o="30" />
		<t id="p_top_e_r" x="2299" y="455" w="121" h="104" d="1222" o="30" />
		<t id="p_top_e_r" x="2541" y="869" w="121" h="104" d="1366" o="30" />
		<t id="p_top_e_r" x="2783" y="973" w="121" h="104" d="1407" o="30" />
		<t id="p_top_e_r" x="4595" y="241" w="121" h="104" d="1682" o="30" />
		<t id="p_top_e_r" x="5562" y="31" w="121" h="104" d="1765" o="30" />
		<t id="p_top_e_r" x="5803" y="343" w="121" h="104" d="1843" o="30" />
		<t id="p_top_es_l" x="1353" y="459" w="22" h="104" d="1166" o="30" />
		<t id="p_top_es_l" x="1474" y="354" w="22" h="104" d="1174" o="30" />
		<t id="p_top_es_l" x="1958" y="352" w="22" h="104" d="1204" o="30" />
		<t id="p_top_es_l" x="2926" y="1077" w="22" h="104" d="1425" o="30" />
		<t id="p_top_es_l" x="3289" y="869" w="22" h="104" d="1461" o="30" />
		<t id="p_top_es_l" x="4014" y="555" w="22" h="104" d="1571" o="30" />
		<t id="p_top_es_l" x="4133" y="346" w="22" h="104" d="1638" o="30" />
		<t id="p_top_es_l" x="5100" y="343" w="22" h="104" d="1726" o="30" />
		<t id="p_top_es_r" x="1090" y="459" w="22" h="104" d="1125" o="30" />
		<t id="p_top_es_r" x="1815" y="354" w="22" h="104" d="1186" o="30" />
		<t id="p_top_es_r" x="2178" y="456" w="22" h="104" d="1216" o="30" />
		<t id="p_top_es_r" x="2299" y="871" w="22" h="104" d="1326" o="30" />
		<t id="p_top_es_r" x="2541" y="973" w="22" h="104" d="1369" o="30" />
		<t id="p_top_es_r" x="2783" y="1077" w="22" h="104" d="1410" o="30" />
		<t id="p_top_es_r" x="4595" y="345" w="22" h="104" d="1685" o="30" />
		<t id="p_top_es_r" x="5562" y="343" w="22" h="104" d="1768" o="30" />
		<t id="p_top_es_r" x="5804" y="863" w="22" h="104" d="1855" o="30" />
		<t id="p_top_s_l" x="2925" y="973" w="22" h="104" d="1428" o="30" />
		<t id="p_top_s_l" x="3288" y="661" w="22" h="104" d="1516" o="30" />
		<t id="p_top_s_l" x="3288" y="765" w="22" h="104" d="1464" o="30" />
		<t id="p_top_s_l" x="4013" y="451" w="22" h="104" d="1574" o="30" />
		<t id="p_top_s_l" x="5099" y="135" w="22" h="104" d="1754" o="30" />
		<t id="p_top_s_l" x="5099" y="239" w="22" h="104" d="1739" o="30" />
		<t id="p_top_s_r" x="2178" y="352" w="22" h="104" d="1213" o="30" />
		<t id="p_top_s_r" x="2299" y="559" w="22" h="104" d="1231" o="30" />
		<t id="p_top_s_r" x="2299" y="663" w="22" h="104" d="1234" o="30" />
		<t id="p_top_s_r" x="2299" y="767" w="22" h="104" d="1237" o="30" />
		<t id="p_top_s_r" x="5562" y="135" w="22" h="104" d="1773" o="30" />
		<t id="p_top_s_r" x="5562" y="239" w="22" h="104" d="1776" o="30" />
		<t id="p_top_s_r" x="5804" y="447" w="22" h="104" d="1846" o="30" />
		<t id="p_top_s_r" x="5804" y="551" w="22" h="104" d="1849" o="30" />
		<t id="p_top_s_r" x="5804" y="655" w="22" h="104" d="1852" o="30" />
		<t id="p_top_s_r" x="5804" y="759" w="22" h="104" d="1873" o="30" />
		<t id="p_top_t" x="1089" y="251" w="121" h="104" d="1256" o="" />
		<t id="p_top_t" x="1210" y="251" w="121" h="104" d="1258" o="" />
		<t id="p_top_t" x="1210" y="355" w="121" h="104" d="1131" o="" />
		<t id="p_top_t" x="122" y="251" w="121" h="104" d="1240" o="" />
		<t id="p_top_t" x="1331" y="251" w="121" h="104" d="1260" o="" />
		<t id="p_top_t" x="1331" y="355" w="121" h="104" d="1169" o="" />
		<t id="p_top_t" x="1452" y="251" w="121" h="104" d="1262" o="" />
		<t id="p_top_t" x="1453" y="147" w="121" h="104" d="1264" o="" />
		<t id="p_top_t" x="1573" y="147" w="121" h="104" d="1266" o="" />
		<t id="p_top_t" x="1694" y="147" w="121" h="104" d="1268" o="" />
		<t id="p_top_t" x="1815" y="147" w="121" h="104" d="1270" o="" />
		<t id="p_top_t" x="1936" y="147" w="121" h="104" d="1272" o="" />
		<t id="p_top_t" x="1936" y="251" w="121" h="104" d="1274" o="" />
		<t id="p_top_t" x="2056" y="147" w="121" h="104" d="1276" o="" />
		<t id="p_top_t" x="2176" y="147" w="121" h="104" d="1278" o="" />
		<t id="p_top_t" x="2297" y="146" w="121" h="104" d="1329" o="" />
		<t id="p_top_t" x="2299" y="250" w="121" h="104" d="1333" o="" />
		<t id="p_top_t" x="2299" y="351" w="121" h="104" d="1337" o="" />
		<t id="p_top_t" x="2418" y="146" w="121" h="104" d="1331" o="" />
		<t id="p_top_t" x="2419" y="250" w="121" h="104" d="1335" o="" />
		<t id="p_top_t" x="2419" y="352" w="121" h="104" d="1339" o="" />
		<t id="p_top_t" x="2420" y="455" w="121" h="104" d="1341" o="" />
		<t id="p_top_t" x="2420" y="557" w="121" h="104" d="1343" o="" />
		<t id="p_top_t" x="2420" y="661" w="121" h="104" d="1345" o="" />
		<t id="p_top_t" x="2420" y="765" w="121" h="104" d="1347" o="" />
		<t id="p_top_t" x="243" y="251" w="121" h="104" d="1242" o="" />
		<t id="p_top_t" x="2539" y="145" w="121" h="104" d="1477" o="" />
		<t id="p_top_t" x="2540" y="249" w="121" h="104" d="1479" o="" />
		<t id="p_top_t" x="2540" y="351" w="121" h="104" d="1481" o="" />
		<t id="p_top_t" x="2540" y="454" w="121" h="104" d="1483" o="" />
		<t id="p_top_t" x="2540" y="557" w="121" h="104" d="1485" o="" />
		<t id="p_top_t" x="2540" y="661" w="121" h="104" d="1487" o="" />
		<t id="p_top_t" x="2541" y="765" w="121" h="104" d="1475" o="" />
		<t id="p_top_t" x="2662" y="765" w="121" h="104" d="1471" o="" />
		<t id="p_top_t" x="2662" y="869" w="121" h="104" d="1433" o="" />
		<t id="p_top_t" x="2783" y="765" w="121" h="104" d="1473" o="" />
		<t id="p_top_t" x="2783" y="869" w="121" h="104" d="1435" o="" />
		<t id="p_top_t" x="2903" y="973" w="121" h="104" d="1431" o="" />
		<t id="p_top_t" x="2904" y="765" w="121" h="104" d="1467" o="" />
		<t id="p_top_t" x="2904" y="869" w="121" h="104" d="1437" o="" />
		<t id="p_top_t" x="3023" y="454" w="121" h="104" d="1618" o="" />
		<t id="p_top_t" x="3025" y="557" w="121" h="104" d="1525" o="" />
		<t id="p_top_t" x="3025" y="661" w="121" h="104" d="1519" o="" />
		<t id="p_top_t" x="3025" y="765" w="121" h="104" d="1469" o="" />
		<t id="p_top_t" x="3144" y="453" w="121" h="104" d="1614" o="" />
		<t id="p_top_t" x="3146" y="557" w="121" h="104" d="1521" o="" />
		<t id="p_top_t" x="3146" y="661" w="121" h="104" d="1512" o="" />
		<t id="p_top_t" x="3146" y="765" w="121" h="104" d="1448" o="" />
		<t id="p_top_t" x="3265" y="453" w="121" h="104" d="1616" o="" />
		<t id="p_top_t" x="3267" y="557" w="121" h="104" d="1523" o="" />
		<t id="p_top_t" x="3267" y="661" w="121" h="104" d="1514" o="" />
		<t id="p_top_t" x="3267" y="765" w="121" h="104" d="1450" o="" />
		<t id="p_top_t" x="3386" y="453" w="121" h="104" d="1612" o="" />
		<t id="p_top_t" x="3507" y="452" w="121" h="104" d="1608" o="" />
		<t id="p_top_t" x="3628" y="452" w="121" h="104" d="1610" o="" />
		<t id="p_top_t" x="364" y="251" w="121" h="104" d="1244" o="" />
		<t id="p_top_t" x="3749" y="244" w="121" h="104" d="2000" o="" />
		<t id="p_top_t" x="3749" y="348" w="121" h="104" d="1998" o="" />
		<t id="p_top_t" x="3749" y="452" w="121" h="104" d="1606" o="" />
		<t id="p_top_t" x="3870" y="139" w="121" h="104" d="1659" o="" />
		<t id="p_top_t" x="3870" y="243" w="121" h="104" d="1653" o="" />
		<t id="p_top_t" x="3870" y="347" w="121" h="104" d="1620" o="" />
		<t id="p_top_t" x="3870" y="451" w="121" h="104" d="1602" o="" />
		<t id="p_top_t" x="3991" y="139" w="121" h="104" d="1661" o="" />
		<t id="p_top_t" x="3991" y="243" w="121" h="104" d="1655" o="" />
		<t id="p_top_t" x="3991" y="347" w="121" h="104" d="1622" o="" />
		<t id="p_top_t" x="3991" y="451" w="121" h="104" d="1604" o="" />
		<t id="p_top_t" x="4112" y="139" w="121" h="104" d="1657" o="" />
		<t id="p_top_t" x="4112" y="243" w="121" h="104" d="1651" o="" />
		<t id="p_top_t" x="4112" y="35" w="121" h="104" d="2012" o="" />
		<t id="p_top_t" x="4233" y="138" w="121" h="104" d="1649" o="" />
		<t id="p_top_t" x="4233" y="34" w="121" h="104" d="2010" o="" />
		<t id="p_top_t" x="4354" y="137" w="121" h="104" d="1647" o="" />
		<t id="p_top_t" x="4354" y="33" w="121" h="104" d="2008" o="" />
		<t id="p_top_t" x="4475" y="137" w="121" h="104" d="1680" o="" />
		<t id="p_top_t" x="4475" y="33" w="121" h="104" d="2014" o="" />
		<t id="p_top_t" x="4596" y="137" w="121" h="104" d="2004" o="" />
		<t id="p_top_t" x="4596" y="33" w="121" h="104" d="2018" o="" />
		<t id="p_top_t" x="4716" y="240" w="121" h="104" d="1691" o="" />
		<t id="p_top_t" x="4717" y="136" w="121" h="104" d="2002" o="" />
		<t id="p_top_t" x="4717" y="32" w="121" h="104" d="2016" o="" />
		<t id="p_top_t" x="4837" y="240" w="121" h="104" d="1696" o="" />
		<t id="p_top_t" x="4838" y="136" w="121" h="104" d="2006" o="" />
		<t id="p_top_t" x="4838" y="32" w="121" h="104" d="2020" o="" />
		<t id="p_top_t" x="485" y="251" w="121" h="104" d="1246" o="" />
		<t id="p_top_t" x="4958" y="-73" w="121" h="104" d="1746" o="" />
		<t id="p_top_t" x="4958" y="135" w="121" h="104" d="1750" o="" />
		<t id="p_top_t" x="4958" y="239" w="121" h="104" d="1701" o="" />
		<t id="p_top_t" x="4958" y="31" w="121" h="104" d="1742" o="" />
		<t id="p_top_t" x="5078" y="-73" w="121" h="104" d="1748" o="" />
		<t id="p_top_t" x="5078" y="31" w="121" h="104" d="1744" o="" />
		<t id="p_top_t" x="5079" y="135" w="121" h="104" d="1752" o="" />
		<t id="p_top_t" x="5079" y="239" w="121" h="104" d="1706" o="" />
		<t id="p_top_t" x="5199" y="-73" w="121" h="104" d="1737" o="" />
		<t id="p_top_t" x="5320" y="-73" w="121" h="104" d="1735" o="" />
		<t id="p_top_t" x="5441" y="-73" w="121" h="104" d="1760" o="" />
		<t id="p_top_t" x="5562" y="-72" w="121" h="104" d="1902" o="" />
		<t id="p_top_t" x="5683" y="-73" w="121" h="104" d="1904" o="" />
		<t id="p_top_t" x="5683" y="135" w="121" h="104" d="1779" o="" />
		<t id="p_top_t" x="5683" y="239" w="121" h="104" d="1781" o="" />
		<t id="p_top_t" x="5683" y="31" w="121" h="104" d="1771" o="" />
		<t id="p_top_t" x="5804" y="-72" w="121" h="104" d="1906" o="" />
		<t id="p_top_t" x="5804" y="135" w="121" h="104" d="1890" o="" />
		<t id="p_top_t" x="5804" y="239" w="121" h="104" d="1884" o="" />
		<t id="p_top_t" x="5804" y="31" w="121" h="104" d="1896" o="" />
		<t id="p_top_t" x="5923" y="-72" w="121" h="104" d="1908" o="" />
		<t id="p_top_t" x="5923" y="343" w="121" h="104" d="1880" o="" />
		<t id="p_top_t" x="5924" y="447" w="121" h="104" d="1858" o="" />
		<t id="p_top_t" x="5924" y="551" w="121" h="104" d="1860" o="" />
		<t id="p_top_t" x="5924" y="655" w="121" h="104" d="1862" o="" />
		<t id="p_top_t" x="5924" y="759" w="121" h="104" d="1876" o="" />
		<t id="p_top_t" x="5925" y="135" w="121" h="104" d="1892" o="" />
		<t id="p_top_t" x="5925" y="239" w="121" h="104" d="1886" o="" />
		<t id="p_top_t" x="5925" y="31" w="121" h="104" d="1898" o="" />
		<t id="p_top_t" x="6044" y="-72" w="121" h="104" d="1910" o="" />
		<t id="p_top_t" x="6044" y="135" w="121" h="104" d="1894" o="" />
		<t id="p_top_t" x="6044" y="31" w="121" h="104" d="1900" o="" />
		<t id="p_top_t" x="6044" y="343" w="121" h="104" d="1882" o="" />
		<t id="p_top_t" x="6045" y="239" w="121" h="104" d="1888" o="" />
		<t id="p_top_t" x="6045" y="447" w="121" h="104" d="1869" o="" />
		<t id="p_top_t" x="6045" y="551" w="121" h="104" d="1871" o="" />
		<t id="p_top_t" x="6045" y="655" w="121" h="104" d="1867" o="" />
		<t id="p_top_t" x="6045" y="759" w="121" h="104" d="1878" o="" />
		<t id="p_top_t" x="606" y="251" w="121" h="104" d="1248" o="" />
		<t id="p_top_t" x="6165" y="343" w="121" h="104" d="2024" o="" />
		<t id="p_top_t" x="6165" y="447" w="121" h="104" d="2022" o="" />
		<t id="p_top_t" x="6166" y="239" w="121" h="104" d="2026" o="" />
		<t id="p_top_t" x="6166" y="551" w="121" h="104" d="1948" o="" />
		<t id="p_top_t" x="6166" y="655" w="121" h="104" d="1950" o="" />
		<t id="p_top_t" x="6166" y="759" w="121" h="104" d="1959" o="" />
		<t id="p_top_t" x="6287" y="551" w="121" h="104" d="1957" o="" />
		<t id="p_top_t" x="6287" y="655" w="121" h="104" d="1955" o="" />
		<t id="p_top_t" x="6287" y="759" w="121" h="104" d="1961" o="" />
		<t id="p_top_t" x="6408" y="655" w="121" h="104" d="1966" o="" />
		<t id="p_top_t" x="6408" y="759" w="121" h="104" d="1973" o="" />
		<t id="p_top_t" x="6529" y="655" w="121" h="104" d="1971" o="" />
		<t id="p_top_t" x="6529" y="759" w="121" h="104" d="1975" o="" />
		<t id="p_top_t" x="727" y="251" w="121" h="104" d="1250" o="" />
		<t id="p_top_t" x="848" y="251" w="121" h="104" d="1252" o="" />
		<t id="p_top_t" x="969" y="251" w="121" h="104" d="1254" o="" />
		<t id="pinkustack2x" x="1394" y="652" w="38" h="67" d="2545" o="0" />
		<t id="pinkustack2x" x="2229" y="657" w="38" h="67" d="2313" o="0" />
		<t id="pinkustack2x" x="3037" y="1169" w="38" h="67" d="2261" o="0" />
		<t id="pinkustack2x" x="3666" y="966" w="38" h="67" d="2345" o="0" />
		<t id="pinkustack2x" x="4892" y="651" w="38" h="67" d="2427" o="0" />
		<t id="pinkustack2x" x="5524" y="676" w="38" h="67" d="2451" o="0" />
		<t id="pinkustack2x" x="5594" y="966" w="38" h="67" d="2483" o="0" />
		<t id="pinkustack2x" x="807" y="652" w="38" h="67" d="2189" o="0" />
		<t id="pinkustack3x" x="1592" y="649" w="38" h="96" d="2201" o="0" />
		<t id="pinkustack3x" x="3144" y="1170" w="38" h="96" d="2293" o="0" />
		<t id="pinkustack3x" x="4401" y="649" w="38" h="96" d="2387" o="0" />
		<t id="pinkustack3x" x="5049" y="651" w="38" h="96" d="2413" o="0" />
		<t id="pinkustack3x" x="5737" y="788" w="38" h="96" d="2461" o="0" />
		<t id="pinkustack3x" x="5879" y="1172" w="38" h="96" d="2493" o="0" />
		<t id="pinkustack4x" x="3249" y="1169" w="38" h="125" d="2271" o="0" />
		<t id="pinkustack4x" x="6019" y="1172" w="38" h="125" d="2507" o="0" />
		<t id="s_b" x="2298" y="1275" w="121" h="105" d="1385" o="30" />
		<t id="s_b" x="2419" y="1275" w="121" h="105" d="1388" o="30" />
		<t id="s_b" x="2540" y="1275" w="121" h="105" d="1395" o="30" />
		<t id="s_b" x="2661" y="1275" w="121" h="105" d="1398" o="30" />
		<t id="s_b" x="2782" y="1275" w="121" h="105" d="1401" o="30" />
		<t id="s_b" x="2903" y="1275" w="121" h="105" d="1404" o="30" />
		<t id="s_b" x="3024" y="1275" w="121" h="105" d="1416" o="130" />
		<t id="s_b" x="3145" y="1275" w="121" h="105" d="1419" o="130" />
		<t id="s_b" x="3266" y="1275" w="121" h="105" d="1422" o="130" />
		<t id="s_b" x="3387" y="1275" w="121" h="105" d="1452" o="130" />
		<t id="s_b" x="3508" y="1275" w="121" h="105" d="1455" o="30" />
		<t id="s_b" x="3629" y="1275" w="121" h="105" d="1458" o="30" />
		<t id="s_b" x="5686" y="1275" w="121" h="105" d="1912" o="30" />
		<t id="s_b" x="5807" y="1275" w="121" h="105" d="1915" o="30" />
		<t id="s_b" x="5928" y="1275" w="121" h="105" d="1918" o="130" />
		<t id="s_b" x="6049" y="1275" w="121" h="105" d="1921" o="130" />
		<t id="s_b_l" x="3750" y="1275" w="121" h="105" d="1489" o="30" />
		<t id="s_b_l" x="6170" y="1275" w="121" h="105" d="1924" o="30" />
		<t id="s_b_l_t" x="1694" y="755" w="121" h="105" d="1163" o="130" />
		<t id="s_b_l_t" x="4234" y="859" w="121" h="105" d="1562" o="100" />
		<t id="s_b_l_t" x="5202" y="755" w="121" h="105" d="1783" o="100" />
		<t id="s_b_r" x="2177" y="1275" w="121" h="105" d="1382" o="30" />
		<t id="s_b_r" x="5565" y="1275" w="121" h="105" d="1829" o="30" />
		<t id="s_b_r_t" x="4113" y="859" w="121" h="105" d="1559" o="30" />
		<t id="s_b_r_t" x="484" y="755" w="121" h="105" d="1110" o="30" />
		<t id="s_b_t" x="1089" y="755" w="121" h="105" d="1136" o="30" />
		<t id="s_b_t" x="121" y="651" w="121" h="105" d="1098" o="30" />
		<t id="s_b_t" x="1210" y="755" w="121" h="105" d="1148" o="30" />
		<t id="s_b_t" x="1331" y="755" w="121" h="105" d="1151" o="130" />
		<t id="s_b_t" x="1452" y="755" w="121" h="105" d="1154" o="130" />
		<t id="s_b_t" x="1573" y="755" w="121" h="105" d="1160" o="130" />
		<t id="s_b_t" x="1815" y="651" w="121" h="105" d="1192" o="30" />
		<t id="s_b_t" x="1936" y="651" w="121" h="105" d="1198" o="30" />
		<t id="s_b_t" x="2056" y="651" w="121" h="105" d="1201" o="30" />
		<t id="s_b_t" x="242" y="651" w="121" h="105" d="1101" o="30" />
		<t id="s_b_t" x="363" y="651" w="121" h="105" d="1104" o="30" />
		<t id="s_b_t" x="3871" y="755" w="121" h="105" d="1541" o="30" />
		<t id="s_b_t" x="3992" y="755" w="121" h="105" d="1495" o="30" />
		<t id="s_b_t" x="4355" y="755" w="121" h="105" d="1568" o="30" />
		<t id="s_b_t" x="4476" y="755" w="121" h="105" d="1624" o="130" />
		<t id="s_b_t" x="4597" y="755" w="121" h="105" d="1631" o="130" />
		<t id="s_b_t" x="4718" y="755" w="121" h="105" d="1663" o="30" />
		<t id="s_b_t" x="4839" y="755" w="121" h="105" d="1670" o="30" />
		<t id="s_b_t" x="4960" y="755" w="121" h="105" d="1708" o="130" />
		<t id="s_b_t" x="5081" y="755" w="121" h="105" d="1715" o="130" />
		<t id="s_b_t" x="5323" y="651" w="121" h="105" d="1789" o="130" />
		<t id="s_b_t" x="5444" y="651" w="121" h="105" d="1792" o="130" />
		<t id="s_b_t" x="605" y="755" w="121" h="105" d="1113" o="30" />
		<t id="s_b_t" x="6291" y="1171" w="121" h="105" d="1936" o="30" />
		<t id="s_b_t" x="6412" y="1171" w="121" h="105" d="1933" o="30" />
		<t id="s_b_t" x="6533" y="1171" w="121" h="105" d="1930" o="30" />
		<t id="s_b_t" x="726" y="755" w="121" h="105" d="1116" o="30" />
		<t id="s_b_t" x="847" y="755" w="121" h="105" d="1119" o="100" />
		<t id="s_b_t" x="968" y="755" w="121" h="105" d="1133" o="100" />
		<t id="s_l_s" x="3750" y="1067" w="23" h="104" d="1503" o="30" />
		<t id="s_l_s" x="3750" y="1171" w="23" h="104" d="1500" o="30" />
		<t id="s_l_s" x="3750" y="859" w="23" h="104" d="1509" o="30" />
		<t id="s_l_s" x="3750" y="963" w="23" h="104" d="1506" o="30" />
		<t id="s_l_t" x="1694" y="651" w="22" h="104" d="1189" o="100" />
		<t id="s_l_t" x="3750" y="755" w="22" h="104" d="1492" o="100" />
		<t id="s_l_t" x="4234" y="755" w="22" h="104" d="1565" o="100" />
		<t id="s_l_t" x="5202" y="651" w="22" h="104" d="1786" o="100" />
		<t id="s_l_t" x="6170" y="1171" w="22" h="104" d="1927" o="100" />
		<t id="s_r_s" x="2076" y="1067" w="23" h="104" d="1356" o="30" />
		<t id="s_r_s" x="2076" y="1171" w="23" h="104" d="1375" o="30" />
		<t id="s_r_s" x="2076" y="755" w="23" h="104" d="1225" o="30" />
		<t id="s_r_s" x="2076" y="859" w="23" h="104" d="1228" o="30" />
		<t id="s_r_s" x="2076" y="963" w="23" h="104" d="1349" o="30" />
		<t id="s_r_s" x="5464" y="1067" w="23" h="104" d="1822" o="30" />
		<t id="s_r_s" x="5464" y="1171" w="23" h="104" d="1836" o="30" />
		<t id="s_r_s" x="5464" y="755" w="23" h="104" d="1801" o="30" />
		<t id="s_r_s" x="5464" y="859" w="23" h="104" d="1808" o="30" />
		<t id="s_r_s" x="5464" y="963" w="23" h="104" d="1815" o="30" />
		<t id="s_r_t" x="2078" y="651" w="23" h="104" d="1219" o="30" />
		<t id="s_r_t" x="385" y="651" w="23" h="104" d="1107" o="30" />
		<t id="s_r_t" x="4014" y="755" w="23" h="104" d="1556" o="30" />
		<t id="s_r_t" x="5466" y="651" w="23" h="104" d="1798" o="30" />
		<t id="s_rb_s" x="4702" y="577" w="65" h="38" d="776" o="30" />
		<t id="scorpion" x="4583" y="466" w="45" h="38" d="2405" o="0" />
		<t id="spider_fall" x="4216" y="758" w="141" h="251" d="2375" o="0" />
		<t id="spider_web" x="3376" y="729" w="60" h="46" d="2357" o="0" />
		<t id="spider_web" x="5300" y="154" w="60" h="46" d="2437" o="0" />
		<t id="t1_b" x="1089" y="859" w="121" h="104" d="1304" o="" />
		<t id="t1_b" x="121" y="755" w="121" h="104" d="1284" o="" />
		<t id="t1_b" x="121" y="859" w="121" h="104" d="1296" o="" />
		<t id="t1_b" x="1210" y="859" w="121" h="104" d="1302" o="" />
		<t id="t1_b" x="1331" y="859" w="121" h="104" d="1300" o="" />
		<t id="t1_b" x="1452" y="859" w="121" h="104" d="1298" o="" />
		<t id="t1_b" x="1573" y="859" w="121" h="104" d="1318" o="" />
		<t id="t1_b" x="1694" y="859" w="121" h="104" d="1316" o="" />
		<t id="t1_b" x="1815" y="1067" w="121" h="104" d="1992" o="" />
		<t id="t1_b" x="1815" y="1171" w="121" h="104" d="1994" o="" />
		<t id="t1_b" x="1815" y="755" w="121" h="104" d="1324" o="" />
		<t id="t1_b" x="1815" y="859" w="121" h="104" d="1314" o="" />
		<t id="t1_b" x="1815" y="963" w="121" h="104" d="1990" o="" />
		<t id="t1_b" x="1936" y="1067" w="121" h="104" d="1361" o="" />
		<t id="t1_b" x="1936" y="1171" w="121" h="104" d="1380" o="" />
		<t id="t1_b" x="1936" y="755" w="121" h="104" d="1322" o="" />
		<t id="t1_b" x="1936" y="859" w="121" h="104" d="1312" o="" />
		<t id="t1_b" x="1936" y="963" w="121" h="104" d="1354" o="" />
		<t id="t1_b" x="2057" y="1067" w="121" h="104" d="1359" o="" />
		<t id="t1_b" x="2057" y="1171" w="121" h="104" d="1378" o="" />
		<t id="t1_b" x="2057" y="755" w="121" h="104" d="1320" o="" />
		<t id="t1_b" x="2057" y="859" w="121" h="104" d="1310" o="" />
		<t id="t1_b" x="2057" y="963" w="121" h="104" d="1352" o="" />
		<t id="t1_b" x="242" y="755" w="121" h="104" d="1282" o="" />
		<t id="t1_b" x="242" y="859" w="121" h="104" d="1294" o="" />
		<t id="t1_b" x="363" y="755" w="121" h="104" d="1280" o="" />
		<t id="t1_b" x="363" y="859" w="121" h="104" d="1292" o="" />
		<t id="t1_b" x="3871" y="1066" w="121" h="104" d="1529" o="" />
		<t id="t1_b" x="3871" y="1170" w="121" h="104" d="1531" o="" />
		<t id="t1_b" x="3871" y="859" w="121" h="104" d="1533" o="" />
		<t id="t1_b" x="3871" y="963" w="121" h="104" d="1527" o="" />
		<t id="t1_b" x="3992" y="1066" w="121" h="104" d="1584" o="" />
		<t id="t1_b" x="3992" y="1170" w="121" h="104" d="1586" o="" />
		<t id="t1_b" x="3992" y="859" w="121" h="104" d="1588" o="" />
		<t id="t1_b" x="3992" y="963" w="121" h="104" d="1582" o="" />
		<t id="t1_b" x="4113" y="1067" w="121" h="104" d="1594" o="" />
		<t id="t1_b" x="4113" y="1170" w="121" h="104" d="1988" o="" />
		<t id="t1_b" x="4113" y="963" w="121" h="104" d="1590" o="" />
		<t id="t1_b" x="4234" y="1067" w="121" h="104" d="1596" o="" />
		<t id="t1_b" x="4234" y="963" w="121" h="104" d="1592" o="" />
		<t id="t1_b" x="4355" y="859" w="121" h="104" d="1598" o="" />
		<t id="t1_b" x="4355" y="963" w="121" h="104" d="1600" o="" />
		<t id="t1_b" x="4476" y="859" w="121" h="104" d="1627" o="" />
		<t id="t1_b" x="4476" y="963" w="121" h="104" d="1629" o="" />
		<t id="t1_b" x="4597" y="858" w="121" h="104" d="1634" o="" />
		<t id="t1_b" x="4597" y="962" w="121" h="104" d="1636" o="" />
		<t id="t1_b" x="4718" y="858" w="121" h="104" d="1666" o="" />
		<t id="t1_b" x="4718" y="962" w="121" h="104" d="1668" o="" />
		<t id="t1_b" x="4839" y="858" w="121" h="104" d="1673" o="" />
		<t id="t1_b" x="4839" y="962" w="121" h="104" d="1675" o="" />
		<t id="t1_b" x="484" y="859" w="121" h="104" d="1290" o="" />
		<t id="t1_b" x="4960" y="858" w="121" h="104" d="1711" o="" />
		<t id="t1_b" x="4960" y="962" w="121" h="104" d="1713" o="" />
		<t id="t1_b" x="5081" y="859" w="121" h="104" d="1718" o="" />
		<t id="t1_b" x="5081" y="963" w="121" h="104" d="1720" o="" />
		<t id="t1_b" x="5202" y="858" w="121" h="104" d="1722" o="" />
		<t id="t1_b" x="5202" y="962" w="121" h="104" d="1724" o="" />
		<t id="t1_b" x="5203" y="1066" w="121" h="104" d="1980" o="" />
		<t id="t1_b" x="5203" y="1170" w="121" h="104" d="1984" o="" />
		<t id="t1_b" x="5323" y="1067" w="121" h="104" d="1827" o="" />
		<t id="t1_b" x="5323" y="1171" w="121" h="104" d="1841" o="" />
		<t id="t1_b" x="5323" y="755" w="121" h="104" d="1806" o="" />
		<t id="t1_b" x="5323" y="859" w="121" h="104" d="1813" o="" />
		<t id="t1_b" x="5323" y="963" w="121" h="104" d="1820" o="" />
		<t id="t1_b" x="5444" y="1067" w="121" h="104" d="1825" o="" />
		<t id="t1_b" x="5444" y="1171" w="121" h="104" d="1839" o="" />
		<t id="t1_b" x="5444" y="755" w="121" h="104" d="1804" o="" />
		<t id="t1_b" x="5444" y="859" w="121" h="104" d="1811" o="" />
		<t id="t1_b" x="5444" y="963" w="121" h="104" d="1818" o="" />
		<t id="t1_b" x="605" y="859" w="121" h="104" d="1288" o="" />
		<t id="t1_b" x="726" y="859" w="121" h="104" d="1286" o="" />
		<t id="t1_b" x="847" y="859" w="121" h="104" d="1308" o="" />
		<t id="t1_b" x="968" y="859" w="121" h="104" d="1306" o="" />
		<t id="t2_b" x="1724" y="659" w="121" h="104" d="632" o="" />
		<t id="t2_b" x="1815" y="1275" w="121" h="104" d="1996" o="" />
		<t id="t2_b" x="1936" y="1275" w="121" h="104" d="1393" o="" />
		<t id="t2_b" x="2056" y="1275" w="121" h="104" d="1391" o="" />
		<t id="t2_b" x="2398" y="1174" w="121" h="104" d="648" o="" />
		<t id="t2_b" x="3871" y="1274" w="121" h="104" d="1498" o="" />
		<t id="t2_b" x="3992" y="1274" w="121" h="104" d="1580" o="" />
		<t id="t2_b" x="4113" y="1274" w="121" h="104" d="1986" o="" />
		<t id="t2_b" x="4660" y="673" w="121" h="104" d="760" o="" />
		<t id="t2_b" x="4781" y="673" w="121" h="104" d="764" o="" />
		<t id="t2_b" x="5203" y="1274" w="121" h="104" d="1982" o="" />
		<t id="t2_b" x="5267" y="651" w="121" h="104" d="788" o="" />
		<t id="t2_b" x="5323" y="1275" w="121" h="104" d="1834" o="" />
		<t id="t2_b" x="5444" y="1275" w="121" h="104" d="1832" o="" />
		<t id="t2_b" x="5653" y="1174" w="121" h="104" d="812" o="" />
		<t id="t2_b" x="6291" y="1275" w="121" h="104" d="1939" o="" />
		<t id="t2_b" x="6411" y="1275" w="121" h="104" d="1941" o="" />
		<t id="t2_b" x="6531" y="1275" w="121" h="104" d="1943" o="" /> 
	</layer>
</level>
