<?xml version="1.0" encoding="UTF-8"?>
<level background="grayforest" music="track02c" effects="forest" sx="160" sy="1329" d="1486">
	<layer name="base" source="forest.swf" x="0" y="0" width="8788" height="1432">
		<t id="be" x="1471" y="1328" w="42" h="95" d="1274" o="100" />
		<t id="be" x="1560" y="1328" w="42" h="95" d="1294" o="100" />
		<t id="be" x="1931" y="1328" w="42" h="95" d="1278" o="100" />
		<t id="be" x="2301" y="1328" w="42" h="95" d="1298" o="100" />
		<t id="be" x="2399" y="1328" w="42" h="95" d="1308" o="100" />
		<t id="be" x="2812" y="1328" w="42" h="95" d="1312" o="100" />
		<t id="be" x="4458" y="1328" w="42" h="95" d="1380" o="100" />
		<t id="be" x="4739" y="1328" w="42" h="95" d="1324" o="100" />
		<t id="be" x="485" y="1327" w="42" h="95" d="1250" o="100" />
		<t id="be" x="4865" y="1324" w="42" h="95" d="1340" o="100" />
		<t id="be" x="4985" y="1324" w="42" h="95" d="1332" o="100" />
		<t id="be" x="5105" y="1274" w="42" h="95" d="1336" o="100" />
		<t id="be" x="5361" y="1331" w="42" h="95" d="1348" o="100" />
		<t id="be" x="5493" y="1331" w="42" h="95" d="1352" o="100" />
		<t id="be" x="5649" y="1268" w="42" h="95" d="1356" o="100" />
		<t id="be" x="5781" y="1268" w="42" h="95" d="1360" o="100" />
		<t id="be" x="6127" y="1289" w="42" h="95" d="1372" o="100" />
		<t id="be" x="6264" y="1290" w="42" h="95" d="1376" o="100" />
		<t id="be" x="708" y="1223" w="42" h="95" d="1262" o="100" />
		<t id="be" x="987" y="1223" w="42" h="95" d="1266" o="100" />
		<t id="bh" x="21" y="1401" w="105" h="309" d="1492" o="" />
		<t id="bh" x="8860" y="1333" w="105" h="309" d="1488" o="" />
		<t id="c" x="1094" y="1293" w="23" h="24" d="1124" o="" />
		<t id="c" x="1444" y="1287" w="23" h="24" d="1140" o="" />
		<t id="c" x="1520" y="1179" w="23" h="24" d="1148" o="" />
		<t id="c" x="1837" y="1300" w="23" h="24" d="1132" o="" />
		<t id="c" x="2043" y="1170" w="23" h="24" d="1128" o="" />
		<t id="c" x="2428" y="1094" w="23" h="24" d="1120" o="" />
		<t id="c" x="2603" y="1252" w="23" h="24" d="1136" o="" />
		<t id="c" x="3104" y="1222" w="23" h="24" d="1152" o="" />
		<t id="c" x="3654" y="1128" w="23" h="24" d="1156" o="" />
		<t id="c" x="4016" y="1007" w="23" h="24" d="1192" o="" />
		<t id="c" x="4127" y="1208" w="23" h="24" d="1220" o="" />
		<t id="c" x="4345" y="1277" w="23" h="24" d="1164" o="" />
		<t id="c" x="5088" y="975" w="23" h="24" d="1168" o="" />
		<t id="c" x="5565" y="1232" w="23" h="24" d="1176" o="" />
		<t id="c" x="5829" y="1044" w="23" h="24" d="1172" o="" />
		<t id="c" x="6007" y="1190" w="23" h="24" d="1196" o="" />
		<t id="c" x="6252" y="1098" w="23" h="24" d="1188" o="" />
		<t id="c" x="6543" y="1239" w="23" h="24" d="1184" o="" />
		<t id="c" x="660" y="1186" w="23" h="24" d="1144" o="" />
		<t id="c" x="6893" y="1336" w="23" h="24" d="1200" o="" />
		<t id="c" x="7048" y="891" w="23" h="24" d="1216" o="" />
		<t id="c" x="7103" y="1334" w="23" h="24" d="1204" o="" />
		<t id="c" x="7637" y="1289" w="23" h="24" d="1208" o="" />
		<t id="c" x="7705" y="1151" w="23" h="24" d="1230" o="" />
		<t id="d_g1" x="1035" y="1328" w="30" h="38" d="879" o="" />
		<t id="d_g1" x="1726" y="1328" w="30" h="38" d="881" o="" />
		<t id="d_g1" x="255" y="1328" w="30" h="38" d="790" o="" />
		<t id="d_g1" x="2740" y="1328" w="30" h="38" d="912" o="" />
		<t id="d_g1" x="4540" y="1328" w="30" h="38" d="910" o="" />
		<t id="d_g1" x="641" y="1328" w="30" h="38" d="792" o="" />
		<t id="d_g1" x="8761" y="1330" w="30" h="38" d="946" o="" />
		<t id="d_g2" x="2251" y="1329" w="66" h="10" d="1646" o="" />
		<t id="d_g2" x="515" y="1329" w="66" h="10" d="1642" o="" />
		<t id="d_g2" x="8378" y="1331" w="66" h="10" d="1496" o="" />
		<t id="d_g2" x="843" y="1225" w="66" h="10" d="1644" o="" />
		<t id="e" x="2303" y="1266" w="17" h="16" d="1116" o="" />
		<t id="e" x="4138" y="1079" w="17" h="16" d="1160" o="" />
		<t id="e" x="5846" y="1271" w="17" h="16" d="1180" o="" />
		<t id="e" x="7847" y="1287" w="17" h="16" d="1212" o="" />
		<t id="f_b" x="1864" y="1328" w="121" h="104" d="870" o="90" />
		<t id="f_b" x="1984" y="1328" w="121" h="104" d="864" o="90" />
		<t id="f_b" x="2104" y="1328" w="121" h="104" d="867" o="90" />
		<t id="f_b_t" x="7634" y="1279" w="121" h="104" d="957" o="30" />
		<t id="f_b_t" x="7754" y="1279" w="121" h="104" d="951" o="30" />
		<t id="f_b_t" x="7874" y="1279" w="121" h="104" d="954" o="30" />
		<t id="f_l" x="1743" y="1328" w="22" h="104" d="873" o="30" />
		<t id="f_l_t" x="7513" y="1279" w="22" h="104" d="960" o="30" />
		<t id="f_r" x="2125" y="1328" w="22" h="104" d="876" o="30" />
		<t id="f_r_t" x="7895" y="1279" w="22" h="104" d="963" o="30" />
		<t id="f_t_l" x="7513" y="1383" w="14" h="104" d="968" o="" />
		<t id="f_t_r" x="7887" y="1383" w="14" h="104" d="974" o="" />
		<t id="g" x="8624" y="1336" w="44" h="335" d="1083" o="30" />
		<t id="killerbee1a" x="1105" y="1319" w="76" h="196" d="1282" o="" />
		<t id="killerbee1a" x="2056" y="1316" w="76" h="196" d="1302" o="" />
		<t id="killerbee1a" x="3116" y="1320" w="76" h="196" d="1390" o="" />
		<t id="killerbee1a" x="3930" y="1286" w="76" h="196" d="1396" o="" />
		<t id="killerbee1a" x="5298" y="1321" w="76" h="196" d="1402" o="" />
		<t id="killerbee1a" x="5856" y="1167" w="76" h="196" d="1414" o="" />
		<t id="killerbee1a" x="7716" y="1166" w="76" h="196" d="1468" o="" />
		<t id="killerbee1b" x="1849" y="1319" w="76" h="196" d="1288" o="" />
		<t id="killerbee1b" x="2858" y="1257" w="76" h="196" d="1384" o="" />
		<t id="killerbee1b" x="4831" y="1371" w="76" h="196" d="1456" o="" />
		<t id="killerbee1b" x="6560" y="1362" w="76" h="196" d="1450" o="" />
		<t id="killerbee1b" x="7610" y="1166" w="76" h="196" d="1462" o="" />
		<t id="killerbee1b" x="7830" y="1166" w="76" h="196" d="1474" o="" />
		<t id="killerbee2" x="2725" y="1319" w="266" h="136" d="1480" o="" />
		<t id="killerbee2" x="3490" y="1355" w="266" h="136" d="1224" o="" />
		<t id="killerbee2" x="5683" y="1315" w="266" h="136" d="1408" o="" />
		<t id="killerbee2" x="7743" y="1377" w="266" h="136" d="1444" o="" />
		<t id="killerbee3a" x="6113" y="1358" w="266" h="74" d="991" o="" />
		<t id="killerbee3a" x="6987" y="1354" w="266" h="74" d="1420" o="" />
		<t id="killerbee3a" x="7251" y="1354" w="266" h="74" d="1426" o="" />
		<t id="killerbee3a" x="8208" y="1354" w="266" h="74" d="1438" o="" />
		<t id="killerbee3b" x="7255" y="1063" w="266" h="73" d="1432" o="" />
		<t id="orange" x="5426" y="1324" w="53" h="43" d="699" o="-20" />
		<t id="pinku" x="5054" y="1264" w="53" h="43" d="1328" o="-20" />
		<t id="pinku" x="6191" y="1282" w="53" h="43" d="1368" o="-20" />
		<t id="purpu" x="4923" y="1305" w="53" h="43" d="1344" o="-20" />
		<t id="purpu" x="5713" y="1263" w="53" h="43" d="1364" o="-20" />
		<t id="s_b" x="121" y="1432" w="121" h="105" d="794" o="90" />
		<t id="s_b" x="1690" y="1432" w="121" h="105" d="837" o="90" />
		<t id="s_b" x="1810" y="1432" w="121" h="105" d="840" o="90" />
		<t id="s_b" x="1931" y="1432" w="121" h="105" d="843" o="90" />
		<t id="s_b" x="2052" y="1432" w="121" h="105" d="846" o="90" />
		<t id="s_b" x="2173" y="1432" w="121" h="105" d="849" o="90" />
		<t id="s_b" x="2294" y="1432" w="121" h="105" d="852" o="90" />
		<t id="s_b" x="241" y="1432" w="121" h="105" d="797" o="90" />
		<t id="s_b" x="2533" y="1432" w="121" h="105" d="855" o="90" />
		<t id="s_b" x="2654" y="1432" w="121" h="105" d="858" o="90" />
		<t id="s_b" x="2775" y="1432" w="121" h="105" d="861" o="90" />
		<t id="s_b" x="3015" y="1432" w="121" h="105" d="883" o="90" />
		<t id="s_b" x="3297" y="1432" w="121" h="105" d="886" o="90" />
		<t id="s_b" x="361" y="1432" w="121" h="105" d="800" o="90" />
		<t id="s_b" x="4580" y="1432" w="121" h="105" d="904" o="90" />
		<t id="s_b" x="4701" y="1432" w="121" h="105" d="907" o="90" />
		<t id="s_b" x="481" y="1432" w="121" h="105" d="803" o="90" />
		<t id="s_b" x="601" y="1432" w="121" h="105" d="806" o="90" />
		<t id="s_b" x="8383" y="1434" w="121" h="105" d="943" o="90" />
		<t id="s_b" x="8504" y="1434" w="121" h="105" d="940" o="90" />
		<t id="s_b" x="8623" y="1434" w="121" h="105" d="937" o="90" />
		<t id="s_b" x="8744" y="1434" w="121" h="105" d="934" o="90" />
		<t id="s_b" x="8865" y="1434" w="121" h="105" d="984" o="90" />
		<t id="s_b_l" x="1206" y="1432" w="121" h="105" d="820" o="90" />
		<t id="s_b_l" x="722" y="1432" w="121" h="105" d="779" o="90" />
		<t id="s_b_r" x="1085" y="1432" w="121" h="105" d="812" o="90" />
		<t id="s_b_r" x="1448" y="1432" w="121" h="105" d="834" o="90" />
		<t id="s_b_t" x="1327" y="1328" w="121" h="105" d="826" o="90" />
		<t id="s_b_t" x="843" y="1328" w="121" h="105" d="785" o="90" />
		<t id="s_b_t" x="964" y="1328" w="121" h="105" d="815" o="90" />
		<t id="s_l" x="3176" y="1432" w="22" h="104" d="892" o="90" />
		<t id="s_l" x="3457" y="1432" w="22" h="104" d="898" o="90" />
		<t id="s_l" x="4338" y="1432" w="22" h="104" d="1027" o="90" />
		<t id="s_l" x="7262" y="1433" w="22" h="104" d="1057" o="90" />
		<t id="s_l" x="8263" y="1434" w="22" h="104" d="1066" o="90" />
		<t id="s_l_t" x="1206" y="1328" w="22" h="104" d="823" o="90" />
		<t id="s_l_t" x="722" y="1328" w="22" h="104" d="782" o="90" />
		<t id="s_r" x="3037" y="1432" w="23" h="104" d="889" o="90" />
		<t id="s_r" x="3319" y="1432" w="23" h="104" d="895" o="90" />
		<t id="s_r" x="3600" y="1432" w="23" h="104" d="901" o="90" />
		<t id="s_r" x="4723" y="1432" w="23" h="104" d="1030" o="90" />
		<t id="s_r" x="7405" y="1433" w="23" h="104" d="948" o="90" />
		<t id="s_r_t" x="1349" y="1328" w="23" h="104" d="831" o="90" />
		<t id="s_r_t" x="986" y="1328" w="23" h="104" d="809" o="90" />
		<t id="spider_run" x="1395" y="1327" w="27" h="15" d="1238" o="0" />
		<t id="spider_run" x="1665" y="1327" w="27" h="15" d="1242" o="0" />
		<t id="spider_run" x="2185" y="1327" w="27" h="15" d="1246" o="0" />
		<t id="spider_run" x="2655" y="1327" w="27" h="15" d="1234" o="0" />
		<t id="spider_run" x="4502" y="1327" w="27" h="15" d="1316" o="0" />
		<t id="spider_run" x="4604" y="1327" w="27" h="15" d="1320" o="0" />
		<t id="spider_run" x="512" y="1327" w="27" h="15" d="1254" o="0" />
		<t id="spider_run" x="838" y="1222" w="27" h="15" d="1270" o="0" />
		<t id="spider_run" x="915" y="1224" w="27" h="15" d="1258" o="0" />
		<t id="stamm_s" x="6061" y="1392" w="150" h="42" d="914" o="30" />
		<t id="stamm_s" x="6470" y="1392" w="150" h="42" d="918" o="30" />
		<t id="stamm_s" x="6740" y="1392" w="150" h="42" d="922" o="30" />
		<t id="stamm_s" x="6951" y="1392" w="150" h="42" d="926" o="30" />
		<t id="stamm_s" x="7159" y="1392" w="150" h="42" d="930" o="30" />
		<t id="stamm_s" x="7689" y="1392" w="150" h="42" d="976" o="30" />
		<t id="stamm_s" x="7912" y="1392" w="150" h="42" d="980" o="30" />
		<t id="stamm_s" x="8148" y="1392" w="150" h="42" d="987" o="30" />
		<t id="swmp" x="3155" y="1433" w="120" h="61" d="1498" o="30" />
		<t id="swmp" x="3437" y="1433" w="120" h="61" d="1502" o="30" />
		<t id="swmp" x="3718" y="1433" w="120" h="61" d="1506" o="30" />
		<t id="swmp" x="3838" y="1433" w="120" h="61" d="1510" o="30" />
		<t id="swmp" x="3958" y="1433" w="120" h="61" d="1514" o="30" />
		<t id="swmp" x="4078" y="1433" w="120" h="61" d="1518" o="30" />
		<t id="swmp" x="4198" y="1433" w="120" h="61" d="1522" o="30" />
		<t id="swmp" x="4318" y="1433" w="120" h="61" d="1526" o="30" />
		<t id="swmp" x="4722" y="1433" w="120" h="61" d="775" o="30" />
		<t id="swmp" x="4842" y="1433" w="120" h="61" d="1530" o="30" />
		<t id="swmp" x="4962" y="1433" w="120" h="61" d="1534" o="30" />
		<t id="swmp" x="5082" y="1433" w="120" h="61" d="1538" o="30" />
		<t id="swmp" x="5202" y="1433" w="120" h="61" d="1542" o="30" />
		<t id="swmp" x="5322" y="1433" w="120" h="61" d="1546" o="30" />
		<t id="swmp" x="5442" y="1433" w="120" h="61" d="1550" o="30" />
		<t id="swmp" x="5562" y="1433" w="120" h="61" d="1554" o="30" />
		<t id="swmp" x="5682" y="1433" w="120" h="61" d="1558" o="30" />
		<t id="swmp" x="5802" y="1433" w="120" h="61" d="1562" o="30" />
		<t id="swmp" x="5922" y="1433" w="120" h="61" d="1566" o="30" />
		<t id="swmp" x="6042" y="1433" w="120" h="61" d="1570" o="30" />
		<t id="swmp" x="6162" y="1433" w="120" h="61" d="1574" o="30" />
		<t id="swmp" x="6282" y="1433" w="120" h="61" d="1578" o="30" />
		<t id="swmp" x="6402" y="1433" w="120" h="61" d="1582" o="30" />
		<t id="swmp" x="6522" y="1433" w="120" h="61" d="1586" o="30" />
		<t id="swmp" x="6642" y="1433" w="120" h="61" d="1590" o="30" />
		<t id="swmp" x="6762" y="1433" w="120" h="61" d="1594" o="30" />
		<t id="swmp" x="6882" y="1433" w="120" h="61" d="1598" o="30" />
		<t id="swmp" x="7002" y="1433" w="120" h="61" d="1602" o="30" />
		<t id="swmp" x="7122" y="1433" w="120" h="61" d="1606" o="30" />
		<t id="swmp" x="7242" y="1433" w="120" h="61" d="1610" o="30" />
		<t id="swmp" x="7523" y="1433" w="120" h="61" d="1614" o="30" />
		<t id="swmp" x="7643" y="1433" w="120" h="61" d="1618" o="30" />
		<t id="swmp" x="7763" y="1433" w="120" h="61" d="1622" o="30" />
		<t id="swmp" x="7883" y="1433" w="120" h="61" d="1626" o="30" />
		<t id="swmp" x="8003" y="1433" w="120" h="61" d="1630" o="30" />
		<t id="swmp" x="8123" y="1433" w="120" h="61" d="1634" o="30" />
		<t id="swmp" x="8242" y="1433" w="120" h="61" d="1638" o="30" />
		<t id="t2_b" x="1327" y="1432" w="121" h="104" d="829" o="" />
		<t id="t2_b" x="7632" y="1383" w="121" h="104" d="966" o="" />
		<t id="t2_b" x="7753" y="1383" w="121" h="104" d="970" o="" />
		<t id="t2_b" x="7874" y="1383" w="121" h="104" d="972" o="" />
		<t id="t2_b" x="843" y="1432" w="121" h="104" d="788" o="" />
		<t id="t2_b" x="964" y="1432" w="121" h="104" d="818" o="" />
		<t id="t_f_a1_l" x="1476" y="1213" w="50" h="21" d="1660" o="30" />
		<t id="t_f_a1_l" x="4363" y="1224" w="50" h="21" d="1042" o="30" />
		<t id="t_f_a1_l" x="4966" y="1180" w="50" h="21" d="1045" o="30" />
		<t id="t_f_a1_l" x="5175" y="1316" w="50" h="21" d="1048" o="30" />
		<t id="t_f_a1_l" x="5763" y="1162" w="50" h="21" d="1075" o="30" />
		<t id="t_f_a1_l" x="7120" y="1232" w="50" h="21" d="746" o="30" />
		<t id="t_f_a1_l" x="8112" y="1254" w="50" h="21" d="769" o="30" />
		<t id="t_f_a1_r" x="1592" y="1213" w="50" h="21" d="1657" o="30" />
		<t id="t_f_a1_r" x="2440" y="1250" w="50" h="21" d="1054" o="30" />
		<t id="t_f_a1_r" x="3852" y="1247" w="50" h="21" d="629" o="30" />
		<t id="t_f_a1_r" x="4134" y="1173" w="50" h="21" d="649" o="30" />
		<t id="t_f_a1_r" x="4484" y="1259" w="50" h="21" d="1051" o="30" />
		<t id="t_f_a1_r" x="5832" y="1208" w="50" h="21" d="720" o="30" />
		<t id="t_f_a1_r" x="7189" y="1151" w="50" h="21" d="749" o="30" />
		<t id="t_f_a1_r" x="7189" y="1302" w="50" h="21" d="754" o="30" />
		<t id="t_f_a1_r" x="8175" y="1266" w="50" h="21" d="772" o="30" />
		<t id="t_f_a2_l" x="3789" y="1291" w="108" h="24" d="626" o="60" />
		<t id="t_f_a2_l" x="4066" y="1261" w="108" h="24" d="641" o="60" />
		<t id="t_f_a2_l" x="4966" y="1321" w="108" h="24" d="675" o="60" />
		<t id="t_f_a2_l" x="5764" y="1279" w="108" h="24" d="717" o="60" />
		<t id="t_f_a2_l" x="6234" y="1301" w="108" h="24" d="732" o="60" />
		<t id="t_f_a2_l" x="7120" y="1084" w="108" h="24" d="757" o="60" />
		<t id="t_f_a2_r" x="4191" y="1278" w="108" h="24" d="644" o="60" />
		<t id="t_f_a2_r" x="5091" y="1278" w="108" h="24" d="659" o="60" />
		<t id="t_f_a2_r" x="5471" y="1340" w="108" h="24" d="696" o="60" />
		<t id="t_f_a2_r" x="5889" y="1296" w="108" h="24" d="710" o="60" />
		<t id="t_f_b" x="3815" y="1384" w="41" h="21" d="617" o="" />
		<t id="t_f_b" x="4095" y="1384" w="41" h="21" d="632" o="" />
		<t id="t_f_b" x="4995" y="1384" w="41" h="21" d="664" o="" />
		<t id="t_f_b" x="5205" y="1384" w="41" h="21" d="687" o="" />
		<t id="t_f_b" x="5375" y="1384" w="41" h="21" d="669" o="" />
		<t id="t_f_b" x="5575" y="1384" w="41" h="21" d="692" o="" />
		<t id="t_f_b" x="5793" y="1382" w="41" h="21" d="715" o="" />
		<t id="t_f_b" x="6263" y="1382" w="41" h="21" d="730" o="" />
		<t id="t_f_b" x="7149" y="1384" w="41" h="21" d="744" o="" />
		<t id="t_f_b" x="8138" y="1384" w="41" h="21" d="765" o="" />
		<t id="t_f_t" x="3815" y="1205" w="41" h="25" d="623" o="30" />
		<t id="t_f_t" x="4095" y="1126" w="41" h="25" d="638" o="30" />
		<t id="t_f_t" x="4995" y="1126" w="41" h="25" d="656" o="30" />
		<t id="t_f_t" x="5205" y="1126" w="41" h="25" d="682" o="30" />
		<t id="t_f_t" x="5375" y="1205" w="41" h="25" d="666" o="30" />
		<t id="t_f_t" x="5575" y="1284" w="41" h="25" d="689" o="30" />
		<t id="t_f_t" x="5793" y="1124" w="41" h="25" d="707" o="30" />
		<t id="t_f_t" x="6263" y="1203" w="41" h="25" d="727" o="30" />
		<t id="t_f_t" x="7149" y="1047" w="41" h="25" d="739" o="30" />
		<t id="t_f_t" x="8138" y="1206" w="41" h="25" d="762" o="30" />
		<t id="t_f_t1" x="3807" y="1363" w="25" h="79" d="619" o="" />
		<t id="t_f_t1" x="4087" y="1363" w="25" h="79" d="634" o="" />
		<t id="t_f_t1" x="4987" y="1363" w="25" h="79" d="652" o="" />
		<t id="t_f_t1" x="5197" y="1205" w="25" h="79" d="685" o="" />
		<t id="t_f_t1" x="5197" y="1284" w="25" h="79" d="680" o="" />
		<t id="t_f_t1" x="5785" y="1361" w="25" h="79" d="703" o="" />
		<t id="t_f_t1" x="6255" y="1361" w="25" h="79" d="723" o="" />
		<t id="t_f_t1" x="7141" y="1284" w="25" h="79" d="735" o="" />
		<t id="t_f_t1" x="7141" y="1363" w="25" h="79" d="752" o="" />
		<t id="t_f_t1" x="8130" y="1363" w="25" h="79" d="760" o="" />
		<t id="t_f_t2" x="3807" y="1284" w="25" h="79" d="621" o="" />
		<t id="t_f_t2" x="4087" y="1284" w="25" h="79" d="636" o="" />
		<t id="t_f_t2" x="4987" y="1284" w="25" h="79" d="654" o="" />
		<t id="t_f_t2" x="5197" y="1363" w="25" h="79" d="678" o="" />
		<t id="t_f_t2" x="5367" y="1284" w="25" h="79" d="673" o="" />
		<t id="t_f_t2" x="5785" y="1282" w="25" h="79" d="705" o="" />
		<t id="t_f_t2" x="6255" y="1282" w="25" h="79" d="725" o="" />
		<t id="t_f_t2" x="7141" y="1205" w="25" h="79" d="737" o="" />
		<t id="t_f_t2" x="8130" y="1284" w="25" h="79" d="767" o="" />
		<t id="t_f_t3" x="4087" y="1205" w="25" h="79" d="647" o="" />
		<t id="t_f_t3" x="4987" y="1205" w="25" h="79" d="662" o="" />
		<t id="t_f_t3" x="5367" y="1363" w="25" h="79" d="671" o="" />
		<t id="t_f_t3" x="5567" y="1363" w="25" h="79" d="694" o="" />
		<t id="t_f_t3" x="5785" y="1203" w="25" h="79" d="713" o="" />
		<t id="t_f_t3" x="7141" y="1126" w="25" h="79" d="742" o="" />
		<t id="t_s_b" x="1569" y="1432" w="121" h="147" d="1000" o="90" />
		<t id="t_s_b" x="2415" y="1432" w="121" h="147" d="1006" o="90" />
		<t id="t_s_b" x="2896" y="1432" w="121" h="147" d="1015" o="90" />
		<t id="t_s_b" x="3578" y="1432" w="121" h="147" d="1021" o="90" />
		<t id="t_s_b" x="4459" y="1432" w="121" h="147" d="1033" o="90" />
		<t id="t_s_b" x="7383" y="1432" w="121" h="147" d="1060" o="90" />
		<t id="t_s_h_s_b" x="1548" y="1206" w="79" h="79" d="1078" o="" />
		<t id="t_s_h_s_f" x="1548" y="1206" w="79" h="79" d="1648" o="" />
		<t id="t_s_t" x="1554" y="1048" w="91" h="25" d="1080" o="30" />
		<t id="t_s_t" x="2400" y="1206" w="91" h="25" d="1009" o="30" />
		<t id="t_s_t" x="2881" y="1285" w="91" h="25" d="1018" o="30" />
		<t id="t_s_t" x="3563" y="1285" w="91" h="25" d="1024" o="30" />
		<t id="t_s_t" x="4444" y="1206" w="91" h="25" d="1036" o="30" />
		<t id="t_s_t" x="7368" y="1128" w="91" h="25" d="1063" o="30" />
		<t id="t_s_t1" x="1548" y="1285" w="79" h="79" d="1003" o="30" />
		<t id="t_s_t1" x="2394" y="1285" w="79" h="79" d="1012" o="30" />
		<t id="t_s_t1" x="7362" y="1207" w="79" h="79" d="1072" o="30" />
		<t id="t_s_t2" x="1548" y="1127" w="79" h="79" d="997" o="30" />
		<t id="t_s_t2" x="4438" y="1285" w="79" h="79" d="1039" o="30" />
		<t id="t_s_t2" x="7362" y="1286" w="79" h="79" d="1069" o="30" /> 
	</layer>
</level>
