<?xml version="1.0" encoding="UTF-8"?>
<level background="hellcave" music="track04c" effects="cave" sx="212" sy="297" d="1495" sh="50">
	<layer name="base" source="cave.swf" x="0" y="0" width="8198" height="360">
		<t id="b_l_s" x="7157" y="339" w="54" h="211" d="623" o="30" />
		<t id="b_l_s_s" x="2807" y="302" w="54" h="162" d="626" o="30" />
		<t id="b_l_s_s" x="7580" y="384" w="54" h="162" d="873" o="30" />
		<t id="b_l_s_s" x="7712" y="338" w="54" h="162" d="620" o="30" />
		<t id="b_l_s_s" x="836" y="322" w="54" h="162" d="617" o="30" />
		<t id="be" x="1453" y="296" w="42" h="95" d="1241" o="100" />
		<t id="be" x="1938" y="296" w="42" h="95" d="1243" o="100" />
		<t id="be" x="2551" y="309" w="42" h="95" d="1271" o="100" />
		<t id="be" x="2701" y="309" w="42" h="95" d="1269" o="100" />
		<t id="be" x="3551" y="296" w="42" h="95" d="1303" o="100" />
		<t id="be" x="3714" y="296" w="42" h="95" d="1301" o="100" />
		<t id="be" x="4072" y="293" w="42" h="95" d="1321" o="100" />
		<t id="be" x="4332" y="293" w="42" h="95" d="1319" o="100" />
		<t id="be" x="4647" y="203" w="42" h="95" d="1337" o="100" />
		<t id="be" x="4824" y="203" w="42" h="95" d="1335" o="100" />
		<t id="be" x="490" y="301" w="42" h="95" d="1473" o="100" />
		<t id="be" x="6187" y="295" w="42" h="95" d="1409" o="100" />
		<t id="be" x="6305" y="293" w="42" h="95" d="1407" o="100" />
		<t id="be" x="6357" y="244" w="42" h="95" d="1405" o="100" />
		<t id="be" x="647" y="301" w="42" h="95" d="1235" o="100" />
		<t id="be" x="6515" y="247" w="42" h="95" d="1403" o="100" />
		<t id="be" x="6599" y="295" w="42" h="95" d="1423" o="100" />
		<t id="be" x="6744" y="291" w="42" h="95" d="1425" o="100" />
		<t id="be" x="690" y="278" w="42" h="95" d="1237" o="100" />
		<t id="be" x="7191" y="293" w="42" h="95" d="1491" o="100" />
		<t id="be" x="7450" y="293" w="42" h="95" d="1493" o="100" />
		<t id="be" x="7697" y="294" w="42" h="95" d="1447" o="100" />
		<t id="be" x="7931" y="293" w="42" h="95" d="1449" o="100" />
		<t id="be" x="986" y="273" w="42" h="95" d="1239" o="100" />
		<t id="bh" x="19" y="384" w="104" h="308" d="995" o="" />
		<t id="c" x="1549" y="263" w="23" h="24" d="1137" o="" />
		<t id="c" x="1599" y="263" w="23" h="24" d="1133" o="" />
		<t id="c" x="2667" y="71" w="23" h="24" d="1145" o="" />
		<t id="c" x="2717" y="71" w="23" h="24" d="1141" o="" />
		<t id="c" x="3591" y="100" w="23" h="24" d="1189" o="" />
		<t id="c" x="3591" y="56" w="23" h="24" d="1193" o="" />
		<t id="c" x="4032" y="38" w="23" h="24" d="1153" o="" />
		<t id="c" x="4032" y="82" w="23" h="24" d="1149" o="" />
		<t id="c" x="467" y="147" w="23" h="24" d="1129" o="" />
		<t id="c" x="4685" y="262" w="23" h="24" d="1161" o="" />
		<t id="c" x="4735" y="262" w="23" h="24" d="1157" o="" />
		<t id="c" x="5023" y="232" w="23" h="24" d="1169" o="" />
		<t id="c" x="5023" y="276" w="23" h="24" d="1165" o="" />
		<t id="c" x="517" y="147" w="23" h="24" d="1125" o="" />
		<t id="c" x="5322" y="249" w="23" h="24" d="1177" o="" />
		<t id="c" x="5322" y="293" w="23" h="24" d="1173" o="" />
		<t id="c" x="6421" y="294" w="23" h="24" d="1185" o="" />
		<t id="c" x="6471" y="294" w="23" h="24" d="1181" o="" />
		<t id="c" x="7287" y="100" w="23" h="24" d="1213" o="" />
		<t id="c" x="7287" y="56" w="23" h="24" d="1217" o="" />
		<t id="c" x="7792" y="107" w="23" h="24" d="1197" o="" />
		<t id="c" x="7792" y="63" w="23" h="24" d="1201" o="" />
		<t id="c" x="908" y="123" w="23" h="24" d="1084" o="" />
		<t id="c" x="908" y="79" w="23" h="24" d="1088" o="" />
		<t id="d_eb" x="2172" y="469" w="80" h="168" d="1013" o="" />
		<t id="d_eb" x="2412" y="429" w="80" h="168" d="1020" o="" />
		<t id="d_eb" x="3273" y="463" w="80" h="168" d="1038" o="" />
		<t id="d_eb" x="3503" y="363" w="80" h="168" d="652" o="" />
		<t id="d_eb" x="4151" y="349" w="80" h="168" d="673" o="" />
		<t id="d_eb" x="4523" y="381" w="80" h="168" d="666" o="" />
		<t id="d_eb" x="5028" y="344" w="80" h="168" d="659" o="" />
		<t id="d_eb" x="5406" y="497" w="80" h="168" d="782" o="" />
		<t id="d_eb" x="5902" y="381" w="80" h="168" d="796" o="" />
		<t id="d_eb" x="6506" y="502" w="80" h="168" d="789" o="" />
		<t id="d_eb_b" x="1269" y="436" w="123" h="168" d="997" o="" />
		<t id="d_eb_b" x="3051" y="452" w="123" h="168" d="1022" o="" />
		<t id="d_eb_b" x="3953" y="481" w="123" h="168" d="1040" o="" />
		<t id="d_eb_b" x="5276" y="397" w="123" h="168" d="1051" o="" />
		<t id="d_eb_b" x="5696" y="450" w="123" h="168" d="1062" o="" />
		<t id="d_eb_b" x="7024" y="488" w="123" h="168" d="1073" o="" />
		<t id="e" x="2789" y="247" w="17" h="16" d="1205" o="" />
		<t id="e" x="6042" y="202" w="17" h="16" d="1209" o="" />
		<t id="f_l_b" x="125" y="400" w="121" h="104" d="675" o="30" />
		<t id="f_l_b" x="1514" y="400" w="121" h="104" d="708" o="30" />
		<t id="f_l_b" x="1613" y="296" w="121" h="104" d="729" o="30" />
		<t id="f_l_b" x="1635" y="400" w="121" h="104" d="717" o="30" />
		<t id="f_l_b" x="1734" y="296" w="121" h="104" d="738" o="30" />
		<t id="f_l_b" x="1756" y="400" w="121" h="104" d="720" o="30" />
		<t id="f_l_b" x="1876" y="400" w="121" h="104" d="723" o="30" />
		<t id="f_l_b" x="1997" y="400" w="121" h="104" d="726" o="30" />
		<t id="f_l_b" x="246" y="400" w="121" h="104" d="684" o="30" />
		<t id="f_l_b" x="2682" y="400" w="121" h="104" d="741" o="30" />
		<t id="f_l_b" x="2803" y="400" w="121" h="104" d="750" o="30" />
		<t id="f_l_b" x="3462" y="400" w="121" h="104" d="798" o="30" />
		<t id="f_l_b" x="367" y="400" w="121" h="104" d="687" o="30" />
		<t id="f_l_b" x="3694" y="400" w="121" h="104" d="837" o="30" />
		<t id="f_l_b" x="4197" y="397" w="121" h="104" d="753" o="30" />
		<t id="f_l_b" x="4318" y="397" w="121" h="104" d="762" o="30" />
		<t id="f_l_b" x="4439" y="397" w="121" h="104" d="765" o="30" />
		<t id="f_l_b" x="4559" y="397" w="121" h="104" d="768" o="30" />
		<t id="f_l_b" x="4680" y="397" w="121" h="104" d="771" o="30" />
		<t id="f_l_b" x="4787" y="306" w="121" h="104" d="638" o="30" />
		<t id="f_l_b" x="4801" y="397" w="121" h="104" d="774" o="30" />
		<t id="f_l_b" x="488" y="400" w="121" h="104" d="690" o="30" />
		<t id="f_l_b" x="5067" y="397" w="121" h="104" d="846" o="30" />
		<t id="f_l_b" x="6085" y="366" w="121" h="104" d="981" o="30" />
		<t id="f_l_b" x="609" y="400" w="121" h="104" d="693" o="30" />
		<t id="f_l_b" x="6280" y="396" w="121" h="104" d="855" o="30" />
		<t id="f_l_b" x="6482" y="347" w="121" h="104" d="629" o="30" />
		<t id="f_l_b" x="6730" y="397" w="121" h="104" d="864" o="30" />
		<t id="f_l_b" x="7313" y="397" w="121" h="104" d="834" o="30" />
		<t id="f_l_b" x="7434" y="397" w="121" h="104" d="825" o="30" />
		<t id="f_l_b" x="7833" y="397" w="121" h="104" d="822" o="30" />
		<t id="f_l_b" x="7954" y="397" w="121" h="104" d="819" o="30" />
		<t id="f_l_b" x="8075" y="397" w="121" h="104" d="816" o="30" />
		<t id="f_l_b" x="8196" y="397" w="121" h="104" d="807" o="30" />
		<t id="f_l_b" x="831" y="374" w="121" h="104" d="696" o="30" />
		<t id="f_l_b" x="952" y="374" w="121" h="104" d="705" o="30" />
		<t id="f_l_l" x="1393" y="400" w="14" h="104" d="711" o="30" />
		<t id="f_l_l" x="1492" y="296" w="14" h="104" d="732" o="30" />
		<t id="f_l_l" x="2561" y="400" w="14" h="104" d="744" o="30" />
		<t id="f_l_l" x="3341" y="400" w="14" h="104" d="801" o="30" />
		<t id="f_l_l" x="3573" y="400" w="14" h="104" d="840" o="30" />
		<t id="f_l_l" x="4" y="400" w="14" h="104" d="678" o="30" />
		<t id="f_l_l" x="4076" y="397" w="14" h="104" d="756" o="30" />
		<t id="f_l_l" x="4666" y="306" w="14" h="104" d="641" o="30" />
		<t id="f_l_l" x="4946" y="397" w="14" h="104" d="849" o="30" />
		<t id="f_l_l" x="5964" y="366" w="14" h="104" d="984" o="30" />
		<t id="f_l_l" x="6159" y="396" w="14" h="104" d="858" o="30" />
		<t id="f_l_l" x="6361" y="347" w="14" h="104" d="632" o="30" />
		<t id="f_l_l" x="6609" y="397" w="14" h="104" d="867" o="30" />
		<t id="f_l_l" x="710" y="374" w="14" h="104" d="699" o="30" />
		<t id="f_l_l" x="7192" y="397" w="14" h="104" d="828" o="30" />
		<t id="f_l_l" x="7712" y="397" w="14" h="104" d="810" o="30" />
		<t id="f_l_r" x="1747" y="296" w="14" h="104" d="735" o="30" />
		<t id="f_l_r" x="2011" y="400" w="14" h="104" d="714" o="30" />
		<t id="f_l_r" x="2816" y="400" w="14" h="104" d="747" o="30" />
		<t id="f_l_r" x="3475" y="400" w="14" h="104" d="804" o="30" />
		<t id="f_l_r" x="3707" y="400" w="14" h="104" d="843" o="30" />
		<t id="f_l_r" x="4800" y="306" w="14" h="104" d="644" o="30" />
		<t id="f_l_r" x="4815" y="397" w="14" h="104" d="759" o="30" />
		<t id="f_l_r" x="5080" y="397" w="14" h="104" d="852" o="30" />
		<t id="f_l_r" x="6098" y="366" w="14" h="104" d="987" o="30" />
		<t id="f_l_r" x="623" y="400" w="14" h="104" d="681" o="30" />
		<t id="f_l_r" x="6293" y="396" w="14" h="104" d="861" o="30" />
		<t id="f_l_r" x="6495" y="347" w="14" h="104" d="635" o="30" />
		<t id="f_l_r" x="6743" y="397" w="14" h="104" d="870" o="30" />
		<t id="f_l_r" x="7447" y="397" w="14" h="104" d="831" o="30" />
		<t id="f_l_r" x="8209" y="397" w="14" h="104" d="813" o="30" />
		<t id="f_l_r" x="966" y="374" w="14" h="104" d="702" o="30" />
		<t id="g_l" x="8118" y="299" w="44" h="335" d="1092" o="30" />
		<t id="hellscorpion" x="1752" y="296" w="45" h="38" d="1457" o="0" />
		<t id="hellscorpion" x="3595" y="296" w="45" h="38" d="1297" o="0" />
		<t id="hellscorpion" x="4728" y="203" w="45" h="38" d="1339" o="0" />
		<t id="hellscorpion" x="6417" y="244" w="45" h="38" d="1399" o="0" />
		<t id="hellscorpion" x="895" y="271" w="45" h="38" d="1231" o="0" />
		<t id="killerbee1a" x="1044" y="281" w="75" h="195" d="1291" o="" />
		<t id="killerbee1a" x="2276" y="275" w="75" h="195" d="1279" o="" />
		<t id="killerbee1a" x="4895" y="197" w="75" h="195" d="1329" o="" />
		<t id="killerbee1a" x="5495" y="322" w="75" h="195" d="1367" o="" />
		<t id="killerbee1a" x="6812" y="310" w="75" h="195" d="1427" o="" />
		<t id="killerbee1a" x="7645" y="260" w="75" h="195" d="1451" o="" />
		<t id="killerbee1b" x="1433" y="274" w="75" h="195" d="1349" o="" />
		<t id="killerbee1b" x="2517" y="275" w="75" h="195" d="1361" o="" />
		<t id="killerbee1b" x="3371" y="281" w="75" h="195" d="1285" o="" />
		<t id="killerbee1b" x="7511" y="260" w="75" h="195" d="1475" o="" />
		<t id="killerbee3a" x="1887" y="191" w="264" h="74" d="1245" o="" />
		<t id="killerbee3a" x="3313" y="160" w="264" h="74" d="1411" o="" />
		<t id="killerbee3a" x="4237" y="147" w="264" h="74" d="1355" o="" />
		<t id="killerbee3a" x="4848" y="287" w="264" h="74" d="1323" o="" />
		<t id="killerbee3a" x="5344" y="180" w="264" h="74" d="1343" o="" />
		<t id="killerbee3a" x="7246" y="95" w="264" h="74" d="1467" o="" />
		<t id="killerbee3b" x="3120" y="235" w="264" h="73" d="1273" o="" />
		<t id="killerbee3b" x="5765" y="171" w="264" h="73" d="1373" o="" />
		<t id="killerbee3b" x="6163" y="172" w="264" h="73" d="1379" o="" />
		<t id="killerbee3b" x="6356" y="239" w="264" h="73" d="1417" o="" />
		<t id="killerbee3b" x="7246" y="166" w="264" h="73" d="1461" o="" />
		<t id="lava" x="1079" y="389" w="120" h="61" d="1529" o="30" />
		<t id="lava" x="1199" y="389" w="120" h="61" d="1533" o="30" />
		<t id="lava" x="120" y="389" w="120" h="61" d="1497" o="30" />
		<t id="lava" x="1319" y="389" w="120" h="61" d="1537" o="30" />
		<t id="lava" x="1439" y="389" w="120" h="61" d="1541" o="30" />
		<t id="lava" x="1558" y="389" w="120" h="61" d="1545" o="30" />
		<t id="lava" x="1678" y="389" w="120" h="61" d="1549" o="30" />
		<t id="lava" x="1798" y="389" w="120" h="61" d="1553" o="30" />
		<t id="lava" x="1918" y="389" w="120" h="61" d="1557" o="30" />
		<t id="lava" x="2038" y="389" w="120" h="61" d="1561" o="30" />
		<t id="lava" x="2158" y="389" w="120" h="61" d="1565" o="30" />
		<t id="lava" x="2278" y="389" w="120" h="61" d="1569" o="30" />
		<t id="lava" x="2398" y="389" w="120" h="61" d="1573" o="30" />
		<t id="lava" x="240" y="389" w="120" h="61" d="1501" o="30" />
		<t id="lava" x="2517" y="389" w="120" h="61" d="1577" o="30" />
		<t id="lava" x="2637" y="389" w="120" h="61" d="1581" o="30" />
		<t id="lava" x="2757" y="389" w="120" h="61" d="1585" o="30" />
		<t id="lava" x="2877" y="389" w="120" h="61" d="1589" o="30" />
		<t id="lava" x="2997" y="389" w="120" h="61" d="1593" o="30" />
		<t id="lava" x="3117" y="389" w="120" h="61" d="1597" o="30" />
		<t id="lava" x="3237" y="389" w="120" h="61" d="1601" o="30" />
		<t id="lava" x="3357" y="389" w="120" h="61" d="1605" o="30" />
		<t id="lava" x="3476" y="389" w="120" h="61" d="1609" o="30" />
		<t id="lava" x="3596" y="389" w="120" h="61" d="1613" o="30" />
		<t id="lava" x="360" y="389" w="120" h="61" d="1505" o="30" />
		<t id="lava" x="3716" y="389" w="120" h="61" d="1617" o="30" />
		<t id="lava" x="3836" y="389" w="120" h="61" d="1621" o="30" />
		<t id="lava" x="3956" y="389" w="120" h="61" d="1625" o="30" />
		<t id="lava" x="4076" y="389" w="120" h="61" d="1629" o="30" />
		<t id="lava" x="4196" y="389" w="120" h="61" d="1633" o="30" />
		<t id="lava" x="4316" y="389" w="120" h="61" d="1637" o="30" />
		<t id="lava" x="4435" y="389" w="120" h="61" d="1641" o="30" />
		<t id="lava" x="4555" y="389" w="120" h="61" d="1645" o="30" />
		<t id="lava" x="4675" y="389" w="120" h="61" d="1649" o="30" />
		<t id="lava" x="4795" y="389" w="120" h="61" d="1653" o="30" />
		<t id="lava" x="480" y="389" w="120" h="61" d="1509" o="30" />
		<t id="lava" x="4915" y="389" w="120" h="61" d="1657" o="30" />
		<t id="lava" x="5035" y="389" w="120" h="61" d="1661" o="30" />
		<t id="lava" x="5155" y="389" w="120" h="61" d="1665" o="30" />
		<t id="lava" x="5275" y="389" w="120" h="61" d="1669" o="30" />
		<t id="lava" x="5394" y="389" w="120" h="61" d="1673" o="30" />
		<t id="lava" x="5514" y="389" w="120" h="61" d="1677" o="30" />
		<t id="lava" x="5634" y="389" w="120" h="61" d="1681" o="30" />
		<t id="lava" x="5754" y="389" w="120" h="61" d="1685" o="30" />
		<t id="lava" x="5874" y="389" w="120" h="61" d="1689" o="30" />
		<t id="lava" x="599" y="389" w="120" h="61" d="1513" o="30" />
		<t id="lava" x="5994" y="389" w="120" h="61" d="1693" o="30" />
		<t id="lava" x="6114" y="389" w="120" h="61" d="1697" o="30" />
		<t id="lava" x="6234" y="389" w="120" h="61" d="1701" o="30" />
		<t id="lava" x="6353" y="389" w="120" h="61" d="1705" o="30" />
		<t id="lava" x="6473" y="389" w="120" h="61" d="1709" o="30" />
		<t id="lava" x="6593" y="389" w="120" h="61" d="1713" o="30" />
		<t id="lava" x="6713" y="389" w="120" h="61" d="1717" o="30" />
		<t id="lava" x="6833" y="389" w="120" h="61" d="1721" o="30" />
		<t id="lava" x="6953" y="389" w="120" h="61" d="1725" o="30" />
		<t id="lava" x="7073" y="389" w="120" h="61" d="1729" o="30" />
		<t id="lava" x="719" y="389" w="120" h="61" d="1517" o="30" />
		<t id="lava" x="7193" y="389" w="120" h="61" d="1733" o="30" />
		<t id="lava" x="7312" y="389" w="120" h="61" d="1737" o="30" />
		<t id="lava" x="7432" y="389" w="120" h="61" d="1741" o="30" />
		<t id="lava" x="7552" y="389" w="120" h="61" d="1745" o="30" />
		<t id="lava" x="7672" y="389" w="120" h="61" d="1749" o="30" />
		<t id="lava" x="7792" y="389" w="120" h="61" d="1753" o="30" />
		<t id="lava" x="7912" y="389" w="120" h="61" d="1757" o="30" />
		<t id="lava" x="8032" y="389" w="120" h="61" d="1761" o="30" />
		<t id="lava" x="8152" y="389" w="120" h="61" d="1765" o="30" />
		<t id="lava" x="8271" y="389" w="120" h="61" d="1769" o="30" />
		<t id="lava" x="839" y="389" w="120" h="61" d="1521" o="30" />
		<t id="lava" x="959" y="389" w="120" h="61" d="1525" o="30" />
		<t id="p_t_l_b" x="1934" y="297" w="27" h="97" d="891" o="30" />
		<t id="p_t_l_b" x="4552" y="294" w="27" h="97" d="916" o="30" />
		<t id="p_t_l_b" x="4966" y="294" w="27" h="97" d="921" o="30" />
		<t id="p_t_l_m" x="102" y="297" w="15" h="29" d="881" o="30" />
		<t id="p_t_l_m" x="3700" y="297" w="15" h="29" d="931" o="30" />
		<t id="p_t_l_m" x="42" y="297" w="15" h="29" d="990" o="30" />
		<t id="p_t_l_m" x="4472" y="294" w="15" h="29" d="911" o="30" />
		<t id="p_t_l_m" x="5074" y="294" w="15" h="29" d="926" o="30" />
		<t id="p_t_l_m" x="6009" y="263" w="15" h="29" d="941" o="30" />
		<t id="p_t_l_m" x="6079" y="263" w="15" h="29" d="956" o="30" />
		<t id="p_t_l_m" x="6167" y="293" w="15" h="29" d="946" o="30" />
		<t id="p_t_l_m" x="6736" y="294" w="15" h="29" d="961" o="30" />
		<t id="p_t_l_m" x="7439" y="294" w="15" h="29" d="976" o="30" />
		<t id="p_t_l_s" x="1456" y="297" w="25" h="58" d="886" o="30" />
		<t id="p_t_l_s" x="2701" y="297" w="25" h="58" d="896" o="30" />
		<t id="p_t_l_s" x="3428" y="297" w="25" h="58" d="966" o="30" />
		<t id="p_t_l_s" x="4332" y="294" w="25" h="58" d="901" o="30" />
		<t id="p_t_l_s" x="4442" y="294" w="25" h="58" d="906" o="30" />
		<t id="p_t_l_s" x="493" y="297" w="25" h="58" d="876" o="30" />
		<t id="p_t_l_s" x="5983" y="263" w="25" h="58" d="936" o="30" />
		<t id="p_t_l_s" x="6283" y="293" w="25" h="58" d="951" o="30" />
		<t id="p_t_l_s" x="7928" y="294" w="25" h="58" d="971" o="30" />
		<t id="pinkustack2x" x="558" y="297" w="38" h="67" d="1221" o="0" />
		<t id="pinkustack2x" x="7331" y="293" w="38" h="67" d="1481" o="0" />
		<t id="pinkustack3x" x="4262" y="292" w="38" h="96" d="1305" o="0" />
		<t id="pinkustack3x" x="6649" y="292" w="38" h="96" d="1385" o="0" />
		<t id="pinkustack3x" x="7799" y="291" w="38" h="96" d="1433" o="0" />
		<t id="pinkustack4x" x="2628" y="296" w="38" h="125" d="1251" o="0" />
		<t id="tiltstone_b" x="1342" y="267" w="305" h="225" d="999" o="30" />
		<t id="tiltstone_b" x="3124" y="283" w="305" h="225" d="1024" o="30" />
		<t id="tiltstone_b" x="4026" y="312" w="305" h="225" d="1042" o="30" />
		<t id="tiltstone_b" x="5349" y="228" w="305" h="225" d="1053" o="30" />
		<t id="tiltstone_b" x="5769" y="281" w="305" h="225" d="1064" o="30" />
		<t id="tiltstone_b" x="7097" y="319" w="305" h="225" d="1075" o="30" />
		<t id="tiltstone_s" x="2201" y="302" w="140" h="28" d="1008" o="30" />
		<t id="tiltstone_s" x="2441" y="262" w="140" h="28" d="1015" o="30" />
		<t id="tiltstone_s" x="3302" y="296" w="140" h="28" d="1033" o="30" />
		<t id="tiltstone_s" x="3532" y="196" w="140" h="28" d="647" o="30" />
		<t id="tiltstone_s" x="4180" y="182" w="140" h="28" d="668" o="30" />
		<t id="tiltstone_s" x="4552" y="214" w="140" h="28" d="661" o="30" />
		<t id="tiltstone_s" x="5057" y="177" w="140" h="28" d="654" o="30" />
		<t id="tiltstone_s" x="5435" y="330" w="140" h="28" d="777" o="30" />
		<t id="tiltstone_s" x="5931" y="214" w="140" h="28" d="791" o="30" />
		<t id="tiltstone_s" x="6535" y="335" w="140" h="28" d="784" o="30" /> 
	</layer>
</level>