<?xml version="1.0" encoding="UTF-8"?>
<level background="hellcave" music="track04b" effects="cave" sx="157" sy="297" d="1262" sh="50">
	<layer name="base" source="cave.swf" x="0" y="0" width="8198" height="360">
		<t id="b_l_s" x="3429" y="340" w="54" h="211" d="623" o="30" />
		<t id="b_l_s_s" x="4249" y="376" w="54" h="162" d="754" o="30" />
		<t id="b_l_s_s" x="6589" y="378" w="54" h="162" d="620" o="30" />
		<t id="b_l_s_s" x="685" y="331" w="54" h="162" d="617" o="30" />
		<t id="be" x="1453" y="235" w="42" h="95" d="1188" o="100" />
		<t id="be" x="2070" y="234" w="42" h="95" d="1194" o="100" />
		<t id="be" x="4072" y="293" w="42" h="95" d="1084" o="100" />
		<t id="be" x="4514" y="235" w="42" h="95" d="1100" o="100" />
		<t id="be" x="4691" y="235" w="42" h="95" d="1098" o="100" />
		<t id="be" x="615" y="269" w="42" h="95" d="1050" o="100" />
		<t id="be" x="6831" y="293" w="42" h="95" d="1182" o="100" />
		<t id="be" x="7090" y="293" w="42" h="95" d="1184" o="100" />
		<t id="be" x="7460" y="235" w="42" h="95" d="1258" o="100" />
		<t id="be" x="7628" y="235" w="42" h="95" d="1260" o="100" />
		<t id="be" x="822" y="265" w="42" h="95" d="1186" o="100" />
		<t id="bh" x="19" y="384" w="104" h="308" d="792" o="" />
		<t id="bh" x="8287" y="308" w="104" h="308" d="915" o="" />
		<t id="c" x="1101" y="178" w="23" h="24" d="921" o="" />
		<t id="c" x="1151" y="178" w="23" h="24" d="917" o="" />
		<t id="c" x="1763" y="287" w="23" h="24" d="929" o="" />
		<t id="c" x="1813" y="287" w="23" h="24" d="925" o="" />
		<t id="c" x="2323" y="291" w="23" h="24" d="937" o="" />
		<t id="c" x="2373" y="291" w="23" h="24" d="933" o="" />
		<t id="c" x="3484" y="116" w="23" h="24" d="949" o="" />
		<t id="c" x="3484" y="72" w="23" h="24" d="953" o="" />
		<t id="c" x="3969" y="114" w="23" h="24" d="945" o="" />
		<t id="c" x="4019" y="114" w="23" h="24" d="941" o="" />
		<t id="c" x="4780" y="292" w="23" h="24" d="973" o="" />
		<t id="c" x="4830" y="292" w="23" h="24" d="969" o="" />
		<t id="c" x="5179" y="292" w="23" h="24" d="981" o="" />
		<t id="c" x="5229" y="292" w="23" h="24" d="977" o="" />
		<t id="c" x="6089" y="217" w="23" h="24" d="1038" o="" />
		<t id="c" x="6089" y="261" w="23" h="24" d="1034" o="" />
		<t id="c" x="6681" y="121" w="23" h="24" d="965" o="" />
		<t id="c" x="6681" y="165" w="23" h="24" d="961" o="" />
		<t id="c" x="6943" y="272" w="23" h="24" d="1030" o="" />
		<t id="c" x="6993" y="272" w="23" h="24" d="1026" o="" />
		<t id="c" x="7518" y="289" w="23" h="24" d="1022" o="" />
		<t id="c" x="7568" y="289" w="23" h="24" d="1018" o="" />
		<t id="c" x="816" y="112" w="23" h="24" d="1042" o="" />
		<t id="c" x="816" y="68" w="23" h="24" d="1046" o="" />
		<t id="d_eb" x="2231" y="379" w="80" h="168" d="799" o="" />
		<t id="d_eb" x="2422" y="359" w="80" h="168" d="806" o="" />
		<t id="d_eb" x="2605" y="379" w="80" h="168" d="865" o="" />
		<t id="d_eb" x="3331" y="448" w="80" h="168" d="640" o="" />
		<t id="d_eb" x="5780" y="436" w="80" h="168" d="743" o="" />
		<t id="d_eb_b" x="3953" y="481" w="123" h="168" d="808" o="" />
		<t id="d_eb_b" x="5147" y="414" w="123" h="168" d="815" o="" />
		<t id="d_eb_b" x="5441" y="451" w="123" h="168" d="822" o="" />
		<t id="d_eb_b" x="7372" y="465" w="123" h="168" d="829" o="" />
		<t id="e" x="2789" y="244" w="17" h="16" d="1214" o="" />
		<t id="e" x="5743" y="178" w="17" h="16" d="957" o="" />
		<t id="f_l_b" x="125" y="400" w="121" h="104" d="642" o="30" />
		<t id="f_l_b" x="1564" y="340" w="121" h="104" d="657" o="30" />
		<t id="f_l_b" x="1685" y="340" w="121" h="104" d="666" o="30" />
		<t id="f_l_b" x="1806" y="340" w="121" h="104" d="669" o="30" />
		<t id="f_l_b" x="1926" y="340" w="121" h="104" d="672" o="30" />
		<t id="f_l_b" x="2047" y="340" w="121" h="104" d="675" o="30" />
		<t id="f_l_b" x="246" y="400" w="121" h="104" d="651" o="30" />
		<t id="f_l_b" x="2842" y="400" w="121" h="104" d="690" o="30" />
		<t id="f_l_b" x="367" y="400" w="121" h="104" d="654" o="30" />
		<t id="f_l_b" x="4654" y="338" w="121" h="104" d="626" o="30" />
		<t id="f_l_b" x="4854" y="338" w="121" h="104" d="729" o="30" />
		<t id="f_l_b" x="6953" y="397" w="121" h="104" d="726" o="30" />
		<t id="f_l_b" x="7074" y="397" w="121" h="104" d="717" o="30" />
		<t id="f_l_b" x="747" y="370" w="121" h="104" d="678" o="30" />
		<t id="f_l_b" x="7592" y="338" w="121" h="104" d="745" o="30" />
		<t id="f_l_b" x="7833" y="397" w="121" h="104" d="714" o="30" />
		<t id="f_l_b" x="7954" y="397" w="121" h="104" d="711" o="30" />
		<t id="f_l_b" x="8075" y="397" w="121" h="104" d="708" o="30" />
		<t id="f_l_b" x="8196" y="397" w="121" h="104" d="699" o="30" />
		<t id="f_l_b" x="868" y="370" w="121" h="104" d="687" o="30" />
		<t id="f_l_l" x="1443" y="340" w="14" h="104" d="660" o="30" />
		<t id="f_l_l" x="2721" y="400" w="14" h="104" d="693" o="30" />
		<t id="f_l_l" x="4" y="400" w="14" h="104" d="645" o="30" />
		<t id="f_l_l" x="4533" y="338" w="14" h="104" d="629" o="30" />
		<t id="f_l_l" x="4733" y="338" w="14" h="104" d="732" o="30" />
		<t id="f_l_l" x="626" y="370" w="14" h="104" d="681" o="30" />
		<t id="f_l_l" x="6832" y="397" w="14" h="104" d="720" o="30" />
		<t id="f_l_l" x="7471" y="338" w="14" h="104" d="748" o="30" />
		<t id="f_l_l" x="7712" y="397" w="14" h="104" d="702" o="30" />
		<t id="f_l_r" x="2061" y="340" w="14" h="104" d="663" o="30" />
		<t id="f_l_r" x="2855" y="400" w="14" h="104" d="696" o="30" />
		<t id="f_l_r" x="381" y="400" w="14" h="104" d="648" o="30" />
		<t id="f_l_r" x="4667" y="338" w="14" h="104" d="632" o="30" />
		<t id="f_l_r" x="4867" y="338" w="14" h="104" d="735" o="30" />
		<t id="f_l_r" x="7087" y="397" w="14" h="104" d="723" o="30" />
		<t id="f_l_r" x="7605" y="338" w="14" h="104" d="751" o="30" />
		<t id="f_l_r" x="8209" y="397" w="14" h="104" d="705" o="30" />
		<t id="f_l_r" x="881" y="370" w="14" h="104" d="684" o="30" />
		<t id="g_l" x="8075" y="299" w="44" h="335" d="985" o="30" />
		<t id="hellscorpion" x="1653" y="236" w="45" h="38" d="1190" o="0" />
		<t id="hellscorpion" x="4595" y="235" w="45" h="38" d="1102" o="0" />
		<t id="hellscorpion" x="744" y="267" w="45" h="38" d="1154" o="0" />
		<t id="hellscorpion" x="7533" y="236" w="45" h="38" d="1254" o="0" />
		<t id="killerbee1a" x="1361" y="334" w="75" h="195" d="1208" o="" />
		<t id="killerbee1a" x="2685" y="275" w="75" h="195" d="1202" o="" />
		<t id="killerbee1a" x="4244" y="337" w="75" h="195" d="1092" o="" />
		<t id="killerbee1a" x="5579" y="278" w="75" h="195" d="1124" o="" />
		<t id="killerbee1a" x="5649" y="278" w="75" h="195" d="1224" o="" />
		<t id="killerbee1a" x="6382" y="302" w="75" h="195" d="1236" o="" />
		<t id="killerbee1a" x="7674" y="323" w="75" h="195" d="1148" o="" />
		<t id="killerbee1b" x="1137" y="334" w="75" h="195" d="1112" o="" />
		<t id="killerbee1b" x="3741" y="336" w="75" h="195" d="1078" o="" />
		<t id="killerbee1b" x="4304" y="337" w="75" h="195" d="1218" o="" />
		<t id="killerbee3a" x="1801" y="199" w="264" h="74" d="1052" o="" />
		<t id="killerbee3a" x="2604" y="277" w="264" h="74" d="1196" o="" />
		<t id="killerbee3a" x="3180" y="302" w="264" h="74" d="1072" o="" />
		<t id="killerbee3a" x="3530" y="179" w="264" h="74" d="1136" o="" />
		<t id="killerbee3a" x="4019" y="217" w="264" h="74" d="1118" o="" />
		<t id="killerbee3a" x="4922" y="225" w="264" h="74" d="1086" o="" />
		<t id="killerbee3a" x="5215" y="193" w="264" h="74" d="1106" o="" />
		<t id="killerbee3a" x="6693" y="212" w="264" h="74" d="1242" o="" />
		<t id="killerbee3a" x="7440" y="250" w="264" h="74" d="1158" o="" />
		<t id="killerbee3b" x="2324" y="159" w="264" h="73" d="1230" o="" />
		<t id="killerbee3b" x="6102" y="298" w="264" h="73" d="1130" o="" />
		<t id="killerbee3b" x="6295" y="229" w="264" h="73" d="1142" o="" />
		<t id="killerbee3b" x="6791" y="303" w="264" h="73" d="1248" o="" />
		<t id="lava" x="1079" y="389" w="120" h="61" d="1296" o="30" />
		<t id="lava" x="1199" y="389" w="120" h="61" d="1300" o="30" />
		<t id="lava" x="120" y="389" w="120" h="61" d="1264" o="30" />
		<t id="lava" x="1319" y="389" w="120" h="61" d="1304" o="30" />
		<t id="lava" x="1439" y="389" w="120" h="61" d="1308" o="30" />
		<t id="lava" x="1558" y="389" w="120" h="61" d="1312" o="30" />
		<t id="lava" x="1678" y="389" w="120" h="61" d="1316" o="30" />
		<t id="lava" x="1798" y="389" w="120" h="61" d="1320" o="30" />
		<t id="lava" x="1918" y="389" w="120" h="61" d="1324" o="30" />
		<t id="lava" x="2038" y="389" w="120" h="61" d="1328" o="30" />
		<t id="lava" x="2158" y="389" w="120" h="61" d="1332" o="30" />
		<t id="lava" x="2278" y="389" w="120" h="61" d="1336" o="30" />
		<t id="lava" x="2398" y="389" w="120" h="61" d="1340" o="30" />
		<t id="lava" x="240" y="389" w="120" h="61" d="1268" o="30" />
		<t id="lava" x="2517" y="389" w="120" h="61" d="1344" o="30" />
		<t id="lava" x="2637" y="389" w="120" h="61" d="1348" o="30" />
		<t id="lava" x="2757" y="389" w="120" h="61" d="1352" o="30" />
		<t id="lava" x="2877" y="389" w="120" h="61" d="1356" o="30" />
		<t id="lava" x="2997" y="389" w="120" h="61" d="1360" o="30" />
		<t id="lava" x="3117" y="389" w="120" h="61" d="1364" o="30" />
		<t id="lava" x="3237" y="389" w="120" h="61" d="1368" o="30" />
		<t id="lava" x="3357" y="389" w="120" h="61" d="1372" o="30" />
		<t id="lava" x="3476" y="389" w="120" h="61" d="1376" o="30" />
		<t id="lava" x="3596" y="389" w="120" h="61" d="1380" o="30" />
		<t id="lava" x="360" y="389" w="120" h="61" d="1272" o="30" />
		<t id="lava" x="3716" y="389" w="120" h="61" d="1384" o="30" />
		<t id="lava" x="3836" y="389" w="120" h="61" d="1388" o="30" />
		<t id="lava" x="3956" y="389" w="120" h="61" d="1392" o="30" />
		<t id="lava" x="4076" y="389" w="120" h="61" d="1396" o="30" />
		<t id="lava" x="4196" y="389" w="120" h="61" d="1400" o="30" />
		<t id="lava" x="4316" y="389" w="120" h="61" d="1404" o="30" />
		<t id="lava" x="4435" y="389" w="120" h="61" d="1408" o="30" />
		<t id="lava" x="4555" y="389" w="120" h="61" d="1412" o="30" />
		<t id="lava" x="4675" y="389" w="120" h="61" d="1416" o="30" />
		<t id="lava" x="4795" y="389" w="120" h="61" d="1420" o="30" />
		<t id="lava" x="480" y="389" w="120" h="61" d="1276" o="30" />
		<t id="lava" x="4915" y="389" w="120" h="61" d="1424" o="30" />
		<t id="lava" x="5035" y="389" w="120" h="61" d="1428" o="30" />
		<t id="lava" x="5155" y="389" w="120" h="61" d="1432" o="30" />
		<t id="lava" x="5275" y="389" w="120" h="61" d="1436" o="30" />
		<t id="lava" x="5394" y="389" w="120" h="61" d="1440" o="30" />
		<t id="lava" x="5514" y="389" w="120" h="61" d="1444" o="30" />
		<t id="lava" x="5634" y="389" w="120" h="61" d="1448" o="30" />
		<t id="lava" x="5754" y="389" w="120" h="61" d="1452" o="30" />
		<t id="lava" x="5874" y="389" w="120" h="61" d="1456" o="30" />
		<t id="lava" x="599" y="389" w="120" h="61" d="1280" o="30" />
		<t id="lava" x="5994" y="389" w="120" h="61" d="1460" o="30" />
		<t id="lava" x="6114" y="389" w="120" h="61" d="1464" o="30" />
		<t id="lava" x="6234" y="389" w="120" h="61" d="1468" o="30" />
		<t id="lava" x="6353" y="389" w="120" h="61" d="1472" o="30" />
		<t id="lava" x="6473" y="389" w="120" h="61" d="1476" o="30" />
		<t id="lava" x="6593" y="389" w="120" h="61" d="1480" o="30" />
		<t id="lava" x="6713" y="389" w="120" h="61" d="1484" o="30" />
		<t id="lava" x="6833" y="389" w="120" h="61" d="1488" o="30" />
		<t id="lava" x="6953" y="389" w="120" h="61" d="1492" o="30" />
		<t id="lava" x="7073" y="389" w="120" h="61" d="1496" o="30" />
		<t id="lava" x="719" y="389" w="120" h="61" d="1284" o="30" />
		<t id="lava" x="7193" y="389" w="120" h="61" d="1500" o="30" />
		<t id="lava" x="7312" y="389" w="120" h="61" d="1504" o="30" />
		<t id="lava" x="7432" y="389" w="120" h="61" d="1508" o="30" />
		<t id="lava" x="7552" y="389" w="120" h="61" d="1512" o="30" />
		<t id="lava" x="7672" y="389" w="120" h="61" d="1516" o="30" />
		<t id="lava" x="7792" y="389" w="120" h="61" d="1520" o="30" />
		<t id="lava" x="7912" y="389" w="120" h="61" d="1524" o="30" />
		<t id="lava" x="8032" y="389" w="120" h="61" d="1528" o="30" />
		<t id="lava" x="8152" y="389" w="120" h="61" d="1532" o="30" />
		<t id="lava" x="8271" y="389" w="120" h="61" d="1536" o="30" />
		<t id="lava" x="839" y="389" w="120" h="61" d="1288" o="30" />
		<t id="lava" x="959" y="389" w="120" h="61" d="1292" o="30" />
		<t id="p_ds" x="1087" y="349" w="140" h="45" d="844" o="30" />
		<t id="p_ds" x="1305" y="349" w="140" h="45" d="848" o="30" />
		<t id="p_ds" x="1855" y="349" w="140" h="45" d="852" o="30" />
		<t id="p_ds" x="2415" y="349" w="140" h="45" d="856" o="30" />
		<t id="p_ds" x="2605" y="349" w="140" h="45" d="867" o="30" />
		<t id="p_ds" x="4198" y="349" w="140" h="45" d="879" o="30" />
		<t id="p_ds" x="4461" y="349" w="140" h="45" d="883" o="30" />
		<t id="p_ds" x="4831" y="349" w="140" h="45" d="887" o="30" />
		<t id="p_ds" x="5271" y="349" w="140" h="45" d="891" o="30" />
		<t id="p_ds" x="577" y="349" w="140" h="45" d="836" o="30" />
		<t id="p_ds" x="6331" y="349" w="140" h="45" d="899" o="30" />
		<t id="p_ds" x="6541" y="349" w="140" h="45" d="903" o="30" />
		<t id="p_ds" x="6741" y="349" w="140" h="45" d="907" o="30" />
		<t id="p_ds" x="7591" y="349" w="140" h="45" d="911" o="30" />
		<t id="p_ds_b" x="1658" y="357" w="268" h="45" d="840" o="30" />
		<t id="p_ds_b" x="3195" y="357" w="268" h="45" d="871" o="30" />
		<t id="p_ds_b" x="3685" y="357" w="268" h="45" d="875" o="30" />
		<t id="p_ds_b" x="6112" y="357" w="268" h="45" d="895" o="30" />
		<t id="p_t_l_b" x="1934" y="237" w="27" h="97" d="762" o="30" />
		<t id="p_t_l_m" x="2836" y="297" w="15" h="29" d="767" o="30" />
		<t id="p_t_l_m" x="362" y="297" w="15" h="29" d="787" o="30" />
		<t id="p_t_l_m" x="7079" y="294" w="15" h="29" d="777" o="30" />
		<t id="p_t_l_m" x="7838" y="294" w="15" h="29" d="772" o="30" />
		<t id="p_t_l_s" x="42" y="297" w="25" h="58" d="782" o="30" />
		<t id="p_t_l_s" x="817" y="267" w="25" h="58" d="757" o="30" />
		<t id="pinkustack3x" x="1992" y="235" w="38" h="96" d="1058" o="0" />
		<t id="pinkustack4x" x="7030" y="292" w="38" h="125" d="1164" o="0" />
		<t id="tiltstone_b" x="4026" y="312" w="268" h="44" d="810" o="30" />
		<t id="tiltstone_b" x="5220" y="245" w="268" h="44" d="817" o="30" />
		<t id="tiltstone_b" x="5514" y="282" w="268" h="44" d="824" o="30" />
		<t id="tiltstone_b" x="7445" y="296" w="268" h="44" d="831" o="30" />
		<t id="tiltstone_s" x="2260" y="212" w="140" h="28" d="794" o="30" />
		<t id="tiltstone_s" x="2451" y="192" w="140" h="28" d="801" o="30" />
		<t id="tiltstone_s" x="2634" y="212" w="140" h="28" d="860" o="30" />
		<t id="tiltstone_s" x="3360" y="281" w="140" h="28" d="635" o="30" />
		<t id="tiltstone_s" x="5809" y="269" w="140" h="28" d="738" o="30" /> 
	</layer>
</level>