<?xml version="1.0" encoding="UTF-8"?>
<level background="bluemountains" music="track03a" effects="mountains" sx="173" sy="1387" d="1570">
	<layer name="base" source="mountains.swf" x="0" y="0" width="6243" height="1432">
		<t id="" x="2823" y="1272" w="59" h="17" d="1095" o="" />
		<t id="be" x="1101" y="1178" w="42" h="95" d="1560" o="100" />
		<t id="be" x="1281" y="1178" w="42" h="95" d="1562" o="100" />
		<t id="be" x="1435" y="1222" w="42" h="95" d="1322" o="100" />
		<t id="be" x="1447" y="1385" w="42" h="95" d="1330" o="100" />
		<t id="be" x="1615" y="1222" w="42" h="95" d="1324" o="100" />
		<t id="be" x="1927" y="1181" w="42" h="95" d="1346" o="100" />
		<t id="be" x="1937" y="1385" w="42" h="95" d="1336" o="100" />
		<t id="be" x="2063" y="1282" w="42" h="95" d="1356" o="100" />
		<t id="be" x="2227" y="1181" w="42" h="95" d="1348" o="100" />
		<t id="be" x="2253" y="1282" w="42" h="95" d="1354" o="100" />
		<t id="be" x="2413" y="1385" w="42" h="95" d="1362" o="100" />
		<t id="be" x="2871" y="1181" w="42" h="95" d="1376" o="100" />
		<t id="be" x="3381" y="1181" w="42" h="95" d="1378" o="100" />
		<t id="be" x="3840" y="1099" w="42" h="95" d="1568" o="100" />
		<t id="be" x="4350" y="1099" w="42" h="95" d="1408" o="100" />
		<t id="be" x="4591" y="1185" w="42" h="95" d="1486" o="100" />
		<t id="be" x="4751" y="1185" w="42" h="95" d="1484" o="100" />
		<t id="be" x="4811" y="1385" w="42" h="95" d="1466" o="100" />
		<t id="be" x="487" y="1386" w="42" h="95" d="1306" o="100" />
		<t id="be" x="967" y="1386" w="42" h="95" d="1308" o="100" />
		<t id="bh" x="22" y="1377" w="105" h="309" d="759" o="" />
		<t id="bh" x="6321" y="774" w="105" h="309" d="1013" o="" />
		<t id="c" x="1398" y="1164" w="23" h="24" d="1205" o="" />
		<t id="c" x="1438" y="1117" w="23" h="24" d="1209" o="" />
		<t id="c" x="1766" y="1117" w="23" h="24" d="1189" o="" />
		<t id="c" x="1806" y="1164" w="23" h="24" d="1193" o="" />
		<t id="c" x="2030" y="1294" w="23" h="24" d="1197" o="" />
		<t id="c" x="2070" y="1247" w="23" h="24" d="1201" o="" />
		<t id="c" x="2726" y="1123" w="23" h="24" d="1217" o="" />
		<t id="c" x="2776" y="1170" w="23" h="24" d="1213" o="" />
		<t id="c" x="3087" y="1020" w="23" h="24" d="1221" o="" />
		<t id="c" x="3127" y="973" w="23" h="24" d="1225" o="" />
		<t id="c" x="3629" y="1247" w="23" h="24" d="1298" o="" />
		<t id="c" x="3669" y="1200" w="23" h="24" d="1302" o="" />
		<t id="c" x="4000" y="825" w="23" h="24" d="1229" o="" />
		<t id="c" x="4040" y="778" w="23" h="24" d="1233" o="" />
		<t id="c" x="434" y="1284" w="23" h="24" d="1173" o="" />
		<t id="c" x="4518" y="1143" w="23" h="24" d="1241" o="" />
		<t id="c" x="4568" y="1190" w="23" h="24" d="1237" o="" />
		<t id="c" x="474" y="1237" w="23" h="24" d="1177" o="" />
		<t id="c" x="5135" y="1225" w="23" h="24" d="1249" o="" />
		<t id="c" x="5185" y="1272" w="23" h="24" d="1245" o="" />
		<t id="c" x="5742" y="607" w="23" h="24" d="1290" o="" />
		<t id="c" x="5792" y="654" w="23" h="24" d="1286" o="" />
		<t id="c" x="873" y="1188" w="23" h="24" d="1185" o="" />
		<t id="c" x="923" y="1235" w="23" h="24" d="1181" o="" />
		<t id="d_ek" x="73" y="1386" w="32" h="38" d="1015" o="" />
		<t id="d_is1" x="1705" y="1386" w="10" h="6" d="1029" o="" />
		<t id="d_is1" x="1855" y="1386" w="10" h="6" d="1031" o="" />
		<t id="d_is1" x="2795" y="1385" w="10" h="6" d="1039" o="" />
		<t id="d_is1" x="4526" y="1386" w="10" h="6" d="1051" o="" />
		<t id="d_is1" x="4666" y="1386" w="10" h="6" d="1049" o="" />
		<t id="d_is1" x="779" y="1386" w="10" h="6" d="1021" o="" />
		<t id="d_is2" x="1679" y="1386" w="22" h="11" d="1027" o="" />
		<t id="d_is2" x="2677" y="1386" w="22" h="11" d="1037" o="" />
		<t id="d_is2" x="3750" y="1386" w="22" h="11" d="1043" o="" />
		<t id="d_is2" x="4568" y="1386" w="22" h="11" d="1047" o="" />
		<t id="d_is2" x="5172" y="1386" w="22" h="11" d="1053" o="" />
		<t id="d_is2" x="807" y="1386" w="22" h="11" d="1019" o="" />
		<t id="d_kr1" x="3968" y="1077" w="18" h="16" d="1045" o="" />
		<t id="d_kr2" x="3938" y="1077" w="24" h="17" d="1572" o="" />
		<t id="d_kr2" x="5409" y="974" w="24" h="17" d="1574" o="" />
		<t id="d_sh1" x="1586" y="1221" w="73" h="10" d="1025" o="" />
		<t id="d_sh1" x="2268" y="1386" w="73" h="10" d="1035" o="" />
		<t id="d_sh1" x="3106" y="1178" w="73" h="10" d="1041" o="" />
		<t id="d_sh1" x="328" y="1386" w="73" h="10" d="1017" o="" />
		<t id="d_sh2" x="1174" y="1386" w="88" h="14" d="1023" o="" />
		<t id="d_sh2" x="2189" y="1179" w="88" h="14" d="1033" o="" />
		<t id="d_sh2" x="5904" y="766" w="88" h="14" d="1055" o="" />
		<t id="e" x="3802" y="1337" w="26" h="24" d="1294" o="" />
		<t id="e" x="4426" y="1239" w="26" h="24" d="1480" o="" />
		<t id="f_b" x="2210" y="1386" w="121" h="104" d="676" o="30" />
		<t id="f_b" x="788" y="1386" w="121" h="104" d="632" o="30" />
		<t id="f_b_t" x="1230" y="1282" w="121" h="104" d="619" o="30" />
		<t id="f_b_t" x="1577" y="1325" w="121" h="104" d="643" o="30" />
		<t id="f_b_t" x="2061" y="1283" w="121" h="104" d="658" o="30" />
		<t id="f_b_t" x="2181" y="1283" w="121" h="104" d="673" o="30" />
		<t id="f_b_t" x="4723" y="1282" w="121" h="104" d="702" o="30" />
		<t id="f_l" x="2089" y="1386" w="22" h="104" d="679" o="30" />
		<t id="f_l" x="667" y="1386" w="22" h="104" d="635" o="30" />
		<t id="f_l_t" x="1109" y="1282" w="22" h="104" d="622" o="30" />
		<t id="f_l_t" x="1456" y="1325" w="22" h="104" d="646" o="30" />
		<t id="f_l_t" x="1940" y="1283" w="22" h="104" d="661" o="30" />
		<t id="f_l_t" x="4602" y="1282" w="22" h="104" d="705" o="30" />
		<t id="f_r" x="2231" y="1386" w="22" h="104" d="682" o="30" />
		<t id="f_r" x="810" y="1386" w="22" h="104" d="638" o="30" />
		<t id="f_r_t" x="1252" y="1282" w="22" h="104" d="625" o="30" />
		<t id="f_r_t" x="1599" y="1325" w="22" h="104" d="649" o="30" />
		<t id="f_r_t" x="2202" y="1283" w="22" h="104" d="664" o="30" />
		<t id="f_r_t" x="4744" y="1282" w="22" h="104" d="708" o="30" />
		<t id="f_s_b" x="3047" y="1132" w="41" h="25" d="687" o="30" />
		<t id="f_s_b" x="3207" y="1162" w="41" h="25" d="692" o="30" />
		<t id="f_s_b" x="4134" y="997" w="41" h="25" d="697" o="30" />
		<t id="f_s_b" x="5203" y="1342" w="41" h="25" d="717" o="30" />
		<t id="f_s_b" x="5656" y="840" w="41" h="25" d="720" o="30" />
		<t id="f_s_t" x="3039" y="1235" w="25" h="104" d="685" o="" />
		<t id="f_s_t" x="3199" y="1265" w="25" h="104" d="690" o="" />
		<t id="f_s_t" x="4126" y="1100" w="25" h="104" d="695" o="" />
		<t id="f_s_t" x="5195" y="1446" w="25" h="104" d="715" o="" />
		<t id="f_s_t" x="5648" y="974" w="25" h="104" d="725" o="" />
		<t id="f_s_t_t" x="5648" y="918" w="25" h="79" d="723" o="" />
		<t id="f_t_l" x="1109" y="1386" w="14" h="104" d="628" o="" />
		<t id="f_t_l" x="1456" y="1429" w="14" h="104" d="652" o="" />
		<t id="f_t_l" x="1940" y="1387" w="14" h="104" d="667" o="" />
		<t id="f_t_l" x="4602" y="1386" w="14" h="104" d="711" o="" />
		<t id="f_t_r" x="1244" y="1386" w="14" h="104" d="630" o="" />
		<t id="f_t_r" x="1591" y="1429" w="14" h="104" d="654" o="" />
		<t id="f_t_r" x="2195" y="1387" w="14" h="104" d="669" o="" />
		<t id="f_t_r" x="4737" y="1386" w="14" h="104" d="713" o="" />
		<t id="g" x="6099" y="772" w="44" h="335" d="1253" o="30" />
		<t id="icebumblebee" x="3706" y="1317" w="55" h="64" d="1392" o="" />
		<t id="icebumblebee" x="4111" y="869" w="55" h="64" d="1414" o="" />
		<t id="icebumblebee" x="4485" y="1041" w="55" h="64" d="1434" o="" />
		<t id="icebumblebee" x="4605" y="1100" w="55" h="64" d="1450" o="" />
		<t id="icebumblebee" x="5097" y="1096" w="55" h="64" d="1492" o="" />
		<t id="icebumblebee" x="5136" y="1334" w="55" h="64" d="1508" o="" />
		<t id="icebumblebee" x="5276" y="1264" w="55" h="64" d="1524" o="" />
		<t id="icebumblebee" x="5728" y="767" w="55" h="64" d="1540" o="" />
		<t id="orange" x="1500" y="1215" w="48" h="38" d="1318" o="0" />
		<t id="orange" x="2131" y="1177" w="48" h="38" d="1342" o="0" />
		<t id="orange" x="2728" y="1382" w="48" h="38" d="1368" o="0" />
		<t id="orange" x="4022" y="1072" w="48" h="38" d="1410" o="0" />
		<t id="orange" x="4859" y="1382" w="48" h="38" d="1472" o="0" />
		<t id="p_c_l" x="1111" y="1313" w="70" h="47" d="1071" o="40" />
		<t id="p_c_l" x="1381" y="1276" w="70" h="47" d="1075" o="40" />
		<t id="p_c_l" x="1718" y="1294" w="70" h="47" d="1079" o="40" />
		<t id="p_c_l" x="1881" y="1272" w="70" h="47" d="1083" o="40" />
		<t id="p_c_l" x="2536" y="1333" w="70" h="47" d="1087" o="40" />
		<t id="p_c_l" x="2684" y="1307" w="70" h="47" d="1091" o="40" />
		<t id="p_c_l" x="2818" y="1261" w="70" h="47" d="1097" o="40" />
		<t id="p_c_l" x="3530" y="1265" w="70" h="47" d="1101" o="40" />
		<t id="p_c_l" x="3641" y="1319" w="70" h="47" d="1105" o="40" />
		<t id="p_c_l" x="3711" y="1165" w="70" h="47" d="1113" o="40" />
		<t id="p_c_l" x="3781" y="1257" w="70" h="47" d="1109" o="40" />
		<t id="p_c_l" x="3813" y="1106" w="70" h="47" d="1117" o="40" />
		<t id="p_c_l" x="4034" y="907" w="70" h="47" d="1121" o="40" />
		<t id="p_c_l" x="4206" y="846" w="70" h="47" d="1125" o="40" />
		<t id="p_c_l" x="4269" y="951" w="70" h="47" d="1129" o="40" />
		<t id="p_c_l" x="4460" y="1325" w="70" h="47" d="1141" o="40" />
		<t id="p_c_l" x="4483" y="1135" w="70" h="47" d="1133" o="40" />
		<t id="p_c_l" x="4561" y="1251" w="70" h="47" d="1137" o="40" />
		<t id="p_c_l" x="4769" y="1311" w="70" h="47" d="1145" o="40" />
		<t id="p_c_l" x="5050" y="1308" w="70" h="47" d="1159" o="40" />
		<t id="p_c_l" x="5260" y="1019" w="70" h="47" d="1155" o="40" />
		<t id="p_c_l" x="5508" y="912" w="70" h="47" d="1163" o="40" />
		<t id="p_c_v1_s" x="4929" y="1220" w="105" h="158" d="1065" o="" />
		<t id="p_c_v1_s" x="5205" y="1167" w="105" h="158" d="1149" o="" />
		<t id="p_c_v1_s" x="5605" y="768" w="105" h="158" d="1167" o="" />
		<t id="p_c_v2_s" x="5038" y="1169" w="105" h="158" d="1057" o="" />
		<t id="pinku" x="1291" y="1384" w="48" h="34" d="1326" o="0" />
		<t id="pinku" x="1748" y="1384" w="48" h="34" d="1338" o="0" />
		<t id="pinku" x="2147" y="1276" w="48" h="34" d="1358" o="0" />
		<t id="pinku" x="2600" y="1383" w="48" h="34" d="1372" o="0" />
		<t id="pinku" x="3010" y="1106" w="48" h="34" d="1380" o="0" />
		<t id="pinku" x="3565" y="1384" w="48" h="34" d="1388" o="0" />
		<t id="pinku" x="4217" y="1072" w="48" h="34" d="1430" o="0" />
		<t id="pinku" x="4661" y="1172" w="48" h="34" d="1488" o="0" />
		<t id="pinku" x="5053" y="1383" w="48" h="34" d="1476" o="0" />
		<t id="pinku" x="5565" y="971" w="48" h="34" d="1556" o="0" />
		<t id="pinku" x="581" y="1384" w="48" h="34" d="1310" o="0" />
		<t id="purpu" x="1178" y="1175" w="48" h="38" d="1564" o="0" />
		<t id="purpu" x="1376" y="1384" w="48" h="38" d="1332" o="0" />
		<t id="purpu" x="2025" y="1172" w="48" h="38" d="1350" o="0" />
		<t id="purpu" x="2344" y="1381" w="48" h="38" d="1364" o="0" />
		<t id="purpu" x="3252" y="1176" w="48" h="38" d="1384" o="0" />
		<t id="purpu" x="4613" y="1381" w="48" h="38" d="1468" o="0" />
		<t id="purpu" x="860" y="1381" w="48" h="38" d="1314" o="0" />
		<t id="s_b_l" x="2887" y="1490" w="121" h="105" d="809" o="30" />
		<t id="s_b_l" x="3854" y="1490" w="121" h="105" d="861" o="30" />
		<t id="s_b_l" x="5302" y="1490" w="121" h="105" d="927" o="30" />
		<t id="s_b_l_t" x="5783" y="1077" w="121" h="105" d="982" o="30" />
		<t id="s_b_r" x="3492" y="1490" w="121" h="105" d="852" o="30" />
		<t id="s_b_r" x="4458" y="1490" w="121" h="105" d="918" o="30" />
		<t id="s_b_s" x="1082" y="1442" w="121" h="57" d="764" o="30" />
		<t id="s_b_s" x="1202" y="1442" w="121" h="57" d="767" o="30" />
		<t id="s_b_s" x="121" y="1442" w="121" h="57" d="738" o="30" />
		<t id="s_b_s" x="1323" y="1442" w="121" h="57" d="770" o="30" />
		<t id="s_b_s" x="1443" y="1442" w="121" h="57" d="773" o="30" />
		<t id="s_b_s" x="1563" y="1442" w="121" h="57" d="776" o="30" />
		<t id="s_b_s" x="1684" y="1442" w="121" h="57" d="779" o="30" />
		<t id="s_b_s" x="1805" y="1442" w="121" h="57" d="782" o="30" />
		<t id="s_b_s" x="1925" y="1442" w="121" h="57" d="785" o="30" />
		<t id="s_b_s" x="2045" y="1442" w="121" h="57" d="788" o="30" />
		<t id="s_b_s" x="2165" y="1442" w="121" h="57" d="791" o="30" />
		<t id="s_b_s" x="2286" y="1442" w="121" h="57" d="794" o="30" />
		<t id="s_b_s" x="2406" y="1442" w="121" h="57" d="797" o="30" />
		<t id="s_b_s" x="241" y="1442" w="121" h="57" d="741" o="30" />
		<t id="s_b_s" x="2526" y="1442" w="121" h="57" d="800" o="30" />
		<t id="s_b_s" x="2646" y="1442" w="121" h="57" d="803" o="30" />
		<t id="s_b_s" x="2766" y="1442" w="121" h="57" d="806" o="30" />
		<t id="s_b_s" x="361" y="1442" w="121" h="57" d="744" o="30" />
		<t id="s_b_s" x="3613" y="1442" w="121" h="57" d="855" o="30" />
		<t id="s_b_s" x="3733" y="1442" w="121" h="57" d="858" o="30" />
		<t id="s_b_s" x="4579" y="1442" w="121" h="57" d="921" o="30" />
		<t id="s_b_s" x="4699" y="1442" w="121" h="57" d="924" o="30" />
		<t id="s_b_s" x="481" y="1442" w="121" h="57" d="747" o="30" />
		<t id="s_b_s" x="4820" y="1442" w="121" h="57" d="930" o="30" />
		<t id="s_b_s" x="4940" y="1442" w="121" h="57" d="933" o="30" />
		<t id="s_b_s" x="5060" y="1442" w="121" h="57" d="936" o="30" />
		<t id="s_b_s" x="5181" y="1442" w="121" h="57" d="939" o="30" />
		<t id="s_b_s" x="602" y="1442" w="121" h="57" d="750" o="30" />
		<t id="s_b_s" x="722" y="1442" w="121" h="57" d="753" o="30" />
		<t id="s_b_s" x="842" y="1442" w="121" h="57" d="756" o="30" />
		<t id="s_b_s" x="962" y="1442" w="121" h="57" d="761" o="30" />
		<t id="s_b_t" x="3008" y="1282" w="121" h="105" d="818" o="30" />
		<t id="s_b_t" x="3129" y="1282" w="121" h="105" d="825" o="30" />
		<t id="s_b_t" x="3250" y="1282" w="121" h="105" d="832" o="30" />
		<t id="s_b_t" x="3371" y="1282" w="121" h="105" d="839" o="30" />
		<t id="s_b_t" x="3975" y="1181" w="121" h="105" d="867" o="30" />
		<t id="s_b_t" x="4096" y="1181" w="121" h="105" d="882" o="30" />
		<t id="s_b_t" x="4217" y="1181" w="121" h="105" d="891" o="30" />
		<t id="s_b_t" x="4337" y="1181" w="121" h="105" d="900" o="30" />
		<t id="s_b_t" x="5423" y="1077" w="121" h="105" d="957" o="30" />
		<t id="s_b_t" x="5543" y="1077" w="121" h="105" d="733" o="30" />
		<t id="s_b_t" x="5663" y="1077" w="121" h="105" d="971" o="30" />
		<t id="s_b_t" x="5904" y="870" w="121" h="105" d="987" o="30" />
		<t id="s_b_t" x="6025" y="870" w="121" h="105" d="992" o="30" />
		<t id="s_b_t" x="6146" y="870" w="121" h="105" d="997" o="30" />
		<t id="s_b_t" x="6267" y="870" w="121" h="105" d="1008" o="30" />
		<t id="s_l_s" x="2887" y="1386" w="23" h="104" d="815" o="30" />
		<t id="s_l_s" x="3854" y="1285" w="23" h="104" d="874" o="30" />
		<t id="s_l_s" x="3854" y="1386" w="23" h="104" d="864" o="30" />
		<t id="s_l_s" x="5302" y="1181" w="23" h="104" d="960" o="30" />
		<t id="s_l_s" x="5302" y="1285" w="23" h="104" d="947" o="30" />
		<t id="s_l_s" x="5302" y="1386" w="23" h="104" d="942" o="30" />
		<t id="s_l_s" x="5783" y="973" w="23" h="104" d="1005" o="30" />
		<t id="s_l_t" x="2887" y="1282" w="22" h="104" d="812" o="30" />
		<t id="s_l_t" x="3854" y="1181" w="22" h="104" d="877" o="30" />
		<t id="s_l_t" x="5302" y="1077" w="22" h="104" d="950" o="30" />
		<t id="s_l_t" x="5783" y="870" w="22" h="104" d="1002" o="30" />
		<t id="s_r_s" x="3391" y="1386" w="23" h="104" d="849" o="30" />
		<t id="s_r_s" x="4357" y="1285" w="23" h="104" d="912" o="30" />
		<t id="s_r_s" x="4357" y="1389" w="23" h="104" d="915" o="30" />
		<t id="s_r_t" x="3393" y="1282" w="23" h="104" d="846" o="30" />
		<t id="s_r_t" x="4359" y="1181" w="23" h="104" d="909" o="30" />
		<t id="t1_b" x="3008" y="1386" w="121" h="104" d="821" o="" />
		<t id="t1_b" x="3129" y="1386" w="121" h="104" d="828" o="" />
		<t id="t1_b" x="3250" y="1386" w="121" h="104" d="835" o="" />
		<t id="t1_b" x="3371" y="1386" w="121" h="104" d="842" o="" />
		<t id="t1_b" x="3975" y="1285" w="121" h="104" d="880" o="" />
		<t id="t1_b" x="3975" y="1386" w="121" h="104" d="870" o="" />
		<t id="t1_b" x="4096" y="1285" w="121" h="104" d="889" o="" />
		<t id="t1_b" x="4096" y="1386" w="121" h="104" d="885" o="" />
		<t id="t1_b" x="4217" y="1285" w="121" h="104" d="898" o="" />
		<t id="t1_b" x="4217" y="1386" w="121" h="104" d="894" o="" />
		<t id="t1_b" x="4337" y="1285" w="121" h="104" d="907" o="" />
		<t id="t1_b" x="4337" y="1386" w="121" h="104" d="903" o="" />
		<t id="t1_b" x="5423" y="1181" w="121" h="104" d="963" o="" />
		<t id="t1_b" x="5423" y="1285" w="121" h="104" d="953" o="" />
		<t id="t1_b" x="5423" y="1386" w="121" h="104" d="945" o="" />
		<t id="t1_b" x="5543" y="1181" w="121" h="104" d="736" o="" />
		<t id="t1_b" x="5543" y="1285" w="121" h="104" d="729" o="" />
		<t id="t1_b" x="5543" y="1386" w="121" h="104" d="727" o="" />
		<t id="t1_b" x="5663" y="1181" w="121" h="104" d="974" o="" />
		<t id="t1_b" x="5663" y="1285" w="121" h="104" d="967" o="" />
		<t id="t1_b" x="5663" y="1386" w="121" h="104" d="965" o="" />
		<t id="t1_b" x="5783" y="1181" w="121" h="104" d="985" o="" />
		<t id="t1_b" x="5783" y="1285" w="121" h="104" d="978" o="" />
		<t id="t1_b" x="5783" y="1386" w="121" h="104" d="976" o="" />
		<t id="t1_b" x="5904" y="1078" w="121" h="104" d="1578" o="" />
		<t id="t1_b" x="5904" y="1178" w="121" h="104" d="1588" o="" />
		<t id="t1_b" x="5904" y="1278" w="121" h="104" d="1598" o="" />
		<t id="t1_b" x="5904" y="1381" w="121" h="104" d="1608" o="" />
		<t id="t1_b" x="5904" y="974" w="121" h="104" d="990" o="" />
		<t id="t1_b" x="6025" y="1078" w="121" h="104" d="1580" o="" />
		<t id="t1_b" x="6025" y="1178" w="121" h="104" d="1590" o="" />
		<t id="t1_b" x="6025" y="1278" w="121" h="104" d="1600" o="" />
		<t id="t1_b" x="6025" y="1381" w="121" h="104" d="1610" o="" />
		<t id="t1_b" x="6025" y="974" w="121" h="104" d="995" o="" />
		<t id="t1_b" x="6146" y="1078" w="121" h="104" d="1582" o="" />
		<t id="t1_b" x="6146" y="1178" w="121" h="104" d="1592" o="" />
		<t id="t1_b" x="6146" y="1278" w="121" h="104" d="1602" o="" />
		<t id="t1_b" x="6146" y="1381" w="121" h="104" d="1612" o="" />
		<t id="t1_b" x="6146" y="974" w="121" h="104" d="1000" o="" />
		<t id="t1_b" x="6267" y="1078" w="121" h="104" d="1584" o="" />
		<t id="t1_b" x="6267" y="1178" w="121" h="104" d="1594" o="" />
		<t id="t1_b" x="6267" y="1278" w="121" h="104" d="1604" o="" />
		<t id="t1_b" x="6267" y="1381" w="121" h="104" d="1614" o="" />
		<t id="t1_b" x="6267" y="974" w="121" h="104" d="1011" o="" />
		<t id="t2_b" x="1230" y="1386" w="121" h="104" d="617" o="" />
		<t id="t2_b" x="1577" y="1429" w="121" h="104" d="641" o="" />
		<t id="t2_b" x="2061" y="1387" w="121" h="104" d="656" o="" />
		<t id="t2_b" x="2181" y="1387" w="121" h="104" d="671" o="" />
		<t id="t2_b" x="3008" y="1490" w="121" h="104" d="823" o="" />
		<t id="t2_b" x="3129" y="1490" w="121" h="104" d="830" o="" />
		<t id="t2_b" x="3250" y="1490" w="121" h="104" d="837" o="" />
		<t id="t2_b" x="3371" y="1490" w="121" h="104" d="844" o="" />
		<t id="t2_b" x="3975" y="1490" w="121" h="104" d="872" o="" />
		<t id="t2_b" x="4096" y="1490" w="121" h="104" d="887" o="" />
		<t id="t2_b" x="4217" y="1490" w="121" h="104" d="896" o="" />
		<t id="t2_b" x="4337" y="1490" w="121" h="104" d="905" o="" />
		<t id="t2_b" x="4723" y="1386" w="121" h="104" d="700" o="" />
		<t id="t2_b" x="5423" y="1490" w="121" h="104" d="955" o="" />
		<t id="t2_b" x="5543" y="1490" w="121" h="104" d="731" o="" />
		<t id="t2_b" x="5663" y="1490" w="121" h="104" d="969" o="" />
		<t id="t2_b" x="5783" y="1490" w="121" h="104" d="980" o="" /> 
	</layer>
</level>
