<?xml version="1.0" encoding="UTF-8"?>
<level background="eggrocks" music="track01" effects="lake" sx="126" sy="621" d="1248">
	<layer name="base" source="lake.swf" x="0" y="0" width="7577" height="809">
		<t id="b1_b_e_l" x="4478" y="720" w="28" h="78" d="654" o="700" />
		<t id="b1_b_e_r" x="4861" y="665" w="28" h="106" d="637" o="30" />
		<t id="b1_b_l" x="4597" y="720" w="127" h="105" d="640" o="700" />
		<t id="b1_b_l" x="4716" y="692" w="127" h="105" d="649" o="700" />
		<t id="b1_b_l" x="4835" y="664" w="127" h="105" d="657" o="700" />
		<t id="b1_t_e_l" x="5704" y="561" w="27" h="104" d="671" o="30" />
		<t id="b1_t_e_l" x="5704" y="665" w="27" h="104" d="683" o="30" />
		<t id="b1_t_e_l" x="5799" y="633" w="27" h="104" d="687" o="30" />
		<t id="b1_t_e_l" x="5799" y="737" w="27" h="104" d="695" o="30" />
		<t id="b1_t_e_r" x="5730" y="588" w="27" h="104" d="673" o="30" />
		<t id="b1_t_e_r" x="5730" y="692" w="27" h="104" d="685" o="30" />
		<t id="b1_t_e_r" x="5825" y="660" w="27" h="104" d="689" o="30" />
		<t id="b1_t_e_r" x="5825" y="764" w="27" h="104" d="697" o="30" />
		<t id="b2_b_e_l" x="3325" y="766" w="28" h="78" d="665" o="30" />
		<t id="b2_b_e_r" x="3471" y="821" w="28" h="106" d="668" o="30" />
		<t id="b2_b_r" x="3444" y="793" w="127" h="105" d="662" o="30" />
		<t id="b2_t_e_l" x="4280" y="851" w="27" h="104" d="703" o="30" />
		<t id="b2_t_e_l" x="4450" y="771" w="27" h="104" d="617" o="30" />
		<t id="b2_t_e_l" x="4478" y="823" w="27" h="104" d="643" o="30" />
		<t id="b2_t_e_l" x="4664" y="709" w="27" h="104" d="625" o="30" />
		<t id="b2_t_e_l" x="5704" y="767" w="27" h="104" d="679" o="30" />
		<t id="b2_t_e_l" x="5799" y="839" w="27" h="104" d="699" o="30" />
		<t id="b2_t_e_r" x="4306" y="878" w="27" h="104" d="705" o="30" />
		<t id="b2_t_e_r" x="4476" y="798" w="27" h="104" d="619" o="30" />
		<t id="b2_t_e_r" x="4690" y="736" w="27" h="104" d="627" o="30" />
		<t id="b2_t_e_r" x="4861" y="768" w="27" h="104" d="645" o="30" />
		<t id="b2_t_e_r" x="5730" y="794" w="27" h="104" d="681" o="30" />
		<t id="b2_t_e_r" x="5825" y="866" w="27" h="104" d="701" o="30" />
		<t id="b2_t_l" x="4597" y="823" w="119" h="104" d="647" o="30" />
		<t id="b2_t_l" x="4716" y="796" w="119" h="104" d="652" o="30" />
		<t id="b2_t_l" x="4835" y="768" w="119" h="104" d="660" o="30" />
		<t id="b_s" x="4306" y="774" w="54" h="105" d="707" o="30" />
		<t id="b_s" x="4476" y="694" w="54" h="105" d="621" o="30" />
		<t id="b_s" x="4690" y="632" w="54" h="105" d="629" o="30" />
		<t id="b_s" x="5730" y="484" w="54" h="105" d="675" o="30" />
		<t id="b_s" x="5825" y="556" w="54" h="105" d="691" o="30" />
		<t id="be" x="1166" y="749" w="42" h="95" d="1206" o="100" />
		<t id="be" x="1326" y="749" w="42" h="95" d="1202" o="100" />
		<t id="be" x="1553" y="749" w="42" h="95" d="1190" o="100" />
		<t id="be" x="1826" y="749" w="42" h="95" d="1194" o="100" />
		<t id="be" x="2186" y="749" w="42" h="95" d="1219" o="100" />
		<t id="be" x="2346" y="749" w="42" h="95" d="1215" o="100" />
		<t id="be" x="3557" y="750" w="42" h="95" d="1135" o="100" />
		<t id="be" x="3717" y="746" w="42" h="95" d="1139" o="100" />
		<t id="be" x="3828" y="739" w="42" h="95" d="1159" o="100" />
		<t id="be" x="4120" y="741" w="42" h="95" d="1155" o="100" />
		<t id="bh" x="18" y="623" w="105" h="309" d="1250" o="" />
		<t id="bh" x="7652" y="604" w="105" h="309" d="774" o="" />
		<t id="c" x="1437" y="588" w="23" h="24" d="1083" o="" />
		<t id="c" x="1477" y="628" w="23" h="24" d="1087" o="" />
		<t id="c" x="2181" y="445" w="23" h="24" d="1031" o="" />
		<t id="c" x="2221" y="485" w="23" h="24" d="1035" o="" />
		<t id="c" x="2917" y="659" w="23" h="24" d="1099" o="" />
		<t id="c" x="2959" y="619" w="23" h="24" d="1091" o="" />
		<t id="c" x="2999" y="659" w="23" h="24" d="1095" o="" />
		<t id="c" x="3726" y="605" w="23" h="24" d="1115" o="" />
		<t id="c" x="3775" y="556" w="23" h="24" d="1111" o="" />
		<t id="c" x="3824" y="605" w="23" h="24" d="1023" o="" />
		<t id="c" x="4709" y="698" w="23" h="24" d="1039" o="" />
		<t id="c" x="4758" y="663" w="23" h="24" d="1043" o="" />
		<t id="c" x="5200" y="496" w="23" h="24" d="1107" o="" />
		<t id="c" x="5250" y="458" w="23" h="24" d="1103" o="" />
		<t id="c" x="5766" y="269" w="23" h="24" d="1127" o="" />
		<t id="c" x="5808" y="229" w="23" h="24" d="1119" o="" />
		<t id="c" x="5848" y="269" w="23" h="24" d="1123" o="" />
		<t id="c" x="6099" y="656" w="23" h="24" d="1051" o="" />
		<t id="c" x="6149" y="706" w="23" h="24" d="1055" o="" />
		<t id="c" x="6614" y="428" w="23" h="24" d="1067" o="" />
		<t id="c" x="6663" y="372" w="23" h="24" d="1063" o="" />
		<t id="c" x="900" y="449" w="23" h="24" d="1079" o="" />
		<t id="c" x="942" y="409" w="23" h="24" d="1071" o="" />
		<t id="c" x="982" y="449" w="23" h="24" d="1075" o="" />
		<t id="d_eb" x="2533" y="836" w="80" h="168" d="860" o="" />
		<t id="d_eb" x="3197" y="879" w="80" h="168" d="1011" o="" />
		<t id="d_eb" x="4437" y="889" w="80" h="168" d="743" o="" />
		<t id="d_eb" x="5367" y="782" w="80" h="168" d="867" o="" />
		<t id="d_eb" x="6233" y="769" w="80" h="168" d="978" o="" />
		<t id="d_eb" x="7006" y="803" w="80" h="168" d="750" o="" />
		<t id="d_eb" x="853" y="777" w="80" h="168" d="819" o="" />
		<t id="d_eb_b" x="1108" y="832" w="123" h="168" d="1169" o="" />
		<t id="d_eb_b" x="2070" y="834" w="123" h="168" d="1227" o="" />
		<t id="d_eb_b" x="2778" y="775" w="123" h="168" d="826" o="" />
		<t id="d_eb_b" x="5149" y="834" w="123" h="168" d="843" o="" />
		<t id="d_eb_b" x="5628" y="772" w="123" h="168" d="874" o="" />
		<t id="d_eb_b" x="5977" y="782" w="123" h="168" d="891" o="" />
		<t id="d_eb_b" x="623" y="815" w="123" h="168" d="798" o="" />
		<t id="d_eb_b" x="6512" y="773" w="123" h="168" d="967" o="" />
		<t id="d_eb_b" x="6808" y="847" w="123" h="168" d="985" o="" />
		<t id="d_kr1" x="71" y="621" w="18" h="16" d="1007" o="" />
		<t id="d_kr2" x="50" y="621" w="24" h="17" d="1009" o="" />
		<t id="d_sh1" x="7281" y="596" w="73" h="10" d="778" o="" />
		<t id="e" x="1857" y="504" w="17" h="16" d="1027" o="" />
		<t id="e" x="4576" y="423" w="17" h="16" d="1047" o="" />
		<t id="e" x="5950" y="348" w="17" h="16" d="1059" o="" />
		<t id="evilfish" x="1874" y="692" w="53" h="268" d="719" o="" />
		<t id="evilfish" x="3530" y="692" w="53" h="268" d="727" o="" />
		<t id="evilfish" x="3781" y="692" w="53" h="268" d="711" o="" />
		<t id="evilfish" x="6297" y="694" w="53" h="268" d="735" o="" />
		<t id="floe" x="1306" y="781" w="140" h="45" d="814" o="30" />
		<t id="floe" x="2326" y="781" w="140" h="45" d="1210" o="30" />
		<t id="floe" x="2748" y="787" w="140" h="45" d="1018" o="30" />
		<t id="floe" x="3697" y="787" w="140" h="45" d="764" o="30" />
		<t id="floe" x="4306" y="784" w="140" h="45" d="1002" o="30" />
		<t id="floe_b" x="1796" y="786" w="268" h="45" d="809" o="30" />
		<t id="floe_b" x="4076" y="791" w="268" h="45" d="769" o="30" />
		<t id="g" x="7388" y="602" w="44" h="335" d="934" o="30" />
		<t id="joggybear" x="4844" y="575" w="70" h="98" d="633" o="700" />
		<t id="orange" x="1228" y="737" w="32" h="34" d="1244" o="0" />
		<t id="orange" x="1777" y="735" w="32" h="34" d="1186" o="0" />
		<t id="orange" x="4061" y="740" w="32" h="34" d="1131" o="0" />
		<t id="orca" x="5129" y="879" w="243" h="180" d="1223" o="-60" />
		<t id="pinku" x="1625" y="735" w="32" h="34" d="1198" o="0" />
		<t id="pinku" x="2256" y="737" w="32" h="34" d="1143" o="0" />
		<t id="pinku" x="3609" y="745" w="32" h="34" d="1147" o="0" />
		<t id="purpu" x="3896" y="739" w="32" h="34" d="1151" o="0" />
		<t id="robbe" x="1397" y="786" w="65" h="45" d="1558" o="" />
		<t id="robbe" x="1489" y="786" w="65" h="45" d="1474" o="" />
		<t id="robbe" x="2903" y="786" w="65" h="45" d="1480" o="" />
		<t id="robbe" x="2968" y="786" w="65" h="45" d="1492" o="" />
		<t id="robbe" x="3034" y="786" w="65" h="45" d="1486" o="" />
		<t id="robbe" x="4579" y="786" w="65" h="45" d="1552" o="" />
		<t id="robbe" x="4697" y="786" w="65" h="45" d="1498" o="" />
		<t id="robbe" x="4813" y="786" w="65" h="45" d="1504" o="" />
		<t id="robbe" x="4937" y="786" w="65" h="45" d="1510" o="" />
		<t id="robbe" x="6086" y="784" w="65" h="45" d="1546" o="" />
		<t id="robbe" x="6163" y="784" w="65" h="45" d="1540" o="" />
		<t id="robbe" x="6233" y="784" w="65" h="45" d="1534" o="" />
		<t id="robbe" x="6359" y="784" w="65" h="45" d="1516" o="" />
		<t id="robbe" x="6483" y="784" w="65" h="45" d="1522" o="" />
		<t id="robbe" x="6612" y="784" w="65" h="45" d="1528" o="" />
		<t id="s_b_t" x="120" y="725" w="121" h="105" d="780" o="30" />
		<t id="s_b_t" x="241" y="725" w="121" h="105" d="761" o="30" />
		<t id="s_b_t" x="362" y="725" w="121" h="105" d="783" o="30" />
		<t id="s_b_t" x="7213" y="700" w="121" h="105" d="914" o="30" />
		<t id="s_b_t" x="7334" y="700" w="121" h="105" d="917" o="30" />
		<t id="s_b_t" x="7455" y="700" w="121" h="105" d="908" o="30" />
		<t id="s_b_t" x="7576" y="700" w="121" h="105" d="911" o="30" />
		<t id="s_l_t" x="7092" y="700" w="22" h="104" d="920" o="30" />
		<t id="s_l_t_s" x="7091" y="804" w="23" h="104" d="923" o="30" />
		<t id="s_r_t" x="384" y="725" w="23" h="104" d="786" o="30" />
		<t id="s_r_t_s" x="382" y="829" w="23" h="104" d="795" o="30" />
		<t id="speedy" x="1123" y="619" w="233" h="35" d="1180" o="35" />
		<t id="speedy" x="2119" y="622" w="233" h="35" d="1238" o="35" />
		<t id="speedy" x="2820" y="562" w="233" h="35" d="837" o="35" />
		<t id="speedy" x="5194" y="621" w="233" h="35" d="854" o="35" />
		<t id="speedy" x="5671" y="559" w="233" h="35" d="885" o="35" />
		<t id="speedy" x="6018" y="569" w="233" h="35" d="902" o="35" />
		<t id="speedy" x="666" y="602" w="233" h="35" d="1163" o="35" />
		<t id="speedy" x="6854" y="634" w="233" h="35" d="996" o="35" />
		<t id="t2_b" x="120" y="829" w="121" h="104" d="789" o="" />
		<t id="t2_b" x="241" y="829" w="121" h="104" d="791" o="" />
		<t id="t2_b" x="362" y="829" w="121" h="104" d="793" o="" />
		<t id="t2_b" x="7213" y="804" w="121" h="104" d="932" o="" />
		<t id="t2_b" x="7334" y="804" w="121" h="104" d="930" o="" />
		<t id="t2_b" x="7455" y="804" w="121" h="104" d="928" o="" />
		<t id="t2_b" x="7576" y="804" w="121" h="104" d="926" o="" />
		<t id="w" x="1102" y="818" w="120" h="54" d="1434" o="30" />
		<t id="w" x="1222" y="818" w="120" h="54" d="1438" o="30" />
		<t id="w" x="1342" y="818" w="120" h="54" d="1410" o="30" />
		<t id="w" x="1462" y="818" w="120" h="54" d="1414" o="30" />
		<t id="w" x="1582" y="818" w="120" h="54" d="1418" o="30" />
		<t id="w" x="1702" y="818" w="120" h="54" d="1422" o="30" />
		<t id="w" x="1822" y="818" w="120" h="54" d="1394" o="30" />
		<t id="w" x="1942" y="818" w="120" h="54" d="1398" o="30" />
		<t id="w" x="2062" y="818" w="120" h="54" d="1402" o="30" />
		<t id="w" x="2182" y="818" w="120" h="54" d="1406" o="30" />
		<t id="w" x="2302" y="818" w="120" h="54" d="1258" o="30" />
		<t id="w" x="2422" y="818" w="120" h="54" d="1262" o="30" />
		<t id="w" x="2542" y="818" w="120" h="54" d="1266" o="30" />
		<t id="w" x="2662" y="818" w="120" h="54" d="1318" o="30" />
		<t id="w" x="2782" y="818" w="120" h="54" d="1322" o="30" />
		<t id="w" x="2902" y="818" w="120" h="54" d="1326" o="30" />
		<t id="w" x="3022" y="818" w="120" h="54" d="1330" o="30" />
		<t id="w" x="3142" y="818" w="120" h="54" d="1334" o="30" />
		<t id="w" x="3262" y="818" w="120" h="54" d="1390" o="30" />
		<t id="w" x="3382" y="818" w="120" h="54" d="1386" o="30" />
		<t id="w" x="3502" y="818" w="120" h="54" d="1338" o="30" />
		<t id="w" x="3622" y="818" w="120" h="54" d="1342" o="30" />
		<t id="w" x="3742" y="818" w="120" h="54" d="1274" o="30" />
		<t id="w" x="3862" y="818" w="120" h="54" d="1270" o="30" />
		<t id="w" x="3982" y="818" w="120" h="54" d="1298" o="30" />
		<t id="w" x="4102" y="818" w="120" h="54" d="1294" o="30" />
		<t id="w" x="4222" y="818" w="120" h="54" d="6501" o="30" />
		<t id="w" x="4342" y="818" w="120" h="54" d="6500" o="30" />
		<t id="w" x="4462" y="818" w="120" h="54" d="1282" o="30" />
		<t id="w" x="4582" y="818" w="120" h="54" d="1278" o="30" />
		<t id="w" x="4702" y="818" w="120" h="54" d="1310" o="30" />
		<t id="w" x="4822" y="818" w="120" h="54" d="1306" o="30" />
		<t id="w" x="4942" y="818" w="120" h="54" d="1302" o="30" />
		<t id="w" x="502" y="818" w="120" h="54" d="1254" o="30" />
		<t id="w" x="5062" y="818" w="120" h="54" d="1314" o="30" />
		<t id="w" x="5182" y="818" w="120" h="54" d="1354" o="30" />
		<t id="w" x="5302" y="818" w="120" h="54" d="1350" o="30" />
		<t id="w" x="5422" y="818" w="120" h="54" d="1346" o="30" />
		<t id="w" x="5542" y="818" w="120" h="54" d="1382" o="30" />
		<t id="w" x="5662" y="818" w="120" h="54" d="6505" o="30" />
		<t id="w" x="5782" y="818" w="120" h="54" d="6504" o="30" />
		<t id="w" x="5902" y="818" w="120" h="54" d="6503" o="30" />
		<t id="w" x="6022" y="818" w="120" h="54" d="6502" o="30" />
		<t id="w" x="6142" y="818" w="120" h="54" d="1374" o="30" />
		<t id="w" x="622" y="818" w="120" h="54" d="1442" o="30" />
		<t id="w" x="6262" y="818" w="120" h="54" d="1358" o="30" />
		<t id="w" x="6382" y="818" w="120" h="54" d="1454" o="30" />
		<t id="w" x="6502" y="818" w="120" h="54" d="1458" o="30" />
		<t id="w" x="6622" y="818" w="120" h="54" d="1450" o="30" />
		<t id="w" x="6742" y="818" w="120" h="54" d="6506" o="30" />
		<t id="w" x="6862" y="818" w="120" h="54" d="1470" o="30" />
		<t id="w" x="6982" y="818" w="120" h="54" d="1462" o="30" />
		<t id="w" x="7102" y="818" w="120" h="54" d="757" o="30" />
		<t id="w" x="742" y="818" w="120" h="54" d="1446" o="30" />
		<t id="w" x="862" y="818" w="120" h="54" d="1426" o="30" />
		<t id="w" x="982" y="818" w="120" h="54" d="1430" o="30" />
		<t id="wackel_b" x="1184" y="663" w="305" h="225" d="1171" o="30" />
		<t id="wackel_b" x="2146" y="666" w="305" h="225" d="1229" o="30" />
		<t id="wackel_b" x="2851" y="607" w="305" h="225" d="828" o="30" />
		<t id="wackel_b" x="5222" y="665" w="305" h="225" d="845" o="30" />
		<t id="wackel_b" x="5701" y="603" w="305" h="225" d="876" o="30" />
		<t id="wackel_b" x="6051" y="613" w="305" h="225" d="893" o="30" />
		<t id="wackel_b" x="6588" y="603" w="305" h="225" d="969" o="30" />
		<t id="wackel_b" x="6884" y="678" w="305" h="225" d="987" o="30" />
		<t id="wackel_b" x="696" y="645" w="305" h="225" d="800" o="30" />
		<t id="wackel_s" x="2562" y="670" w="140" h="28" d="862" o="30" />
		<t id="wackel_s" x="3226" y="714" w="140" h="28" d="1013" o="30" />
		<t id="wackel_s" x="4466" y="723" w="140" h="28" d="745" o="30" />
		<t id="wackel_s" x="5397" y="616" w="140" h="28" d="869" o="30" />
		<t id="wackel_s" x="6262" y="603" w="140" h="28" d="980" o="30" />
		<t id="wackel_s" x="7035" y="637" w="140" h="28" d="752" o="30" />
		<t id="wackel_s" x="882" y="611" w="140" h="28" d="821" o="30" /> 
	</layer>
</level>
