<?xml version="1.0" encoding="UTF-8"?>
<level background="bluemountains" music="track03c" effects="mountains" sx="236" sy="1178" d="2145" sh="190">
	<layer name="base" source="mountains.swf" x="0" y="0" width="6466" height="1432">
		<t id="be" x="1106" y="1264" w="42" h="95" d="1622" o="100" />
		<t id="be" x="1557" y="1182" w="42" h="95" d="1594" o="100" />
		<t id="be" x="1927" y="1078" w="42" h="95" d="1596" o="100" />
		<t id="be" x="2413" y="1175" w="42" h="95" d="1624" o="100" />
		<t id="be" x="2877" y="867" w="42" h="95" d="1713" o="100" />
		<t id="be" x="3152" y="761" w="42" h="95" d="1492" o="100" />
		<t id="be" x="3202" y="761" w="42" h="95" d="1786" o="100" />
		<t id="be" x="3384" y="761" w="42" h="95" d="1788" o="100" />
		<t id="be" x="3874" y="528" w="42" h="95" d="1969" o="100" />
		<t id="be" x="3933" y="680" w="42" h="95" d="1983" o="100" />
		<t id="be" x="4165" y="528" w="42" h="95" d="1971" o="100" />
		<t id="be" x="4211" y="661" w="42" h="95" d="1981" o="100" />
		<t id="be" x="4815" y="759" w="42" h="95" d="2127" o="100" />
		<t id="be" x="507" y="1140" w="42" h="95" d="1494" o="100" />
		<t id="be" x="5295" y="759" w="42" h="95" d="2129" o="100" />
		<t id="be" x="5771" y="756" w="42" h="95" d="2143" o="100" />
		<t id="be" x="972" y="1179" w="42" h="95" d="1524" o="100" />
		<t id="bh" x="15" y="1186" w="105" h="309" d="742" o="" />
		<t id="bh" x="6538" y="656" w="105" h="309" d="744" o="" />
		<t id="c" x="1080" y="1225" w="23" h="24" d="1372" o="" />
		<t id="c" x="1130" y="1255" w="23" h="24" d="1376" o="" />
		<t id="c" x="1418" y="1119" w="23" h="24" d="1380" o="" />
		<t id="c" x="1468" y="1159" w="23" h="24" d="1384" o="" />
		<t id="c" x="1826" y="1032" w="23" h="24" d="1476" o="" />
		<t id="c" x="1876" y="992" w="23" h="24" d="1472" o="" />
		<t id="c" x="2428" y="1017" w="23" h="24" d="1400" o="" />
		<t id="c" x="2478" y="977" w="23" h="24" d="1396" o="" />
		<t id="c" x="2586" y="851" w="23" h="24" d="1388" o="" />
		<t id="c" x="2636" y="891" w="23" h="24" d="1392" o="" />
		<t id="c" x="2998" y="539" w="23" h="24" d="1404" o="" />
		<t id="c" x="3048" y="579" w="23" h="24" d="1408" o="" />
		<t id="c" x="3472" y="1018" w="23" h="24" d="1416" o="" />
		<t id="c" x="3522" y="978" w="23" h="24" d="1412" o="" />
		<t id="c" x="3663" y="1164" w="23" h="24" d="1420" o="" />
		<t id="c" x="3713" y="1204" w="23" h="24" d="1424" o="" />
		<t id="c" x="3993" y="631" w="23" h="24" d="1440" o="" />
		<t id="c" x="4043" y="591" w="23" h="24" d="1436" o="" />
		<t id="c" x="4872" y="359" w="23" h="24" d="1444" o="" />
		<t id="c" x="4922" y="399" w="23" h="24" d="1448" o="" />
		<t id="c" x="5375" y="328" w="23" h="24" d="1456" o="" />
		<t id="c" x="5425" y="288" w="23" h="24" d="1452" o="" />
		<t id="c" x="5549" y="504" w="23" h="24" d="1460" o="" />
		<t id="c" x="5599" y="544" w="23" h="24" d="1464" o="" />
		<t id="d_ir" x="2760" y="1176" w="181" h="105" d="1186" o="" />
		<t id="d_ir" x="5014" y="760" w="181" h="105" d="1182" o="" />
		<t id="d_ir" x="5683" y="759" w="181" h="105" d="1184" o="" />
		<t id="d_is1" x="1332" y="1384" w="10" h="6" d="1158" o="" />
		<t id="d_is1" x="2067" y="1176" w="10" h="6" d="1162" o="" />
		<t id="d_is1" x="2468" y="1176" w="10" h="6" d="1166" o="" />
		<t id="d_is1" x="3463" y="1384" w="10" h="6" d="1168" o="" />
		<t id="d_is1" x="347" y="1176" w="10" h="6" d="1154" o="" />
		<t id="d_is1" x="4579" y="760" w="10" h="6" d="1172" o="" />
		<t id="d_is1" x="4809" y="760" w="10" h="6" d="1174" o="" />
		<t id="d_is1" x="5117" y="760" w="10" h="6" d="1178" o="" />
		<t id="d_is1" x="77" y="1176" w="10" h="6" d="1152" o="" />
		<t id="d_is2" x="122" y="1176" w="22" h="11" d="1150" o="" />
		<t id="d_is2" x="1487" y="1384" w="22" h="11" d="1156" o="" />
		<t id="d_is2" x="2042" y="1176" w="22" h="11" d="1164" o="" />
		<t id="d_is2" x="2222" y="1176" w="22" h="11" d="1160" o="" />
		<t id="d_is2" x="3603" y="1384" w="22" h="11" d="1170" o="" />
		<t id="d_is2" x="4537" y="760" w="22" h="11" d="1176" o="" />
		<t id="d_is2" x="5335" y="760" w="22" h="11" d="1180" o="" />
		<t id="d_sh1" x="3305" y="760" w="73" h="10" d="1148" o="" />
		<t id="d_sh1" x="4116" y="527" w="73" h="10" d="1144" o="" />
		<t id="d_sh1" x="6164" y="656" w="73" h="10" d="746" o="" />
		<t id="d_sh2" x="4306" y="656" w="88" h="14" d="1146" o="" />
		<t id="e" x="2417" y="1141" w="26" h="24" d="1432" o="" />
		<t id="e" x="3693" y="1360" w="26" h="24" d="1428" o="" />
		<t id="e" x="5217" y="317" w="26" h="24" d="1468" o="" />
		<t id="eagle" x="2906" y="1072" w="575" h="262" d="1698" o="0" />
		<t id="eagle" x="3439" y="786" w="575" h="262" d="1747" o="0" />
		<t id="eagle" x="4319" y="603" w="575" h="262" d="1914" o="0" />
		<t id="eagle" x="5514" y="566" w="575" h="262" d="2097" o="0" />
		<t id="eagle" x="6202" y="651" w="575" h="262" d="2104" o="0" />
		<t id="f_b_t" x="4012" y="631" w="121" h="104" d="637" o="30" />
		<t id="f_b_t" x="4133" y="631" w="121" h="104" d="646" o="30" />
		<t id="f_l_t" x="3891" y="631" w="22" h="104" d="640" o="30" />
		<t id="f_r_t" x="4154" y="631" w="22" h="104" d="643" o="30" />
		<t id="f_s_b" x="1754" y="1063" w="41" h="25" d="669" o="30" />
		<t id="f_s_b" x="1838" y="985" w="41" h="25" d="674" o="30" />
		<t id="f_s_b" x="1930" y="938" w="41" h="25" d="679" o="30" />
		<t id="f_s_b" x="3074" y="773" w="41" h="25" d="617" o="30" />
		<t id="f_s_b" x="3268" y="710" w="41" h="25" d="622" o="30" />
		<t id="f_s_b" x="3490" y="1345" w="41" h="25" d="632" o="30" />
		<t id="f_s_b" x="3594" y="1323" w="41" h="25" d="627" o="30" />
		<t id="f_s_b" x="3823" y="694" w="41" h="25" d="657" o="30" />
		<t id="f_s_b" x="3873" y="612" w="41" h="25" d="662" o="30" />
		<t id="f_s_t" x="1746" y="1167" w="25" h="104" d="672" o="" />
		<t id="f_s_t" x="1830" y="1089" w="25" h="104" d="677" o="" />
		<t id="f_s_t" x="1922" y="1085" w="25" h="104" d="684" o="" />
		<t id="f_s_t" x="3066" y="877" w="25" h="104" d="620" o="" />
		<t id="f_s_t" x="3260" y="814" w="25" h="104" d="625" o="" />
		<t id="f_s_t" x="3482" y="1448" w="25" h="104" d="635" o="" />
		<t id="f_s_t" x="3586" y="1427" w="25" h="104" d="630" o="" />
		<t id="f_s_t" x="3815" y="798" w="25" h="104" d="660" o="" />
		<t id="f_s_t" x="3865" y="759" w="25" h="104" d="667" o="" />
		<t id="f_s_t_t" x="1922" y="1017" w="25" h="79" d="682" o="" />
		<t id="f_s_t_t" x="3865" y="691" w="25" h="79" d="665" o="" />
		<t id="f_t_l" x="3891" y="735" w="14" h="104" d="653" o="" />
		<t id="f_t_r" x="4147" y="735" w="14" h="104" d="651" o="" />
		<t id="g" x="6357" y="662" w="44" h="335" d="1339" o="30" />
		<t id="icebumblebee" x="1142" y="1222" w="55" h="64" d="1562" o="" />
		<t id="icebumblebee" x="1432" y="1233" w="55" h="64" d="1496" o="" />
		<t id="icebumblebee" x="1459" y="1356" w="55" h="64" d="1770" o="" />
		<t id="icebumblebee" x="1498" y="1076" w="55" h="64" d="1578" o="" />
		<t id="icebumblebee" x="2019" y="1037" w="55" h="64" d="1794" o="" />
		<t id="icebumblebee" x="2201" y="1078" w="55" h="64" d="1606" o="" />
		<t id="icebumblebee" x="2306" y="1175" w="55" h="64" d="1666" o="" />
		<t id="icebumblebee" x="2367" y="1004" w="55" h="64" d="1630" o="" />
		<t id="icebumblebee" x="2574" y="1122" w="55" h="64" d="1682" o="" />
		<t id="icebumblebee" x="2733" y="1024" w="55" h="64" d="1646" o="" />
		<t id="icebumblebee" x="2818" y="1175" w="55" h="64" d="1754" o="" />
		<t id="icebumblebee" x="3026" y="761" w="55" h="64" d="1731" o="" />
		<t id="icebumblebee" x="3201" y="764" w="55" h="64" d="1715" o="" />
		<t id="icebumblebee" x="3468" y="1229" w="55" h="64" d="1882" o="" />
		<t id="icebumblebee" x="3494" y="957" w="55" h="64" d="1826" o="" />
		<t id="icebumblebee" x="3566" y="770" w="55" h="64" d="1810" o="" />
		<t id="icebumblebee" x="3659" y="1248" w="55" h="64" d="1842" o="" />
		<t id="icebumblebee" x="3694" y="987" w="55" h="64" d="1898" o="" />
		<t id="icebumblebee" x="3722" y="1322" w="55" h="64" d="1858" o="" />
		<t id="icebumblebee" x="3880" y="715" w="55" h="64" d="1921" o="" />
		<t id="icebumblebee" x="3937" y="636" w="55" h="64" d="1953" o="" />
		<t id="icebumblebee" x="4240" y="657" w="55" h="64" d="1937" o="" />
		<t id="icebumblebee" x="4642" y="579" w="55" h="64" d="2033" o="" />
		<t id="icebumblebee" x="4902" y="579" w="55" h="64" d="1985" o="" />
		<t id="icebumblebee" x="495" y="1157" w="55" h="64" d="1526" o="" />
		<t id="icebumblebee" x="5033" y="399" w="55" h="64" d="2017" o="" />
		<t id="icebumblebee" x="5083" y="549" w="55" h="64" d="2001" o="" />
		<t id="icebumblebee" x="5324" y="433" w="55" h="64" d="2049" o="" />
		<t id="icebumblebee" x="5453" y="433" w="55" h="64" d="2065" o="" />
		<t id="icebumblebee" x="5588" y="304" w="55" h="64" d="2081" o="" />
		<t id="icebumblebee" x="5764" y="519" w="55" h="64" d="2111" o="" />
		<t id="icebumblebee" x="693" y="1005" w="55" h="64" d="1546" o="" />
		<t id="mammut_l" x="6011" y="755" w="1710" h="687" d="1480" o="" />
		<t id="orange" x="1267" y="1378" w="48" h="38" d="1542" o="0" />
		<t id="orange" x="2564" y="1172" w="48" h="38" d="1626" o="0" />
		<t id="orange" x="3309" y="754" w="48" h="38" d="1790" o="0" />
		<t id="orange" x="3949" y="524" w="48" h="38" d="1973" o="0" />
		<t id="orange" x="5549" y="758" w="48" h="38" d="2139" o="0" />
		<t id="orange" x="820" y="1121" w="48" h="38" d="1516" o="0" />
		<t id="p_c_h1_s" x="2817" y="1024" w="225" h="57" d="1252" o="" />
		<t id="p_c_h1_s" x="3738" y="1178" w="225" h="57" d="1303" o="" />
		<t id="p_c_h2_s" x="2539" y="935" w="225" h="57" d="1246" o="" />
		<t id="p_c_h2_s" x="3738" y="1238" w="225" h="57" d="1309" o="" />
		<t id="p_c_h2_s" x="5391" y="408" w="225" h="57" d="1329" o="" />
		<t id="p_c_l" x="1362" y="1244" w="70" h="43" d="1212" o="" />
		<t id="p_c_l" x="1531" y="1235" w="70" h="43" d="1232" o="" />
		<t id="p_c_l" x="2124" y="1033" w="70" h="43" d="1242" o="" />
		<t id="p_c_l" x="2446" y="1089" w="70" h="43" d="1262" o="" />
		<t id="p_c_l" x="2869" y="944" w="70" h="43" d="1279" o="" />
		<t id="p_c_l" x="3697" y="872" w="70" h="43" d="1315" o="" />
		<t id="p_c_l" x="5565" y="440" w="70" h="43" d="1335" o="" />
		<t id="p_c_l_b" x="2591" y="1024" w="109" h="44" d="1258" o="" />
		<t id="p_c_l_b" x="5269" y="510" w="109" h="44" d="1325" o="" />
		<t id="p_c_v1_s" x="3594" y="1020" w="105" h="158" d="1290" o="" />
		<t id="p_c_v1_s" x="4832" y="539" w="105" h="158" d="1319" o="" />
		<t id="p_c_v2_s" x="2312" y="1041" w="105" h="151" d="1216" o="" />
		<t id="p_c_v2_s" x="2976" y="722" w="105" h="151" d="1272" o="" />
		<t id="p_c_v2_s" x="3513" y="1180" w="105" h="151" d="1296" o="" />
		<t id="p_c_v2_s" x="3513" y="913" w="105" h="151" d="1283" o="" />
		<t id="pinku" x="1849" y="1072" w="48" h="34" d="1602" o="0" />
		<t id="pinku" x="3103" y="764" w="48" h="34" d="1705" o="0" />
		<t id="pinku" x="3648" y="1383" w="48" h="34" d="1874" o="0" />
		<t id="pinku" x="5136" y="759" w="48" h="34" d="2135" o="0" />
		<t id="pinku" x="902" y="1164" w="48" h="34" d="1512" o="0" />
		<t id="purpu" x="1013" y="1186" w="48" h="38" d="1520" o="0" />
		<t id="purpu" x="1674" y="1149" w="48" h="38" d="1598" o="0" />
		<t id="purpu" x="2138" y="1170" w="48" h="38" d="1662" o="0" />
		<t id="purpu" x="3007" y="827" w="48" h="38" d="1709" o="0" />
		<t id="purpu" x="3527" y="1381" w="48" h="38" d="1878" o="0" />
		<t id="purpu" x="4077" y="654" w="48" h="38" d="1977" o="0" />
		<t id="purpu" x="4687" y="755" w="48" h="38" d="2131" o="0" />
		<t id="s_b" x="1446" y="1488" w="121" h="105" d="1229" o="30" />
		<t id="s_b" x="3624" y="1488" w="121" h="105" d="726" o="30" />
		<t id="s_b_l" x="1567" y="1488" w="121" h="105" d="832" o="30" />
		<t id="s_b_l" x="3745" y="1488" w="121" h="105" d="713" o="30" />
		<t id="s_b_l_t" x="2898" y="1280" w="121" h="105" d="893" o="30" />
		<t id="s_b_l_t" x="6043" y="863" w="121" h="105" d="1108" o="30" />
		<t id="s_b_r" x="1325" y="1488" w="121" h="105" d="1226" o="30" />
		<t id="s_b_r" x="3503" y="1488" w="121" h="105" d="723" o="30" />
		<t id="s_b_r_t" x="2051" y="1280" w="121" h="105" d="1239" o="30" />
		<t id="s_b_r_t" x="4471" y="864" w="121" h="105" d="1046" o="30" />
		<t id="s_b_t" x="120" y="1280" w="121" h="105" d="739" o="30" />
		<t id="s_b_t" x="1930" y="1176" w="121" h="105" d="868" o="30" />
		<t id="s_b_t" x="2172" y="1280" w="121" h="105" d="875" o="30" />
		<t id="s_b_t" x="2293" y="1280" w="121" h="105" d="878" o="30" />
		<t id="s_b_t" x="240" y="1280" w="121" h="105" d="748" o="30" />
		<t id="s_b_t" x="2414" y="1280" w="121" h="105" d="881" o="30" />
		<t id="s_b_t" x="2535" y="1280" w="121" h="105" d="884" o="30" />
		<t id="s_b_t" x="2656" y="1280" w="121" h="105" d="887" o="30" />
		<t id="s_b_t" x="2777" y="1280" w="121" h="105" d="890" o="30" />
		<t id="s_b_t" x="3261" y="864" w="121" h="105" d="952" o="30" />
		<t id="s_b_t" x="3382" y="864" w="121" h="105" d="706" o="30" />
		<t id="s_b_t" x="360" y="1280" w="121" h="105" d="751" o="30" />
		<t id="s_b_t" x="4108" y="760" w="121" h="105" d="1009" o="30" />
		<t id="s_b_t" x="4229" y="760" w="121" h="105" d="701" o="30" />
		<t id="s_b_t" x="4350" y="760" w="121" h="105" d="1014" o="30" />
		<t id="s_b_t" x="4592" y="864" w="121" h="105" d="1019" o="30" />
		<t id="s_b_t" x="4713" y="864" w="121" h="105" d="1022" o="30" />
		<t id="s_b_t" x="4834" y="864" w="121" h="105" d="1025" o="30" />
		<t id="s_b_t" x="4955" y="864" w="121" h="105" d="1028" o="30" />
		<t id="s_b_t" x="5076" y="864" w="121" h="105" d="1031" o="30" />
		<t id="s_b_t" x="5197" y="864" w="121" h="105" d="1057" o="30" />
		<t id="s_b_t" x="5318" y="864" w="121" h="105" d="1060" o="30" />
		<t id="s_b_t" x="5439" y="864" w="121" h="105" d="1067" o="30" />
		<t id="s_b_t" x="5560" y="864" w="121" h="105" d="1070" o="30" />
		<t id="s_b_t" x="5681" y="864" w="121" h="105" d="686" o="30" />
		<t id="s_b_t" x="5802" y="864" w="121" h="105" d="691" o="30" />
		<t id="s_b_t" x="5923" y="864" w="121" h="105" d="694" o="30" />
		<t id="s_b_t" x="6165" y="760" w="121" h="105" d="1117" o="30" />
		<t id="s_b_t" x="6285" y="760" w="121" h="105" d="1127" o="30" />
		<t id="s_b_t" x="6406" y="760" w="121" h="105" d="1134" o="30" />
		<t id="s_b_t" x="6527" y="760" w="121" h="105" d="1141" o="30" />
		<t id="s_b_t" x="723" y="1176" w="121" h="105" d="773" o="30" />
		<t id="s_c_b_l" x="1688" y="1280" w="121" h="104" d="847" o="30" />
		<t id="s_c_b_l" x="3019" y="968" w="121" h="104" d="899" o="30" />
		<t id="s_c_b_l" x="3866" y="864" w="121" h="104" d="990" o="30" />
		<t id="s_c_b_l" x="481" y="1280" w="121" h="104" d="754" o="30" />
		<t id="s_c_b_r" x="1204" y="1384" w="121" h="104" d="812" o="30" />
		<t id="s_c_b_r" x="964" y="1280" w="121" h="104" d="793" o="30" />
		<t id="s_c_t_l" x="1809" y="1176" w="247" h="104" d="849" o="30" />
		<t id="s_c_t_l" x="3140" y="864" w="247" h="104" d="901" o="30" />
		<t id="s_c_t_l" x="3987" y="760" w="247" h="104" d="992" o="30" />
		<t id="s_c_t_l" x="602" y="1176" w="247" h="104" d="756" o="30" />
		<t id="s_c_t_r" x="1205" y="1280" w="247" h="104" d="797" o="30" />
		<t id="s_c_t_r" x="965" y="1176" w="247" h="104" d="776" o="30" />
		<t id="s_l_s" x="1567" y="1384" w="23" h="104" d="835" o="30" />
		<t id="s_l_s" x="2898" y="1072" w="23" h="104" d="923" o="30" />
		<t id="s_l_s" x="2898" y="1176" w="23" h="104" d="918" o="30" />
		<t id="s_l_s" x="3745" y="1072" w="23" h="104" d="977" o="30" />
		<t id="s_l_s" x="3745" y="1176" w="23" h="104" d="972" o="30" />
		<t id="s_l_s" x="3745" y="1280" w="23" h="104" d="967" o="30" />
		<t id="s_l_s" x="3745" y="1384" w="23" h="104" d="716" o="30" />
		<t id="s_l_s" x="3745" y="968" w="23" h="104" d="982" o="30" />
		<t id="s_l_t" x="1567" y="1280" w="22" h="104" d="838" o="30" />
		<t id="s_l_t" x="2898" y="968" w="22" h="104" d="896" o="30" />
		<t id="s_l_t" x="3745" y="864" w="22" h="104" d="987" o="30" />
		<t id="s_l_t" x="6044" y="760" w="22" h="104" d="1120" o="30" />
		<t id="s_r_s" x="3402" y="1072" w="23" h="104" d="1194" o="30" />
		<t id="s_r_s" x="3402" y="1176" w="23" h="104" d="1199" o="30" />
		<t id="s_r_s" x="3402" y="1280" w="23" h="104" d="1204" o="30" />
		<t id="s_r_s" x="3402" y="1384" w="23" h="104" d="1209" o="30" />
		<t id="s_r_s" x="3402" y="968" w="23" h="104" d="1191" o="30" />
		<t id="s_r_t" x="1226" y="1384" w="23" h="104" d="1223" o="30" />
		<t id="s_r_t" x="1952" y="1176" w="23" h="104" d="1236" o="30" />
		<t id="s_r_t" x="3404" y="864" w="23" h="104" d="1188" o="30" />
		<t id="s_r_t" x="4372" y="760" w="23" h="104" d="1097" o="30" />
		<t id="t1_b" x="1084" y="1384" w="121" h="104" d="814" o="" />
		<t id="t1_b" x="118" y="1384" w="121" h="104" d="830" o="" />
		<t id="t1_b" x="1688" y="1384" w="121" h="104" d="841" o="" />
		<t id="t1_b" x="1809" y="1280" w="121" h="104" d="864" o="" />
		<t id="t1_b" x="1809" y="1384" w="121" h="104" d="866" o="" />
		<t id="t1_b" x="1930" y="1280" w="121" h="104" d="871" o="" />
		<t id="t1_b" x="1930" y="1384" w="121" h="104" d="873" o="" />
		<t id="t1_b" x="2051" y="1384" w="121" h="104" d="930" o="" />
		<t id="t1_b" x="2172" y="1384" w="121" h="104" d="932" o="" />
		<t id="t1_b" x="2293" y="1384" w="121" h="104" d="934" o="" />
		<t id="t1_b" x="239" y="1384" w="121" h="104" d="828" o="" />
		<t id="t1_b" x="2414" y="1384" w="121" h="104" d="936" o="" />
		<t id="t1_b" x="2535" y="1384" w="121" h="104" d="938" o="" />
		<t id="t1_b" x="2656" y="1384" w="121" h="104" d="940" o="" />
		<t id="t1_b" x="2777" y="1384" w="121" h="104" d="942" o="" />
		<t id="t1_b" x="2898" y="1384" w="121" h="104" d="944" o="" />
		<t id="t1_b" x="3019" y="1072" w="121" h="104" d="926" o="" />
		<t id="t1_b" x="3019" y="1176" w="121" h="104" d="921" o="" />
		<t id="t1_b" x="3019" y="1280" w="121" h="104" d="928" o="" />
		<t id="t1_b" x="3019" y="1384" w="121" h="104" d="946" o="" />
		<t id="t1_b" x="3140" y="1072" w="121" h="104" d="948" o="" />
		<t id="t1_b" x="3140" y="1176" w="121" h="104" d="1266" o="" />
		<t id="t1_b" x="3140" y="1280" w="121" h="104" d="1268" o="" />
		<t id="t1_b" x="3140" y="1384" w="121" h="104" d="1270" o="" />
		<t id="t1_b" x="3140" y="968" w="121" h="104" d="916" o="" />
		<t id="t1_b" x="3261" y="1072" w="121" h="104" d="957" o="" />
		<t id="t1_b" x="3261" y="1176" w="121" h="104" d="961" o="" />
		<t id="t1_b" x="3261" y="1280" w="121" h="104" d="963" o="" />
		<t id="t1_b" x="3261" y="1384" w="121" h="104" d="965" o="" />
		<t id="t1_b" x="3261" y="968" w="121" h="104" d="955" o="" />
		<t id="t1_b" x="3382" y="1072" w="121" h="104" d="711" o="" />
		<t id="t1_b" x="3382" y="1176" w="121" h="104" d="1197" o="" />
		<t id="t1_b" x="3382" y="1280" w="121" h="104" d="1202" o="" />
		<t id="t1_b" x="3382" y="1384" w="121" h="104" d="1207" o="" />
		<t id="t1_b" x="3382" y="968" w="121" h="104" d="709" o="" />
		<t id="t1_b" x="359" y="1384" w="121" h="104" d="822" o="" />
		<t id="t1_b" x="3866" y="1072" w="121" h="104" d="980" o="" />
		<t id="t1_b" x="3866" y="1176" w="121" h="104" d="975" o="" />
		<t id="t1_b" x="3866" y="1280" w="121" h="104" d="970" o="" />
		<t id="t1_b" x="3866" y="1384" w="121" h="104" d="719" o="" />
		<t id="t1_b" x="3866" y="968" w="121" h="104" d="985" o="" />
		<t id="t1_b" x="3987" y="1072" w="121" h="104" d="1083" o="" />
		<t id="t1_b" x="3987" y="1176" w="121" h="104" d="1081" o="" />
		<t id="t1_b" x="3987" y="1280" w="121" h="104" d="1079" o="" />
		<t id="t1_b" x="3987" y="1384" w="121" h="104" d="1077" o="" />
		<t id="t1_b" x="3987" y="864" w="121" h="104" d="1007" o="" />
		<t id="t1_b" x="3987" y="968" w="121" h="104" d="1055" o="" />
		<t id="t1_b" x="4108" y="1072" w="121" h="104" d="1095" o="" />
		<t id="t1_b" x="4108" y="1176" w="121" h="104" d="1093" o="" />
		<t id="t1_b" x="4108" y="1280" w="121" h="104" d="1091" o="" />
		<t id="t1_b" x="4108" y="1384" w="121" h="104" d="1089" o="" />
		<t id="t1_b" x="4108" y="864" w="121" h="104" d="1012" o="" />
		<t id="t1_b" x="4108" y="968" w="121" h="104" d="1049" o="" />
		<t id="t1_b" x="4229" y="864" w="121" h="104" d="704" o="" />
		<t id="t1_b" x="4229" y="968" w="121" h="104" d="1051" o="" />
		<t id="t1_b" x="4350" y="864" w="121" h="104" d="1017" o="" />
		<t id="t1_b" x="4350" y="968" w="121" h="104" d="1053" o="" />
		<t id="t1_b" x="4471" y="968" w="121" h="104" d="1034" o="" />
		<t id="t1_b" x="4592" y="968" w="121" h="104" d="1036" o="" />
		<t id="t1_b" x="4713" y="968" w="121" h="104" d="1038" o="" />
		<t id="t1_b" x="480" y="1384" w="121" h="104" d="824" o="" />
		<t id="t1_b" x="4834" y="968" w="121" h="104" d="1040" o="" />
		<t id="t1_b" x="4955" y="968" w="121" h="104" d="1042" o="" />
		<t id="t1_b" x="5076" y="968" w="121" h="104" d="1044" o="" />
		<t id="t1_b" x="5197" y="968" w="121" h="104" d="1063" o="" />
		<t id="t1_b" x="5318" y="968" w="121" h="104" d="1065" o="" />
		<t id="t1_b" x="5439" y="968" w="121" h="104" d="1073" o="" />
		<t id="t1_b" x="5560" y="968" w="121" h="104" d="1075" o="" />
		<t id="t1_b" x="5681" y="968" w="121" h="104" d="689" o="" />
		<t id="t1_b" x="5802" y="1072" w="121" h="104" d="1100" o="" />
		<t id="t1_b" x="5802" y="1176" w="121" h="104" d="1104" o="" />
		<t id="t1_b" x="5802" y="968" w="121" h="104" d="697" o="" />
		<t id="t1_b" x="5923" y="1072" w="121" h="104" d="1102" o="" />
		<t id="t1_b" x="5923" y="1176" w="121" h="104" d="1106" o="" />
		<t id="t1_b" x="5923" y="968" w="121" h="104" d="699" o="" />
		<t id="t1_b" x="601" y="1384" w="121" h="104" d="826" o="" />
		<t id="t1_b" x="602" y="1280" w="121" h="104" d="771" o="" />
		<t id="t1_b" x="6043" y="967" w="121" h="104" d="1113" o="" />
		<t id="t1_b" x="6164" y="863" w="121" h="104" d="1111" o="" />
		<t id="t1_b" x="6164" y="967" w="121" h="104" d="1115" o="" />
		<t id="t1_b" x="6285" y="863" w="121" h="104" d="1123" o="" />
		<t id="t1_b" x="6285" y="967" w="121" h="104" d="1125" o="" />
		<t id="t1_b" x="6405" y="863" w="121" h="104" d="1130" o="" />
		<t id="t1_b" x="6406" y="967" w="121" h="104" d="1132" o="" />
		<t id="t1_b" x="6526" y="863" w="121" h="104" d="1137" o="" />
		<t id="t1_b" x="6527" y="967" w="121" h="104" d="1139" o="" />
		<t id="t1_b" x="722" y="1384" w="121" h="104" d="820" o="" />
		<t id="t1_b" x="723" y="1280" w="121" h="104" d="791" o="" />
		<t id="t1_b" x="842" y="1384" w="121" h="104" d="731" o="" />
		<t id="t1_b" x="844" y="1280" w="121" h="104" d="795" o="" />
		<t id="t1_b" x="963" y="1384" w="121" h="104" d="735" o="" />
		<t id="t2_b" x="1084" y="1488" w="121" h="104" d="818" o="" />
		<t id="t2_b" x="1204" y="1488" w="121" h="104" d="816" o="" />
		<t id="t2_b" x="1688" y="1488" w="121" h="104" d="843" o="" />
		<t id="t2_b" x="1809" y="1488" w="121" h="104" d="845" o="" />
		<t id="t2_b" x="3141" y="1488" w="121" h="104" d="950" o="" />
		<t id="t2_b" x="3261" y="1488" w="121" h="104" d="959" o="" />
		<t id="t2_b" x="3382" y="1488" w="121" h="104" d="729" o="" />
		<t id="t2_b" x="3866" y="1488" w="121" h="104" d="721" o="" />
		<t id="t2_b" x="3987" y="1488" w="121" h="104" d="1085" o="" />
		<t id="t2_b" x="4012" y="735" w="121" h="104" d="655" o="" />
		<t id="t2_b" x="4107" y="1488" w="121" h="104" d="1087" o="" />
		<t id="t2_b" x="4133" y="735" w="121" h="104" d="649" o="" />
		<t id="t2_b" x="842" y="1488" w="121" h="104" d="733" o="" />
		<t id="t2_b" x="963" y="1488" w="121" h="104" d="737" o="" /> 
	</layer>
</level>
