<?xml version="1.0" encoding="UTF-8"?>
<level background="bluemountains" music="track03c" effects="mountains" sx="211" sy="2402" d="1986" sh="190">
	<layer name="base" source="mountains.swf" x="0" y="0" width="6851" height="2708">
		<t id="b1_b_e_l" x="3061" y="2198" w="28" h="78" d="692" o="30" />
		<t id="b1_b_e_l" x="3571" y="2136" w="28" h="78" d="711" o="30" />
		<t id="b1_b_e_r" x="3207" y="2253" w="28" h="106" d="695" o="30" />
		<t id="b1_b_e_r" x="3836" y="2107" w="28" h="106" d="714" o="30" />
		<t id="b1_b_l" x="3690" y="2135" w="127" h="105" d="721" o="30" />
		<t id="b1_b_l" x="3809" y="2107" w="127" h="105" d="708" o="30" />
		<t id="b1_b_r" x="3180" y="2225" w="127" h="105" d="689" o="30" />
		<t id="b1_t_e_l" x="3571" y="2240" w="27" h="104" d="732" o="30" />
		<t id="b1_t_e_r" x="3836" y="2211" w="27" h="104" d="728" o="30" />
		<t id="b1_t_l" x="3690" y="2239" w="119" h="104" d="717" o="30" />
		<t id="b1_t_l" x="3809" y="2211" w="119" h="104" d="726" o="30" />
		<t id="b2_t_e_l" x="3061" y="2302" w="27" h="104" d="702" o="30" />
		<t id="b2_t_e_l" x="3571" y="2344" w="27" h="104" d="734" o="30" />
		<t id="b2_t_e_r" x="3207" y="2357" w="27" h="104" d="700" o="30" />
		<t id="b2_t_e_r" x="3835" y="2315" w="27" h="104" d="719" o="30" />
		<t id="b2_t_l" x="3690" y="2343" w="119" h="104" d="724" o="30" />
		<t id="b2_t_l" x="3809" y="2315" w="119" h="104" d="730" o="30" />
		<t id="b2_t_r" x="3180" y="2329" w="119" h="104" d="698" o="30" />
		<t id="b_s" x="3310" y="2332" w="54" h="105" d="704" o="30" />
		<t id="be" x="1079" y="2420" w="42" h="95" d="1578" o="100" />
		<t id="be" x="1391" y="2443" w="42" h="95" d="1572" o="100" />
		<t id="be" x="1455" y="2494" w="42" h="95" d="1584" o="100" />
		<t id="be" x="2122" y="2614" w="42" h="95" d="1650" o="100" />
		<t id="be" x="2742" y="2436" w="42" h="95" d="1656" o="100" />
		<t id="be" x="2907" y="2387" w="42" h="95" d="1666" o="100" />
		<t id="be" x="3555" y="2074" w="42" h="95" d="1682" o="100" />
		<t id="be" x="3617" y="2297" w="42" h="95" d="1776" o="100" />
		<t id="be" x="3840" y="2008" w="42" h="95" d="1680" o="100" />
		<t id="be" x="3867" y="2296" w="42" h="95" d="1752" o="100" />
		<t id="be" x="4334" y="2362" w="42" h="95" d="1770" o="100" />
		<t id="be" x="482" y="2484" w="42" h="95" d="1525" o="100" />
		<t id="be" x="4898" y="2607" w="42" h="95" d="1835" o="250" />
		<t id="be" x="4977" y="2446" w="42" h="95" d="1863" o="100" />
		<t id="be" x="5022" y="2200" w="42" h="95" d="1855" o="100" />
		<t id="be" x="5145" y="2447" w="42" h="95" d="1865" o="100" />
		<t id="be" x="5191" y="2201" w="42" h="95" d="1857" o="100" />
		<t id="be" x="5289" y="2611" w="42" h="95" d="1837" o="250" />
		<t id="be" x="5436" y="2405" w="42" h="95" d="1978" o="100" />
		<t id="be" x="5572" y="2407" w="42" h="95" d="1976" o="100" />
		<t id="be" x="5843" y="2616" w="42" h="95" d="1935" o="250" />
		<t id="be" x="6253" y="2616" w="42" h="95" d="1937" o="250" />
		<t id="be" x="6717" y="2613" w="42" h="95" d="1951" o="250" />
		<t id="be" x="985" y="2488" w="42" h="95" d="1531" o="100" />
		<t id="bh" x="29" y="2405" w="105" h="309" d="855" o="" />
		<t id="bh" x="6923" y="2614" w="105" h="309" d="857" o="" />
		<t id="c" x="1222" y="2297" w="23" h="24" d="1400" o="" />
		<t id="c" x="1891" y="2424" w="23" h="24" d="1404" o="" />
		<t id="c" x="2135" y="2500" w="23" h="24" d="1408" o="" />
		<t id="c" x="2318" y="2315" w="23" h="24" d="1412" o="" />
		<t id="c" x="2568" y="2490" w="23" h="24" d="1420" o="" />
		<t id="c" x="2700" y="2438" w="23" h="24" d="1432" o="" />
		<t id="c" x="2805" y="2386" w="23" h="24" d="1424" o="" />
		<t id="c" x="2928" y="2339" w="23" h="24" d="1428" o="" />
		<t id="c" x="3463" y="2103" w="23" h="24" d="1436" o="" />
		<t id="c" x="3591" y="2223" w="23" h="24" d="1440" o="" />
		<t id="c" x="3739" y="2100" w="23" h="24" d="1460" o="" />
		<t id="c" x="3766" y="1967" w="23" h="24" d="1444" o="" />
		<t id="c" x="3933" y="2057" w="23" h="24" d="1452" o="" />
		<t id="c" x="4055" y="1903" w="23" h="24" d="1448" o="" />
		<t id="c" x="4056" y="2104" w="23" h="24" d="1456" o="" />
		<t id="c" x="4383" y="2367" w="23" h="24" d="1468" o="" />
		<t id="c" x="4631" y="2470" w="23" h="24" d="1472" o="" />
		<t id="c" x="4819" y="2537" w="23" h="24" d="1464" o="" />
		<t id="c" x="5104" y="2087" w="23" h="24" d="1482" o="" />
		<t id="c" x="5522" y="2484" w="23" h="24" d="1486" o="" />
		<t id="c" x="6188" y="2270" w="23" h="24" d="1490" o="" />
		<t id="c" x="6254" y="2380" w="23" h="24" d="1494" o="" />
		<t id="c" x="682" y="2260" w="23" h="24" d="1392" o="" />
		<t id="c" x="781" y="2488" w="23" h="24" d="1396" o="" />
		<t id="d_sh1" x="1195" y="2402" w="73" h="10" d="1271" o="" />
		<t id="d_sh1" x="2209" y="2610" w="73" h="10" d="1247" o="" />
		<t id="d_sh1" x="3222" y="2298" w="73" h="10" d="803" o="" />
		<t id="d_sh1" x="4854" y="2401" w="73" h="10" d="799" o="" />
		<t id="d_sh1" x="5407" y="2408" w="73" h="10" d="795" o="" />
		<t id="d_sh1" x="6228" y="2478" w="73" h="10" d="791" o="" />
		<t id="d_sh1" x="6852" y="2610" w="73" h="10" d="657" o="" />
		<t id="d_sh1" x="687" y="2506" w="73" h="10" d="1273" o="" />
		<t id="d_sh2" x="150" y="2402" w="88" h="14" d="1984" o="" />
		<t id="d_sh2" x="3864" y="2298" w="88" h="14" d="801" o="" />
		<t id="d_sh2" x="5218" y="2610" w="88" h="14" d="797" o="" />
		<t id="d_sh2" x="6048" y="2610" w="88" h="14" d="793" o="" />
		<t id="d_sp" x="5417" y="2611" w="45" h="50" d="1245" o="" />
		<t id="e" x="2342" y="2578" w="26" h="24" d="1416" o="" />
		<t id="e" x="4048" y="2263" w="26" h="24" d="1498" o="" />
		<t id="eagle" x="1508" y="2448" w="606" h="262" d="1565" o="0" />
		<t id="eagle" x="2987" y="2469" w="606" h="262" d="1502" o="0" />
		<t id="eagle" x="4343" y="2006" w="606" h="262" d="1782" o="0" />
		<t id="eagle" x="5094" y="2441" w="606" h="262" d="1953" o="0" />
		<t id="ec" x="5677" y="2574" w="30" h="28" d="1476" o="" />
		<t id="f_b_t" x="4784" y="2504" w="121" h="104" d="637" o="30" />
		<t id="f_b_t" x="4905" y="2504" w="121" h="104" d="646" o="30" />
		<t id="f_b_t" x="5155" y="2298" w="121" h="104" d="756" o="30" />
		<t id="f_b_t" x="5415" y="2512" w="121" h="104" d="736" o="30" />
		<t id="f_b_t" x="5536" y="2512" w="121" h="104" d="745" o="30" />
		<t id="f_b_t" x="6115" y="2582" w="121" h="104" d="617" o="30" />
		<t id="f_b_t" x="6236" y="2582" w="121" h="104" d="626" o="30" />
		<t id="f_l" x="6336" y="2636" w="22" h="104" d="785" o="30" />
		<t id="f_l_t" x="2557" y="2530" w="22" h="104" d="668" o="30" />
		<t id="f_l_t" x="2689" y="2487" w="22" h="104" d="674" o="30" />
		<t id="f_l_t" x="2794" y="2430" w="22" h="104" d="680" o="30" />
		<t id="f_l_t" x="2918" y="2390" w="22" h="104" d="686" o="30" />
		<t id="f_l_t" x="4664" y="2504" w="22" h="104" d="640" o="30" />
		<t id="f_l_t" x="482" y="2522" w="22" h="104" d="662" o="30" />
		<t id="f_l_t" x="5034" y="2298" w="22" h="104" d="759" o="30" />
		<t id="f_l_t" x="5294" y="2512" w="22" h="104" d="739" o="30" />
		<t id="f_l_t" x="5994" y="2582" w="22" h="104" d="620" o="30" />
		<t id="f_r" x="6357" y="2636" w="22" h="104" d="788" o="30" />
		<t id="f_r_t" x="2579" y="2530" w="22" h="104" d="665" o="30" />
		<t id="f_r_t" x="2711" y="2487" w="22" h="104" d="671" o="30" />
		<t id="f_r_t" x="2816" y="2430" w="22" h="104" d="677" o="30" />
		<t id="f_r_t" x="2939" y="2390" w="22" h="104" d="683" o="30" />
		<t id="f_r_t" x="4927" y="2504" w="22" h="104" d="643" o="30" />
		<t id="f_r_t" x="504" y="2522" w="22" h="104" d="659" o="30" />
		<t id="f_r_t" x="5176" y="2298" w="22" h="104" d="762" o="30" />
		<t id="f_r_t" x="5558" y="2512" w="22" h="104" d="742" o="30" />
		<t id="f_r_t" x="6258" y="2582" w="22" h="104" d="623" o="30" />
		<t id="f_t_l" x="4664" y="2608" w="14" h="104" d="655" o="" />
		<t id="f_t_l" x="5034" y="2610" w="14" h="104" d="769" o="" />
		<t id="f_t_l" x="5294" y="2616" w="14" h="104" d="754" o="" />
		<t id="f_t_l" x="5994" y="2686" w="14" h="104" d="635" o="" />
		<t id="f_t_r" x="4919" y="2608" w="14" h="104" d="651" o="" />
		<t id="f_t_r" x="5168" y="2610" w="14" h="104" d="765" o="" />
		<t id="f_t_r" x="5550" y="2616" w="14" h="104" d="750" o="" />
		<t id="f_t_r" x="6250" y="2686" w="14" h="104" d="631" o="" />
		<t id="f_t_t_l" x="5034" y="2402" w="14" h="104" d="775" o="" />
		<t id="f_t_t_l" x="5034" y="2506" w="14" h="104" d="781" o="" />
		<t id="f_t_t_r" x="5168" y="2402" w="14" h="104" d="771" o="" />
		<t id="f_t_t_r" x="5168" y="2506" w="14" h="104" d="777" o="" />
		<t id="g" x="6755" y="2616" w="44" h="335" d="1359" o="30" />
		<t id="icebumblebee" x="2003" y="2442" w="55" h="64" d="1586" o="" />
		<t id="icebumblebee" x="2096" y="2374" w="55" h="64" d="1602" o="" />
		<t id="icebumblebee" x="2245" y="2357" w="55" h="64" d="1634" o="" />
		<t id="icebumblebee" x="2296" y="2443" w="55" h="64" d="1618" o="" />
		<t id="icebumblebee" x="3370" y="2048" w="55" h="64" d="1704" o="" />
		<t id="icebumblebee" x="3370" y="2118" w="55" h="64" d="1688" o="" />
		<t id="icebumblebee" x="3754" y="2227" w="55" h="64" d="1754" o="" />
		<t id="icebumblebee" x="3947" y="2171" w="55" h="64" d="1736" o="" />
		<t id="icebumblebee" x="4075" y="2027" w="55" h="64" d="1720" o="" />
		<t id="icebumblebee" x="4776" y="2506" w="55" h="64" d="1797" o="" />
		<t id="icebumblebee" x="4836" y="2486" w="55" h="64" d="1813" o="" />
		<t id="icebumblebee" x="5078" y="2339" w="55" h="64" d="1871" o="" />
		<t id="icebumblebee" x="5343" y="2511" w="55" h="64" d="1839" o="" />
		<t id="icebumblebee" x="5440" y="2406" w="55" h="64" d="1960" o="" />
		<t id="icebumblebee" x="6086" y="2399" w="55" h="64" d="1887" o="" />
		<t id="icebumblebee" x="6206" y="2399" w="55" h="64" d="1903" o="" />
		<t id="icebumblebee" x="6348" y="2329" w="55" h="64" d="1919" o="" />
		<t id="icebumblebee" x="697" y="2370" w="55" h="64" d="1509" o="" />
		<t id="icebumblebee" x="799" y="2444" w="55" h="64" d="1549" o="" />
		<t id="icebumblebee" x="875" y="2320" w="55" h="64" d="1533" o="" />
		<t id="mammut" x="3691" y="2293" w="740" h="263" d="1668" o="" />
		<t id="orange" x="2652" y="2472" w="48" h="38" d="1658" o="0" />
		<t id="orange" x="3746" y="2294" w="48" h="38" d="1778" o="0" />
		<t id="orange" x="4557" y="2446" w="48" h="38" d="1793" o="0" />
		<t id="orange" x="5501" y="2404" w="48" h="38" d="1980" o="0" />
		<t id="orange" x="6399" y="2608" w="48" h="38" d="1947" o="0" />
		<t id="orange" x="716" y="2501" w="48" h="38" d="1527" o="0" />
		<t id="p_c_c1_s" x="2113" y="2549" w="268" h="256" d="1283" o="30" />
		<t id="p_c_c4_s" x="2410" y="2549" w="268" h="256" d="1301" o="30" />
		<t id="p_c_h1_s" x="4093" y="1966" w="223" h="57" d="1317" o="" />
		<t id="p_c_h1_s" x="4093" y="2066" w="223" h="57" d="1329" o="" />
		<t id="p_c_h1_s" x="4093" y="2166" w="223" h="57" d="1341" o="" />
		<t id="p_c_h2_s" x="4093" y="2016" w="223" h="57" d="1323" o="" />
		<t id="p_c_h2_s" x="4093" y="2116" w="223" h="57" d="1335" o="" />
		<t id="p_c_h2_s" x="6355" y="2331" w="223" h="57" d="1353" o="" />
		<t id="p_c_l" x="2478" y="2348" w="70" h="43" d="1307" o="" />
		<t id="p_c_l" x="624" y="2390" w="70" h="43" d="1289" o="" />
		<t id="p_c_l_b" x="2177" y="2568" w="109" h="44" d="1297" o="" />
		<t id="p_c_l_b" x="825" y="2390" w="109" h="44" d="1293" o="" />
		<t id="p_c_v1_s" x="3315" y="2118" w="104" h="158" d="1311" o="" />
		<t id="p_c_v1_s" x="6166" y="2393" w="104" h="158" d="1347" o="" />
		<t id="p_t_b_r" x="2459" y="2590" w="41" h="159" d="825" o="30" />
		<t id="p_t_m_l" x="1797" y="2611" w="34" h="86" d="805" o="30" />
		<t id="p_t_m_l" x="1957" y="2611" w="34" h="86" d="815" o="30" />
		<t id="p_t_m_l" x="2428" y="2591" w="34" h="86" d="830" o="30" />
		<t id="p_t_m_l" x="3123" y="2320" w="34" h="86" d="835" o="30" />
		<t id="p_t_m_l" x="4906" y="2616" w="34" h="86" d="845" o="30" />
		<t id="p_t_m_l" x="5293" y="2611" w="34" h="86" d="850" o="30" />
		<t id="p_t_s_r" x="1835" y="2614" w="22" h="47" d="810" o="30" />
		<t id="p_t_s_r" x="2093" y="2616" w="22" h="47" d="820" o="30" />
		<t id="p_t_s_r" x="3089" y="2300" w="22" h="47" d="840" o="30" />
		<t id="pinku" x="1209" y="2402" w="48" h="34" d="1574" o="0" />
		<t id="pinku" x="2263" y="2607" w="48" h="34" d="1652" o="0" />
		<t id="pinku" x="3754" y="2011" w="48" h="34" d="1684" o="0" />
		<t id="pinku" x="4397" y="2390" w="48" h="34" d="1789" o="0" />
		<t id="pinku" x="5085" y="2187" w="48" h="34" d="1867" o="0" />
		<t id="pinku" x="6142" y="2607" w="48" h="34" d="1943" o="0" />
		<t id="purpu" x="1589" y="2506" w="48" h="38" d="1580" o="0" />
		<t id="purpu" x="2826" y="2394" w="48" h="38" d="1662" o="0" />
		<t id="purpu" x="4174" y="2294" w="48" h="38" d="1772" o="0" />
		<t id="purpu" x="5056" y="2430" w="48" h="38" d="1859" o="0" />
		<t id="purpu" x="5942" y="2604" w="48" h="38" d="1939" o="0" />
		<t id="s_b" x="1926" y="2714" w="121" h="105" d="946" o="30" />
		<t id="s_b" x="2047" y="2714" w="121" h="105" d="951" o="30" />
		<t id="s_b" x="2168" y="2714" w="121" h="105" d="954" o="30" />
		<t id="s_b" x="2289" y="2714" w="121" h="105" d="957" o="30" />
		<t id="s_b" x="5065" y="2714" w="121" h="105" d="1168" o="250" />
		<t id="s_b" x="5186" y="2714" w="121" h="105" d="1173" o="250" />
		<t id="s_b" x="5307" y="2714" w="121" h="105" d="1176" o="250" />
		<t id="s_b" x="5428" y="2714" w="121" h="105" d="1179" o="30" />
		<t id="s_b" x="5549" y="2714" w="121" h="105" d="1203" o="30" />
		<t id="s_b" x="5670" y="2714" w="121" h="105" d="1206" o="30" />
		<t id="s_b" x="5791" y="2714" w="121" h="105" d="1209" o="30" />
		<t id="s_b" x="5912" y="2714" w="121" h="105" d="1212" o="30" />
		<t id="s_b" x="6033" y="2714" w="121" h="105" d="1215" o="30" />
		<t id="s_b" x="6154" y="2714" w="121" h="105" d="1218" o="30" />
		<t id="s_b" x="6275" y="2714" w="121" h="105" d="1221" o="30" />
		<t id="s_b" x="6396" y="2714" w="121" h="105" d="1224" o="30" />
		<t id="s_b" x="6517" y="2714" w="121" h="105" d="1227" o="30" />
		<t id="s_b" x="6638" y="2714" w="121" h="105" d="1236" o="30" />
		<t id="s_b" x="6759" y="2714" w="121" h="105" d="1239" o="30" />
		<t id="s_b" x="6880" y="2714" w="121" h="105" d="1242" o="30" />
		<t id="s_b_t" x="117" y="2506" w="121" h="105" d="859" o="30" />
		<t id="s_b_t" x="1204" y="2506" w="121" h="105" d="908" o="30" />
		<t id="s_b_t" x="1325" y="2506" w="121" h="105" d="911" o="30" />
		<t id="s_b_t" x="238" y="2506" w="121" h="105" d="882" o="30" />
		<t id="s_b_t" x="3135" y="2402" w="121" h="105" d="1011" o="30" />
		<t id="s_b_t" x="3256" y="2402" w="121" h="105" d="1014" o="30" />
		<t id="s_b_t" x="3377" y="2402" w="121" h="105" d="1017" o="30" />
		<t id="s_b_t" x="3498" y="2402" w="121" h="105" d="1020" o="30" />
		<t id="s_b_t" x="359" y="2506" w="121" h="105" d="885" o="30" />
		<t id="s_b_t" x="3618" y="2402" w="121" h="105" d="1023" o="30" />
		<t id="s_b_t" x="3739" y="2402" w="121" h="105" d="1026" o="30" />
		<t id="s_b_t" x="3860" y="2402" w="121" h="105" d="1029" o="30" />
		<t id="s_b_t" x="3981" y="2402" w="121" h="105" d="1119" o="30" />
		<t id="s_b_t" x="4102" y="2402" w="121" h="105" d="1122" o="30" />
		<t id="s_b_t" x="4223" y="2402" w="121" h="105" d="1129" o="30" />
		<t id="s_b_t" x="720" y="2610" w="121" h="105" d="862" o="30" />
		<t id="s_b_t" x="841" y="2610" w="121" h="105" d="888" o="30" />
		<t id="s_c_b1_l" x="2410" y="2714" w="121" h="104" d="960" o="30" />
		<t id="s_c_b1_r" x="1805" y="2714" w="121" h="104" d="949" o="30" />
		<t id="s_c_b1_r" x="4945" y="2714" w="121" h="104" d="1171" o="30" />
		<t id="s_c_b_l" x="2651" y="2610" w="121" h="104" d="977" o="30" />
		<t id="s_c_b_l" x="2893" y="2506" w="121" h="104" d="994" o="30" />
		<t id="s_c_b_l" x="962" y="2610" w="121" h="104" d="891" o="30" />
		<t id="s_c_b_r" x="1565" y="2610" w="121" h="104" d="929" o="30" />
		<t id="s_c_b_r" x="4465" y="2506" w="121" h="104" d="1149" o="30" />
		<t id="s_c_b_r" x="4705" y="2610" w="121" h="104" d="1199" o="30" />
		<t id="s_c_b_r" x="599" y="2610" w="121" h="104" d="880" o="30" />
		<t id="s_c_t_l" x="1083" y="2506" w="247" h="104" d="893" o="30" />
		<t id="s_c_t_l" x="2531" y="2610" w="247" h="104" d="962" o="30" />
		<t id="s_c_t_l" x="2772" y="2506" w="247" h="104" d="979" o="30" />
		<t id="s_c_t_l" x="3014" y="2402" w="247" h="104" d="996" o="30" />
		<t id="s_c_t_r" x="1567" y="2506" w="247" h="104" d="914" o="30" />
		<t id="s_c_t_r" x="1807" y="2610" w="247" h="104" d="931" o="30" />
		<t id="s_c_t_r" x="4465" y="2402" w="247" h="104" d="1134" o="30" />
		<t id="s_c_t_r" x="4707" y="2506" w="247" h="104" d="1184" o="30" />
		<t id="s_c_t_r" x="4946" y="2610" w="247" h="104" d="1153" o="30" />
		<t id="s_c_t_r" x="601" y="2506" w="247" h="104" d="865" o="30" />
		<t id="s_i_b" x="5811" y="2605" w="392" h="152" d="783" o="30" />
		<t id="s_i_f" x="5811" y="2605" w="392" h="152" d="1988" o="30" />
		<t id="s_rb" x="5124" y="2485" w="145" h="51" d="1230" o="30" />
		<t id="s_rb_s" x="3679" y="2232" w="65" h="38" d="1112" o="30" />
		<t id="s_rb_s" x="5208" y="2346" w="65" h="38" d="1233" o="30" />
		<t id="snowspider" x="5102" y="2609" w="94" h="43" d="1829" o="100" />
		<t id="t1_b" x="1082" y="2610" w="121" h="104" d="1042" o="" />
		<t id="t1_b" x="117" y="2610" w="121" h="104" d="1038" o="" />
		<t id="t1_b" x="1203" y="2610" w="121" h="104" d="1040" o="" />
		<t id="t1_b" x="1323" y="2610" w="121" h="104" d="1046" o="" />
		<t id="t1_b" x="1444" y="2610" w="121" h="104" d="1044" o="" />
		<t id="t1_b" x="238" y="2610" w="121" h="104" d="1036" o="" />
		<t id="t1_b" x="2772" y="2610" w="121" h="104" d="1092" o="" />
		<t id="t1_b" x="2891" y="2610" w="121" h="104" d="1090" o="" />
		<t id="t1_b" x="3012" y="2610" w="121" h="104" d="1088" o="" />
		<t id="t1_b" x="3014" y="2506" w="121" h="104" d="1098" o="" />
		<t id="t1_b" x="3133" y="2610" w="121" h="104" d="1110" o="" />
		<t id="t1_b" x="3135" y="2506" w="121" h="104" d="1096" o="" />
		<t id="t1_b" x="3254" y="2610" w="121" h="104" d="1108" o="" />
		<t id="t1_b" x="3256" y="2506" w="121" h="104" d="1094" o="" />
		<t id="t1_b" x="3375" y="2610" w="121" h="104" d="1106" o="" />
		<t id="t1_b" x="3376" y="2506" w="121" h="104" d="1104" o="" />
		<t id="t1_b" x="3496" y="2610" w="121" h="104" d="1277" o="" />
		<t id="t1_b" x="3497" y="2506" w="121" h="104" d="1102" o="" />
		<t id="t1_b" x="357" y="2610" w="121" h="104" d="1034" o="" />
		<t id="t1_b" x="3617" y="2610" w="121" h="104" d="1275" o="" />
		<t id="t1_b" x="3618" y="2506" w="121" h="104" d="1100" o="" />
		<t id="t1_b" x="3738" y="2609" w="121" h="104" d="1281" o="" />
		<t id="t1_b" x="3739" y="2506" w="121" h="104" d="1117" o="" />
		<t id="t1_b" x="3859" y="2609" w="121" h="104" d="1279" o="" />
		<t id="t1_b" x="3860" y="2506" w="121" h="104" d="1115" o="" />
		<t id="t1_b" x="3980" y="2610" w="121" h="104" d="1263" o="" />
		<t id="t1_b" x="3981" y="2506" w="121" h="104" d="1127" o="" />
		<t id="t1_b" x="4101" y="2610" w="121" h="104" d="1261" o="" />
		<t id="t1_b" x="4102" y="2506" w="121" h="104" d="1125" o="" />
		<t id="t1_b" x="4222" y="2610" w="121" h="104" d="1259" o="" />
		<t id="t1_b" x="4223" y="2506" w="121" h="104" d="1132" o="" />
		<t id="t1_b" x="4343" y="2610" w="121" h="104" d="1251" o="" />
		<t id="t1_b" x="4344" y="2506" w="121" h="104" d="1151" o="" />
		<t id="t1_b" x="4464" y="2610" w="121" h="104" d="1249" o="" />
		<t id="t1_b" x="4584" y="2610" w="121" h="104" d="1201" o="" />
		<t id="t1_b" x="478" y="2610" w="121" h="104" d="1032" o="" />
		<t id="t1_b" x="5155" y="2402" w="121" h="104" d="773" o="" />
		<t id="t1_b" x="5155" y="2506" w="121" h="104" d="779" o="" />
		<t id="t2_b" x="1079" y="2714" w="121" h="104" d="1058" o="" />
		<t id="t2_b" x="111" y="2714" w="121" h="104" d="1074" o="" />
		<t id="t2_b" x="1200" y="2714" w="121" h="104" d="1056" o="" />
		<t id="t2_b" x="1321" y="2714" w="121" h="104" d="1054" o="" />
		<t id="t2_b" x="1442" y="2714" w="121" h="104" d="1052" o="" />
		<t id="t2_b" x="1563" y="2714" w="121" h="104" d="1050" o="" />
		<t id="t2_b" x="1684" y="2714" w="121" h="104" d="1048" o="" />
		<t id="t2_b" x="232" y="2714" w="121" h="104" d="1072" o="" />
		<t id="t2_b" x="2531" y="2714" w="121" h="104" d="1086" o="" />
		<t id="t2_b" x="2652" y="2714" w="121" h="104" d="1084" o="" />
		<t id="t2_b" x="2773" y="2714" w="121" h="104" d="1082" o="" />
		<t id="t2_b" x="2894" y="2714" w="121" h="104" d="1080" o="" />
		<t id="t2_b" x="3015" y="2714" w="121" h="104" d="1078" o="" />
		<t id="t2_b" x="3136" y="2714" w="121" h="104" d="1076" o="" />
		<t id="t2_b" x="353" y="2714" w="121" h="104" d="1070" o="" />
		<t id="t2_b" x="4100" y="2714" w="121" h="104" d="1269" o="" />
		<t id="t2_b" x="4220" y="2714" w="121" h="104" d="1267" o="" />
		<t id="t2_b" x="4341" y="2714" w="121" h="104" d="1265" o="" />
		<t id="t2_b" x="4462" y="2714" w="121" h="104" d="1257" o="" />
		<t id="t2_b" x="4582" y="2714" w="121" h="104" d="1255" o="" />
		<t id="t2_b" x="4703" y="2714" w="121" h="104" d="1253" o="" />
		<t id="t2_b" x="474" y="2714" w="121" h="104" d="1068" o="" />
		<t id="t2_b" x="4785" y="2608" w="121" h="104" d="653" o="" />
		<t id="t2_b" x="4824" y="2714" w="121" h="104" d="1182" o="" />
		<t id="t2_b" x="4905" y="2608" w="121" h="104" d="649" o="" />
		<t id="t2_b" x="5155" y="2610" w="121" h="104" d="767" o="" />
		<t id="t2_b" x="5415" y="2616" w="121" h="104" d="752" o="" />
		<t id="t2_b" x="5536" y="2616" w="121" h="104" d="748" o="" />
		<t id="t2_b" x="595" y="2714" w="121" h="104" d="1066" o="" />
		<t id="t2_b" x="6115" y="2686" w="121" h="104" d="633" o="" />
		<t id="t2_b" x="6236" y="2686" w="121" h="104" d="629" o="" />
		<t id="t2_b" x="716" y="2714" w="121" h="104" d="1064" o="" />
		<t id="t2_b" x="837" y="2714" w="121" h="104" d="1062" o="" />
		<t id="t2_b" x="958" y="2714" w="121" h="104" d="1060" o="" /> 
	</layer>
</level>