<?xml version="1.0" encoding="UTF-8"?>
<level background="darkforest" music="track02a" effects="forest" sx="172" sy="1399" d="1708">
	<layer name="base" source="forest.swf" x="0" y="0" width="5900" height="1432">
		<t id="be" x="1074" y="1168" w="42" h="95" d="1555" o="130" />
		<t id="be" x="1226" y="1178" w="42" h="95" d="1551" o="130" />
		<t id="be" x="1469" y="1296" w="42" h="95" d="1455" o="130" />
		<t id="be" x="1641" y="1224" w="42" h="95" d="1467" o="130" />
		<t id="be" x="1793" y="1224" w="42" h="95" d="1463" o="130" />
		<t id="be" x="1948" y="1152" w="42" h="95" d="1475" o="130" />
		<t id="be" x="2096" y="1152" w="42" h="95" d="1479" o="130" />
		<t id="be" x="2324" y="1297" w="42" h="95" d="1443" o="130" />
		<t id="be" x="2521" y="1124" w="42" h="95" d="1483" o="130" />
		<t id="be" x="26" y="1395" w="42" h="95" d="1435" o="130" />
		<t id="be" x="2656" y="1124" w="42" h="95" d="1487" o="130" />
		<t id="be" x="2790" y="1124" w="42" h="95" d="1523" o="130" />
		<t id="be" x="3037" y="1162" w="42" h="95" d="1547" o="130" />
		<t id="be" x="3177" y="1162" w="42" h="95" d="1543" o="130" />
		<t id="be" x="3433" y="1052" w="42" h="95" d="1507" o="130" />
		<t id="be" x="3614" y="710" w="42" h="95" d="1531" o="130" />
		<t id="be" x="3754" y="710" w="42" h="95" d="1535" o="130" />
		<t id="be" x="3926" y="1071" w="42" h="95" d="1515" o="130" />
		<t id="be" x="3946" y="1296" w="42" h="95" d="1567" o="130" />
		<t id="be" x="4015" y="886" w="42" h="95" d="1587" o="130" />
		<t id="be" x="4150" y="1043" w="42" h="95" d="1599" o="130" />
		<t id="be" x="4151" y="898" w="42" h="95" d="1595" o="130" />
		<t id="be" x="4287" y="901" w="42" h="95" d="1591" o="130" />
		<t id="be" x="4290" y="1031" w="42" h="95" d="1583" o="130" />
		<t id="be" x="4366" y="1356" w="42" h="95" d="1571" o="130" />
		<t id="be" x="4543" y="1011" w="42" h="95" d="1615" o="130" />
		<t id="be" x="4677" y="1014" w="42" h="95" d="1611" o="130" />
		<t id="be" x="4734" y="948" w="42" h="95" d="1635" o="130" />
		<t id="be" x="490" y="1397" w="42" h="95" d="1439" o="130" />
		<t id="be" x="4913" y="766" w="42" h="95" d="1627" o="130" />
		<t id="be" x="5045" y="766" w="42" h="95" d="1631" o="130" />
		<t id="be" x="5226" y="1015" w="42" h="95" d="1643" o="130" />
		<t id="be" x="5309" y="1296" w="42" h="95" d="1651" o="130" />
		<t id="be" x="5392" y="1296" w="42" h="95" d="1659" o="130" />
		<t id="be" x="5524" y="1296" w="42" h="95" d="1663" o="130" />
		<t id="be" x="955" y="1294" w="42" h="95" d="1451" o="130" />
		<t id="bh" x="21" y="1397" w="105" h="309" d="1714" o="" />
		<t id="bh" x="5983" y="1403" w="105" h="309" d="1710" o="" />
		<t id="c" x="1251" y="1159" w="23" h="24" d="1232" o="" />
		<t id="c" x="1616" y="1106" w="23" h="24" d="1220" o="" />
		<t id="c" x="1652" y="849" w="23" h="24" d="1216" o="" />
		<t id="c" x="1995" y="1376" w="23" h="24" d="1244" o="" />
		<t id="c" x="2123" y="1154" w="23" h="24" d="1240" o="" />
		<t id="c" x="2343" y="1107" w="23" h="24" d="1252" o="" />
		<t id="c" x="2416" y="1265" w="23" h="24" d="1264" o="" />
		<t id="c" x="2614" y="919" w="23" h="24" d="1248" o="" />
		<t id="c" x="2708" y="1295" w="23" h="24" d="1268" o="" />
		<t id="c" x="3389" y="1109" w="23" h="24" d="1280" o="" />
		<t id="c" x="3451" y="1324" w="23" h="24" d="1260" o="" />
		<t id="c" x="3620" y="885" w="23" h="24" d="1256" o="" />
		<t id="c" x="3762" y="1147" w="23" h="24" d="1272" o="" />
		<t id="c" x="4007" y="1356" w="23" h="24" d="1276" o="" />
		<t id="c" x="4115" y="723" w="23" h="24" d="1284" o="" />
		<t id="c" x="4115" y="942" w="23" h="24" d="1288" o="" />
		<t id="c" x="4496" y="947" w="23" h="24" d="1292" o="" />
		<t id="c" x="4588" y="1376" w="23" h="24" d="1296" o="" />
		<t id="c" x="492" y="1170" w="23" h="24" d="1224" o="" />
		<t id="c" x="5056" y="932" w="23" h="24" d="1300" o="" />
		<t id="c" x="5062" y="1221" w="23" h="24" d="1304" o="" />
		<t id="c" x="533" y="1214" w="23" h="24" d="1228" o="" />
		<t id="c" x="5441" y="1219" w="23" h="24" d="1308" o="" />
		<t id="c" x="806" y="1206" w="23" h="24" d="1236" o="" />
		<t id="d_g1" x="1218" y="1294" w="30" h="38" d="916" o="" />
		<t id="d_g1" x="2109" y="1398" w="30" h="38" d="914" o="" />
		<t id="d_g1" x="3199" y="1191" w="30" h="38" d="918" o="" />
		<t id="d_g1" x="4481" y="1331" w="30" h="38" d="1429" o="" />
		<t id="d_g1" x="5099" y="1296" w="30" h="38" d="920" o="" />
		<t id="d_g1" x="597" y="1398" w="30" h="38" d="1179" o="" />
		<t id="d_g2" x="1059" y="1296" w="66" h="10" d="1718" o="" />
		<t id="d_g2" x="1923" y="1296" w="66" h="10" d="1720" o="" />
		<t id="d_g2" x="2392" y="1202" w="66" h="10" d="922" o="" />
		<t id="d_g2" x="4178" y="1295" w="66" h="10" d="1199" o="" />
		<t id="d_g2" x="4456" y="1191" w="66" h="10" d="924" o="" />
		<t id="d_h1" x="105" y="1398" w="46" h="25" d="1177" o="" />
		<t id="d_h1" x="1767" y="1398" w="46" h="25" d="1197" o="" />
		<t id="d_h1" x="2807" y="1399" w="46" h="25" d="1181" o="" />
		<t id="d_h1" x="3880" y="1399" w="46" h="25" d="1189" o="" />
		<t id="d_h1" x="4713" y="1399" w="46" h="25" d="1191" o="" />
		<t id="d_h1" x="5578" y="1400" w="46" h="25" d="1193" o="" />
		<t id="d_h1" x="5838" y="1400" w="46" h="25" d="1195" o="" />
		<t id="d_h2" x="1594" y="1398" w="113" h="31" d="926" o="" />
		<t id="d_h2" x="2651" y="1398" w="113" h="31" d="1183" o="" />
		<t id="d_h2" x="3521" y="1399" w="113" h="31" d="1185" o="" />
		<t id="d_h2" x="377" y="1398" w="113" h="31" d="1175" o="" />
		<t id="d_h2" x="4289" y="1399" w="113" h="31" d="1187" o="" />
		<t id="e" x="2041" y="943" w="17" h="16" d="1471" o="" />
		<t id="e" x="3757" y="839" w="17" h="16" d="1539" o="" />
		<t id="e" x="4300" y="1263" w="17" h="16" d="1603" o="" />
		<t id="f_b" x="4086" y="1399" w="121" h="104" d="1207" o="90" />
		<t id="f_b" x="4206" y="1399" w="121" h="104" d="1201" o="90" />
		<t id="f_b" x="4326" y="1399" w="121" h="104" d="1204" o="90" />
		<t id="f_b_t" x="2362" y="1305" w="121" h="104" d="622" o="30" />
		<t id="f_b_t" x="2483" y="1305" w="121" h="104" d="617" o="30" />
		<t id="f_b_t" x="4209" y="1295" w="121" h="104" d="946" o="30" />
		<t id="f_b_t" x="4330" y="1295" w="121" h="104" d="928" o="30" />
		<t id="f_b_t" x="4451" y="1295" w="121" h="104" d="941" o="30" />
		<t id="f_b_t" x="4572" y="1295" w="121" h="104" d="936" o="30" />
		<t id="f_b_t" x="4693" y="1295" w="121" h="104" d="931" o="30" />
		<t id="f_l" x="3965" y="1399" w="22" h="104" d="1210" o="30" />
		<t id="f_l_t" x="2241" y="1305" w="22" h="104" d="627" o="30" />
		<t id="f_l_t" x="4088" y="1295" w="22" h="104" d="949" o="30" />
		<t id="f_r" x="4347" y="1399" w="22" h="104" d="1213" o="30" />
		<t id="f_r_t" x="2504" y="1305" w="22" h="104" d="630" o="30" />
		<t id="f_r_t" x="4714" y="1295" w="22" h="104" d="952" o="30" />
		<t id="f_t_l" x="2241" y="1409" w="14" h="104" d="635" o="" />
		<t id="f_t_r" x="2496" y="1409" w="14" h="104" d="633" o="" />
		<t id="f_t_r" x="4707" y="1399" w="14" h="104" d="955" o="" />
		<t id="g" x="5673" y="1405" w="44" h="335" d="1675" o="30" />
		<t id="orange" x="2010" y="1114" w="53" h="43" d="794" o="-20" />
		<t id="orange" x="3102" y="1148" w="53" h="43" d="826" o="-20" />
		<t id="orange" x="3557" y="1043" w="53" h="43" d="1667" o="-20" />
		<t id="orange" x="4097" y="879" w="53" h="43" d="886" o="-20" />
		<t id="orange" x="4873" y="939" w="53" h="43" d="890" o="-20" />
		<t id="pinku" x="1145" y="1152" w="53" h="43" d="1559" o="-20" />
		<t id="pinku" x="2704" y="1104" w="53" h="43" d="1491" o="-20" />
		<t id="pinku" x="3678" y="698" w="53" h="43" d="1527" o="-20" />
		<t id="pinku" x="3773" y="1071" w="53" h="43" d="1519" o="-20" />
		<t id="pinku" x="4215" y="901" w="53" h="43" d="1579" o="-20" />
		<t id="pinku" x="4977" y="754" w="53" h="43" d="1623" o="-20" />
		<t id="pinku" x="5456" y="1284" w="53" h="43" d="1655" o="-20" />
		<t id="purpu" x="1709" y="1180" w="53" h="43" d="1563" o="-20" />
		<t id="purpu" x="2584" y="1083" w="53" h="43" d="1503" o="-20" />
		<t id="purpu" x="3862" y="1071" w="53" h="43" d="1511" o="-20" />
		<t id="purpu" x="4221" y="1027" w="53" h="43" d="1575" o="-20" />
		<t id="purpu" x="4608" y="1009" w="53" h="43" d="1607" o="-20" />
		<t id="purpu" x="5125" y="1006" w="53" h="43" d="1639" o="-20" />
		<t id="s_b_l" x="1808" y="1502" w="121" h="105" d="1135" o="90" />
		<t id="s_b_l" x="2889" y="1502" w="121" h="105" d="1025" o="90" />
		<t id="s_b_l" x="4817" y="1503" w="121" h="105" d="1091" o="90" />
		<t id="s_b_l" x="962" y="1502" w="121" h="105" d="1000" o="90" />
		<t id="s_b_l_t" x="3131" y="1399" w="121" h="105" d="1036" o="30" />
		<t id="s_b_r" x="1566" y="1502" w="121" h="105" d="969" o="90" />
		<t id="s_b_r" x="2050" y="1502" w="121" h="105" d="1149" o="90" />
		<t id="s_b_r" x="3494" y="1503" w="121" h="105" d="1061" o="90" />
		<t id="s_b_r" x="5420" y="1503" w="121" h="105" d="1120" o="90" />
		<t id="s_b_s" x="121" y="1454" w="121" h="57" d="979" o="90" />
		<t id="s_b_s" x="1687" y="1454" w="121" h="57" d="1011" o="90" />
		<t id="s_b_s" x="2169" y="1454" w="121" h="57" d="1014" o="90" />
		<t id="s_b_s" x="2287" y="1454" w="121" h="57" d="1022" o="90" />
		<t id="s_b_s" x="2407" y="1454" w="121" h="57" d="1152" o="90" />
		<t id="s_b_s" x="241" y="1454" w="121" h="57" d="982" o="90" />
		<t id="s_b_s" x="2527" y="1454" w="121" h="57" d="1155" o="90" />
		<t id="s_b_s" x="2648" y="1454" w="121" h="57" d="957" o="90" />
		<t id="s_b_s" x="2768" y="1454" w="121" h="57" d="960" o="90" />
		<t id="s_b_s" x="361" y="1454" w="121" h="57" d="985" o="90" />
		<t id="s_b_s" x="3615" y="1455" w="121" h="57" d="1070" o="90" />
		<t id="s_b_s" x="3857" y="1455" w="121" h="57" d="1064" o="90" />
		<t id="s_b_s" x="3978" y="1455" w="121" h="57" d="1067" o="90" />
		<t id="s_b_s" x="4096" y="1455" w="121" h="57" d="1073" o="90" />
		<t id="s_b_s" x="4216" y="1455" w="121" h="57" d="1076" o="90" />
		<t id="s_b_s" x="4336" y="1455" w="121" h="57" d="1079" o="90" />
		<t id="s_b_s" x="4457" y="1455" w="121" h="57" d="1082" o="90" />
		<t id="s_b_s" x="4577" y="1455" w="121" h="57" d="1085" o="90" />
		<t id="s_b_s" x="4697" y="1455" w="121" h="57" d="1088" o="90" />
		<t id="s_b_s" x="481" y="1454" w="121" h="57" d="988" o="90" />
		<t id="s_b_s" x="5541" y="1455" w="121" h="57" d="1123" o="90" />
		<t id="s_b_s" x="5661" y="1455" w="121" h="57" d="1126" o="90" />
		<t id="s_b_s" x="5781" y="1455" w="121" h="57" d="1129" o="90" />
		<t id="s_b_s" x="5901" y="1455" w="121" h="57" d="1132" o="90" />
		<t id="s_b_s" x="601" y="1454" w="121" h="57" d="991" o="90" />
		<t id="s_b_s" x="721" y="1454" w="121" h="57" d="994" o="90" />
		<t id="s_b_s" x="841" y="1454" w="121" h="57" d="997" o="90" />
		<t id="s_b_t" x="1083" y="1399" w="121" h="105" d="1006" o="90" />
		<t id="s_b_t" x="1204" y="1399" w="121" h="105" d="974" o="90" />
		<t id="s_b_t" x="1324" y="1399" w="121" h="105" d="1017" o="90" />
		<t id="s_b_t" x="1445" y="1399" w="121" h="105" d="963" o="90" />
		<t id="s_b_t" x="1929" y="1399" w="121" h="105" d="1141" o="90" />
		<t id="s_b_t" x="3010" y="1399" w="121" h="105" d="1031" o="90" />
		<t id="s_b_t" x="3252" y="1295" w="121" h="105" d="1044" o="90" />
		<t id="s_b_t" x="4938" y="1400" w="121" h="105" d="1097" o="90" />
		<t id="s_b_t" x="5059" y="1400" w="121" h="105" d="1104" o="90" />
		<t id="s_b_t" x="5179" y="1400" w="121" h="105" d="1109" o="90" />
		<t id="s_b_t" x="5299" y="1400" w="121" h="105" d="1114" o="90" />
		<t id="s_l_t" x="1808" y="1399" w="22" h="104" d="1138" o="90" />
		<t id="s_l_t" x="2889" y="1399" w="22" h="104" d="1028" o="90" />
		<t id="s_l_t" x="3131" y="1295" w="22" h="104" d="1041" o="90" />
		<t id="s_l_t" x="4817" y="1400" w="22" h="104" d="1094" o="90" />
		<t id="s_l_t" x="962" y="1399" w="22" h="104" d="1003" o="90" />
		<t id="s_r_s" x="3393" y="1399" w="23" h="104" d="1058" o="90" />
		<t id="s_r_t" x="1467" y="1399" w="23" h="104" d="966" o="90" />
		<t id="s_r_t" x="1951" y="1399" w="23" h="104" d="1146" o="90" />
		<t id="s_r_t" x="3395" y="1295" w="23" h="104" d="1055" o="90" />
		<t id="s_r_t" x="5321" y="1400" w="23" h="104" d="1117" o="90" />
		<t id="t1_b" x="3252" y="1399" w="121" h="104" d="1047" o="" />
		<t id="t1_b" x="3373" y="1399" w="121" h="104" d="1051" o="" />
		<t id="t2_b" x="1083" y="1503" w="121" h="104" d="1009" o="" />
		<t id="t2_b" x="1204" y="1503" w="121" h="104" d="977" o="" />
		<t id="t2_b" x="1324" y="1503" w="121" h="104" d="1020" o="" />
		<t id="t2_b" x="1445" y="1503" w="121" h="104" d="972" o="" />
		<t id="t2_b" x="1929" y="1503" w="121" h="104" d="1144" o="" />
		<t id="t2_b" x="2362" y="1409" w="121" h="104" d="625" o="" />
		<t id="t2_b" x="2483" y="1409" w="121" h="104" d="620" o="" />
		<t id="t2_b" x="3010" y="1503" w="121" h="104" d="1034" o="" />
		<t id="t2_b" x="3131" y="1503" w="121" h="104" d="1039" o="" />
		<t id="t2_b" x="3252" y="1503" w="121" h="104" d="1049" o="" />
		<t id="t2_b" x="3373" y="1503" w="121" h="104" d="1053" o="" />
		<t id="t2_b" x="4451" y="1399" w="121" h="104" d="944" o="" />
		<t id="t2_b" x="4572" y="1399" w="121" h="104" d="939" o="" />
		<t id="t2_b" x="4693" y="1399" w="121" h="104" d="934" o="" />
		<t id="t2_b" x="4938" y="1504" w="121" h="104" d="1100" o="" />
		<t id="t2_b" x="5059" y="1504" w="121" h="104" d="1102" o="" />
		<t id="t2_b" x="5179" y="1504" w="121" h="104" d="1107" o="" />
		<t id="t2_b" x="5299" y="1504" w="121" h="104" d="1112" o="" />
		<t id="t_f_a1_l" x="1633" y="1044" w="50" h="21" d="669" o="30" />
		<t id="t_f_a1_l" x="2065" y="1006" w="50" h="21" d="735" o="30" />
		<t id="t_f_a1_l" x="2361" y="1067" w="50" h="21" d="839" o="30" />
		<t id="t_f_a1_l" x="2361" y="1147" w="50" h="21" d="845" o="30" />
		<t id="t_f_a1_l" x="2634" y="1185" w="50" h="21" d="770" o="30" />
		<t id="t_f_a1_l" x="2634" y="965" w="50" h="21" d="785" o="30" />
		<t id="t_f_a1_l" x="3023" y="1031" w="50" h="21" d="814" o="30" />
		<t id="t_f_a1_l" x="3639" y="1292" w="50" h="21" d="1357" o="30" />
		<t id="t_f_a1_l" x="3639" y="828" w="50" h="21" d="1345" o="30" />
		<t id="t_f_a1_l" x="4132" y="758" w="50" h="21" d="880" o="30" />
		<t id="t_f_a1_l" x="4132" y="978" w="50" h="21" d="865" o="30" />
		<t id="t_f_a1_l" x="471" y="1335" w="50" h="21" d="646" o="30" />
		<t id="t_f_a1_l" x="4930" y="870" w="50" h="21" d="1414" o="30" />
		<t id="t_f_a1_l" x="834" y="1168" w="50" h="21" d="798" o="30" />
		<t id="t_f_a1_r" x="1253" y="1092" w="50" h="21" d="715" o="30" />
		<t id="t_f_a1_r" x="1703" y="983" w="50" h="21" d="678" o="30" />
		<t id="t_f_a1_r" x="2135" y="1035" w="50" h="21" d="747" o="30" />
		<t id="t_f_a1_r" x="2135" y="1195" w="50" h="21" d="750" o="30" />
		<t id="t_f_a1_r" x="2431" y="1099" w="50" h="21" d="842" o="30" />
		<t id="t_f_a1_r" x="2704" y="1027" w="50" h="21" d="782" o="30" />
		<t id="t_f_a1_r" x="3093" y="1083" w="50" h="21" d="823" o="30" />
		<t id="t_f_a1_r" x="3762" y="768" w="50" h="21" d="1369" o="30" />
		<t id="t_f_a1_r" x="3762" y="988" w="50" h="21" d="1384" o="30" />
		<t id="t_f_a1_r" x="4202" y="804" w="50" h="21" d="877" o="30" />
		<t id="t_f_a1_r" x="541" y="1271" w="50" h="21" d="649" o="30" />
		<t id="t_f_a1_r" x="5451" y="1181" w="50" h="21" d="908" o="30" />
		<t id="t_f_a1_r" x="904" y="1201" w="50" h="21" d="695" o="30" />
		<t id="t_f_a2_l" x="1184" y="1168" w="108" h="24" d="712" o="60" />
		<t id="t_f_a2_l" x="1634" y="1155" w="108" h="24" d="675" o="60" />
		<t id="t_f_a2_l" x="2066" y="1133" w="108" h="24" d="744" o="60" />
		<t id="t_f_a2_l" x="2066" y="1312" w="108" h="24" d="741" o="60" />
		<t id="t_f_a2_l" x="2635" y="1102" w="108" h="24" d="779" o="60" />
		<t id="t_f_a2_l" x="2635" y="1262" w="108" h="24" d="776" o="60" />
		<t id="t_f_a2_l" x="3024" y="1128" w="108" h="24" d="820" o="60" />
		<t id="t_f_a2_l" x="3638" y="1184" w="108" h="24" d="1351" o="60" />
		<t id="t_f_a2_l" x="3639" y="943" w="108" h="24" d="1348" o="60" />
		<t id="t_f_a2_l" x="4133" y="1076" w="108" h="24" d="871" o="60" />
		<t id="t_f_a2_l" x="4133" y="895" w="108" h="24" d="874" o="60" />
		<t id="t_f_a2_l" x="4527" y="994" w="108" h="24" d="1169" o="60" />
		<t id="t_f_a2_l" x="5382" y="1232" w="108" h="24" d="905" o="60" />
		<t id="t_f_a2_l" x="835" y="1281" w="108" h="24" d="692" o="60" />
		<t id="t_f_a2_r" x="1311" y="1208" w="108" h="24" d="709" o="60" />
		<t id="t_f_a2_r" x="1761" y="1196" w="108" h="24" d="672" o="60" />
		<t id="t_f_a2_r" x="2193" y="1303" w="108" h="24" d="738" o="60" />
		<t id="t_f_a2_r" x="2762" y="1122" w="108" h="24" d="788" o="60" />
		<t id="t_f_a2_r" x="2762" y="1242" w="108" h="24" d="773" o="60" />
		<t id="t_f_a2_r" x="3151" y="1163" w="108" h="24" d="817" o="60" />
		<t id="t_f_a2_r" x="3820" y="892" w="108" h="24" d="1366" o="60" />
		<t id="t_f_a2_r" x="4260" y="1043" w="108" h="24" d="868" o="60" />
		<t id="t_f_a2_r" x="4260" y="915" w="108" h="24" d="883" o="60" />
		<t id="t_f_a2_r" x="4655" y="1031" w="108" h="24" d="1172" o="60" />
		<t id="t_f_a2_r" x="5111" y="883" w="108" h="24" d="1417" o="60" />
		<t id="t_f_a2_r" x="5509" y="1301" w="108" h="24" d="911" o="60" />
		<t id="t_f_a3_l" x="3644" y="1072" w="200" h="31" d="1354" o="70" />
		<t id="t_f_a3_l" x="4934" y="968" w="200" h="31" d="1402" o="70" />
		<t id="t_f_a3_r" x="3908" y="1098" w="200" h="31" d="1360" o="70" />
		<t id="t_f_a3_r" x="3908" y="1238" w="200" h="31" d="1363" o="70" />
		<t id="t_f_a3_r" x="5197" y="1034" w="200" h="31" d="1405" o="70" />
		<t id="t_f_a3_r" x="5198" y="1171" w="200" h="31" d="1420" o="70" />
		<t id="t_f_b" x="1214" y="1295" w="41" h="21" d="701" o="" />
		<t id="t_f_b" x="1664" y="1398" w="41" h="21" d="655" o="" />
		<t id="t_f_b" x="2096" y="1400" w="41" h="21" d="718" o="" />
		<t id="t_f_b" x="2392" y="1201" w="41" h="21" d="830" o="" />
		<t id="t_f_b" x="2665" y="1399" w="41" h="21" d="753" o="" />
		<t id="t_f_b" x="3054" y="1295" w="41" h="21" d="801" o="" />
		<t id="t_f_b" x="4163" y="1192" w="41" h="21" d="848" o="" />
		<t id="t_f_b" x="4558" y="1191" w="41" h="21" d="1158" o="" />
		<t id="t_f_b" x="502" y="1399" w="41" h="21" d="637" o="" />
		<t id="t_f_b" x="5412" y="1399" w="41" h="21" d="894" o="" />
		<t id="t_f_b" x="865" y="1400" w="41" h="21" d="684" o="" />
		<t id="t_f_t" x="1214" y="1037" w="41" h="25" d="698" o="30" />
		<t id="t_f_t" x="1664" y="903" w="41" h="25" d="652" o="30" />
		<t id="t_f_t" x="2096" y="905" w="41" h="25" d="722" o="30" />
		<t id="t_f_t" x="2392" y="1022" w="41" h="25" d="834" o="30" />
		<t id="t_f_t" x="2664" y="904" w="41" h="25" d="757" o="30" />
		<t id="t_f_t" x="3053" y="958" w="41" h="25" d="805" o="30" />
		<t id="t_f_t" x="4163" y="697" w="41" h="25" d="852" o="30" />
		<t id="t_f_t" x="4558" y="933" w="41" h="25" d="1160" o="30" />
		<t id="t_f_t" x="502" y="1220" w="41" h="25" d="643" o="30" />
		<t id="t_f_t" x="5411" y="1141" w="41" h="25" d="898" o="30" />
		<t id="t_f_t" x="865" y="1142" w="41" h="25" d="681" o="30" />
		<t id="t_f_t1" x="1206" y="1116" w="25" h="79" d="707" o="" />
		<t id="t_f_t1" x="1206" y="1195" w="25" h="79" d="705" o="" />
		<t id="t_f_t1" x="1656" y="1061" w="25" h="79" d="665" o="" />
		<t id="t_f_t1" x="1656" y="1219" w="25" h="79" d="661" o="" />
		<t id="t_f_t1" x="1656" y="1298" w="25" h="79" d="659" o="" />
		<t id="t_f_t1" x="1656" y="982" w="25" h="79" d="667" o="" />
		<t id="t_f_t1" x="2088" y="1063" w="25" h="79" d="731" o="" />
		<t id="t_f_t1" x="2088" y="1221" w="25" h="79" d="727" o="" />
		<t id="t_f_t1" x="2088" y="1300" w="25" h="79" d="725" o="" />
		<t id="t_f_t1" x="2088" y="984" w="25" h="79" d="733" o="" />
		<t id="t_f_t1" x="2657" y="1062" w="25" h="79" d="766" o="" />
		<t id="t_f_t1" x="2657" y="1220" w="25" h="79" d="762" o="" />
		<t id="t_f_t1" x="2657" y="1299" w="25" h="79" d="760" o="" />
		<t id="t_f_t1" x="2657" y="983" w="25" h="79" d="768" o="" />
		<t id="t_f_t1" x="3046" y="1116" w="25" h="79" d="810" o="" />
		<t id="t_f_t1" x="3046" y="1195" w="25" h="79" d="808" o="" />
		<t id="t_f_t1" x="4155" y="1013" w="25" h="79" d="857" o="" />
		<t id="t_f_t1" x="4155" y="1092" w="25" h="79" d="855" o="" />
		<t id="t_f_t1" x="4155" y="776" w="25" h="79" d="863" o="" />
		<t id="t_f_t1" x="4155" y="855" w="25" h="79" d="861" o="" />
		<t id="t_f_t1" x="4550" y="1012" w="25" h="79" d="1167" o="" />
		<t id="t_f_t1" x="4550" y="1091" w="25" h="79" d="1165" o="" />
		<t id="t_f_t1" x="494" y="1378" w="25" h="79" d="639" o="" />
		<t id="t_f_t1" x="5404" y="1220" w="25" h="79" d="903" o="" />
		<t id="t_f_t1" x="5404" y="1299" w="25" h="79" d="901" o="" />
		<t id="t_f_t1" x="857" y="1221" w="25" h="79" d="690" o="" />
		<t id="t_f_t1" x="857" y="1300" w="25" h="79" d="688" o="" />
		<t id="t_f_t2" x="1206" y="1274" w="25" h="79" d="703" o="" />
		<t id="t_f_t2" x="1656" y="1377" w="25" h="79" d="657" o="" />
		<t id="t_f_t2" x="2088" y="1379" w="25" h="79" d="720" o="" />
		<t id="t_f_t2" x="2384" y="1180" w="25" h="79" d="832" o="" />
		<t id="t_f_t2" x="2657" y="1378" w="25" h="79" d="755" o="" />
		<t id="t_f_t2" x="3046" y="1274" w="25" h="79" d="803" o="" />
		<t id="t_f_t2" x="4155" y="1171" w="25" h="79" d="850" o="" />
		<t id="t_f_t2" x="494" y="1299" w="25" h="79" d="641" o="" />
		<t id="t_f_t2" x="5404" y="1378" w="25" h="79" d="896" o="" />
		<t id="t_f_t2" x="857" y="1379" w="25" h="79" d="686" o="" />
		<t id="t_f_t3" x="1656" y="1140" w="25" h="79" d="663" o="" />
		<t id="t_f_t3" x="2088" y="1142" w="25" h="79" d="729" o="" />
		<t id="t_f_t3" x="2384" y="1101" w="25" h="79" d="837" o="" />
		<t id="t_f_t3" x="2657" y="1141" w="25" h="79" d="764" o="" />
		<t id="t_f_t3" x="3046" y="1037" w="25" h="79" d="812" o="" />
		<t id="t_f_t3" x="4155" y="934" w="25" h="79" d="859" o="" />
		<t id="t_f_t3" x="4550" y="1170" w="25" h="79" d="1163" o="" />
		<t id="t_s_b" x="2464" y="1502" w="121" h="147" d="1312" o="90" />
		<t id="t_s_b" x="3736" y="1503" w="121" h="147" d="1318" o="90" />
		<t id="t_s_b" x="4540" y="1503" w="121" h="147" d="1423" o="90" />
		<t id="t_s_b1" x="3373" y="1295" w="121" h="147" d="1372" o="90" />
		<t id="t_s_b1" x="5027" y="1400" w="121" h="147" d="1381" o="90" />
		<t id="t_s_t" x="2449" y="1355" w="91" h="25" d="1315" o="30" />
		<t id="t_s_t" x="3358" y="1070" w="91" h="25" d="1375" o="30" />
		<t id="t_s_t" x="3721" y="725" w="91" h="25" d="791" o="30" />
		<t id="t_s_t" x="4525" y="1356" w="91" h="25" d="1426" o="30" />
		<t id="t_s_t" x="5012" y="779" w="91" h="25" d="1411" o="30" />
		<t id="t_s_t1" x="3715" y="1041" w="79" h="79" d="1333" o="80" />
		<t id="t_s_t1" x="3715" y="1120" w="79" h="79" d="1330" o="80" />
		<t id="t_s_t1" x="3715" y="1357" w="79" h="79" d="1321" o="80" />
		<t id="t_s_t1" x="3715" y="804" w="79" h="79" d="1342" o="80" />
		<t id="t_s_t1" x="5006" y="1016" w="79" h="79" d="1396" o="80" />
		<t id="t_s_t1" x="5006" y="1253" w="79" h="79" d="1387" o="80" />
		<t id="t_s_t1" x="5006" y="937" w="79" h="79" d="1399" o="80" />
		<t id="t_s_t2" x="3715" y="1278" w="79" h="79" d="1324" o="80" />
		<t id="t_s_t2" x="3715" y="962" w="79" h="79" d="1336" o="80" />
		<t id="t_s_t2" x="5006" y="1174" w="79" h="79" d="1390" o="80" />
		<t id="t_s_t2" x="5006" y="858" w="79" h="79" d="1408" o="80" />
		<t id="t_s_t3" x="3352" y="1149" w="79" h="79" d="1378" o="80" />
		<t id="t_s_t3" x="3715" y="1199" w="79" h="79" d="1327" o="80" />
		<t id="t_s_t3" x="3715" y="883" w="79" h="79" d="1339" o="80" />
		<t id="t_s_t3" x="5006" y="1095" w="79" h="79" d="1393" o="80" />
		<t id="treeguy" x="1254" y="1294" w="80" h="94" d="1447" o="0" />
		<t id="treeguy" x="2266" y="1398" w="80" h="94" d="1459" o="0" />
		<t id="treeguy" x="2737" y="1397" w="80" h="94" d="1495" o="0" />
		<t id="treeguy" x="3518" y="1398" w="80" h="94" d="1499" o="0" />
		<t id="treeguy" x="4052" y="1295" w="80" h="94" d="1671" o="0" />
		<t id="treeguy" x="4626" y="1399" w="80" h="94" d="1619" o="0" />
		<t id="treeguy" x="5177" y="1295" w="80" h="94" d="1647" o="0" />
		<t id="treeguy" x="667" y="1399" w="80" h="94" d="1431" o="0" /> 
	</layer>
</level>
