<?xml version="1.0" encoding="UTF-8"?>
<level background="eggrocks" music="track03" effects="lake" sx="166" sy="635" d="2276">
	<layer name="base" source="lake.swf" x="0" y="0" width="7577" height="1432">
		<t id="b1_b_e_l" x="2642" y="1353" w="28" h="78" d="1244" o="30" />
		<t id="b1_b_e_l" x="3270" y="1298" w="28" h="78" d="1740" o="30" />
		<t id="b1_b_e_l" x="3908" y="1302" w="28" h="78" d="1319" o="30" />
		<t id="b1_b_e_l" x="4021" y="1256" w="28" h="78" d="1300" o="700" />
		<t id="b1_b_e_l" x="4639" y="1183" w="28" h="78" d="1257" o="30" />
		<t id="b1_b_e_l" x="6119" y="1205" w="28" h="78" d="1191" o="30" />
		<t id="b1_b_e_l" x="6444" y="1234" w="28" h="78" d="1351" o="700" />
		<t id="b1_b_e_r" x="2907" y="1324" w="28" h="106" d="1227" o="30" />
		<t id="b1_b_e_r" x="3535" y="1379" w="28" h="106" d="1730" o="30" />
		<t id="b1_b_e_r" x="4173" y="1384" w="28" h="106" d="1313" o="30" />
		<t id="b1_b_e_r" x="4285" y="1229" w="28" h="106" d="1293" o="30" />
		<t id="b1_b_e_r" x="5142" y="1323" w="28" h="106" d="1247" o="30" />
		<t id="b1_b_e_r" x="6265" y="1260" w="28" h="106" d="1186" o="30" />
		<t id="b1_b_e_r" x="6589" y="1234" w="28" h="106" d="1344" o="30" />
		<t id="b1_b_l" x="2761" y="1353" w="127" h="105" d="1230" o="30" />
		<t id="b1_b_l" x="2880" y="1325" w="127" h="105" d="1239" o="30" />
		<t id="b1_b_l" x="4140" y="1256" w="127" h="105" d="1308" o="700" />
		<t id="b1_b_l" x="4259" y="1228" w="127" h="105" d="1303" o="700" />
		<t id="b1_b_l" x="6563" y="1234" w="127" h="105" d="1354" o="700" />
		<t id="b1_b_r" x="3389" y="1324" w="127" h="105" d="1743" o="30" />
		<t id="b1_b_r" x="3508" y="1351" w="127" h="105" d="1737" o="30" />
		<t id="b1_b_r" x="4027" y="1329" w="127" h="105" d="1316" o="700" />
		<t id="b1_b_r" x="4146" y="1356" w="128" h="105" d="1328" o="700" />
		<t id="b1_b_r" x="4758" y="1211" w="127" h="105" d="1260" o="30" />
		<t id="b1_b_r" x="4877" y="1238" w="127" h="105" d="1269" o="30" />
		<t id="b1_b_r" x="4996" y="1267" w="127" h="105" d="1274" o="30" />
		<t id="b1_b_r" x="5115" y="1295" w="127" h="105" d="1254" o="30" />
		<t id="b1_b_r" x="6238" y="1232" w="127" h="105" d="1198" o="30" />
		<t id="b1_t_e_l" x="2370" y="1154" w="27" h="104" d="1166" o="30" />
		<t id="b1_t_e_l" x="2370" y="1258" w="27" h="104" d="1178" o="30" />
		<t id="b1_t_e_l" x="2370" y="1362" w="27" h="104" d="1182" o="30" />
		<t id="b1_t_e_l" x="2517" y="1092" w="27" h="104" d="1126" o="30" />
		<t id="b1_t_e_l" x="2517" y="1196" w="27" h="104" d="1138" o="30" />
		<t id="b1_t_e_l" x="2517" y="1300" w="27" h="104" d="1142" o="30" />
		<t id="b1_t_e_l" x="2714" y="1142" w="27" h="104" d="1106" o="30" />
		<t id="b1_t_e_l" x="2714" y="1246" w="27" h="104" d="1118" o="30" />
		<t id="b1_t_e_l" x="2714" y="1350" w="27" h="104" d="1122" o="30" />
		<t id="b1_t_e_l" x="3427" y="1103" w="27" h="104" d="1397" o="30" />
		<t id="b1_t_e_l" x="3427" y="1206" w="27" h="104" d="1401" o="30" />
		<t id="b1_t_e_l" x="3427" y="895" w="27" h="104" d="1381" o="30" />
		<t id="b1_t_e_l" x="3427" y="999" w="27" h="104" d="1393" o="30" />
		<t id="b1_t_e_l" x="4032" y="1102" w="27" h="104" d="1162" o="30" />
		<t id="b1_t_e_l" x="4032" y="894" w="27" h="104" d="1146" o="30" />
		<t id="b1_t_e_l" x="4032" y="998" w="27" h="104" d="1158" o="30" />
		<t id="b1_t_e_l" x="4149" y="1058" w="27" h="104" d="1098" o="30" />
		<t id="b1_t_e_l" x="4149" y="1158" w="27" h="104" d="1102" o="30" />
		<t id="b1_t_e_l" x="4149" y="750" w="27" h="104" d="1078" o="30" />
		<t id="b1_t_e_l" x="4149" y="854" w="27" h="104" d="1090" o="30" />
		<t id="b1_t_e_l" x="4149" y="958" w="27" h="104" d="1094" o="30" />
		<t id="b1_t_e_l" x="4639" y="1285" w="27" h="104" d="1252" o="30" />
		<t id="b1_t_e_l" x="5774" y="1346" w="27" h="104" d="1215" o="30" />
		<t id="b1_t_e_l" x="6119" y="1308" w="27" h="104" d="1189" o="30" />
		<t id="b1_t_e_l" x="6444" y="1337" w="27" h="104" d="1347" o="30" />
		<t id="b1_t_e_l" x="6668" y="1321" w="27" h="104" d="1365" o="30" />
		<t id="b1_t_e_l" x="6668" y="1425" w="27" h="104" d="1373" o="30" />
		<t id="b1_t_e_r" x="2396" y="1181" w="27" h="104" d="1168" o="30" />
		<t id="b1_t_e_r" x="2396" y="1285" w="27" h="104" d="1180" o="30" />
		<t id="b1_t_e_r" x="2396" y="1389" w="27" h="104" d="1184" o="30" />
		<t id="b1_t_e_r" x="2543" y="1120" w="27" h="104" d="1128" o="30" />
		<t id="b1_t_e_r" x="2543" y="1224" w="27" h="104" d="1140" o="30" />
		<t id="b1_t_e_r" x="2543" y="1328" w="27" h="104" d="1144" o="30" />
		<t id="b1_t_e_r" x="2740" y="1170" w="27" h="104" d="1108" o="30" />
		<t id="b1_t_e_r" x="2740" y="1274" w="27" h="104" d="1120" o="30" />
		<t id="b1_t_e_r" x="2740" y="1378" w="27" h="104" d="1124" o="30" />
		<t id="b1_t_e_r" x="3453" y="1026" w="27" h="104" d="1395" o="30" />
		<t id="b1_t_e_r" x="3453" y="1130" w="27" h="104" d="1399" o="30" />
		<t id="b1_t_e_r" x="3453" y="1233" w="27" h="104" d="1403" o="30" />
		<t id="b1_t_e_r" x="3453" y="922" w="27" h="104" d="1383" o="30" />
		<t id="b1_t_e_r" x="4058" y="1025" w="27" h="104" d="1160" o="30" />
		<t id="b1_t_e_r" x="4058" y="1129" w="27" h="104" d="1164" o="30" />
		<t id="b1_t_e_r" x="4058" y="921" w="27" h="104" d="1148" o="30" />
		<t id="b1_t_e_r" x="4175" y="1085" w="27" h="104" d="1100" o="30" />
		<t id="b1_t_e_r" x="4175" y="1185" w="27" h="104" d="1104" o="30" />
		<t id="b1_t_e_r" x="4175" y="777" w="27" h="104" d="1080" o="30" />
		<t id="b1_t_e_r" x="4175" y="881" w="27" h="104" d="1092" o="30" />
		<t id="b1_t_e_r" x="4175" y="985" w="27" h="104" d="1096" o="30" />
		<t id="b1_t_e_r" x="5142" y="1427" w="27" h="104" d="1265" o="30" />
		<t id="b1_t_e_r" x="5800" y="1373" w="27" h="104" d="1217" o="30" />
		<t id="b1_t_e_r" x="6265" y="1364" w="27" h="104" d="1194" o="30" />
		<t id="b1_t_e_r" x="6589" y="1338" w="27" h="104" d="1349" o="30" />
		<t id="b1_t_e_r" x="6694" y="1348" w="27" h="104" d="1367" o="30" />
		<t id="b1_t_e_r" x="6694" y="1452" w="27" h="104" d="1375" o="30" />
		<t id="b1_t_l" x="6563" y="1338" w="119" h="104" d="1357" o="30" />
		<t id="b1_t_r" x="4758" y="1314" w="119" h="104" d="1250" o="30" />
		<t id="b1_t_r" x="4877" y="1341" w="119" h="104" d="1267" o="30" />
		<t id="b1_t_r" x="4996" y="1370" w="119" h="104" d="1272" o="30" />
		<t id="b1_t_r" x="5115" y="1398" w="119" h="104" d="1263" o="30" />
		<t id="b1_t_r" x="6238" y="1335" w="119" h="104" d="1196" o="30" />
		<t id="b2_b_e_l" x="4142" y="1415" w="27" h="78" d="1338" o="700" />
		<t id="b2_b_e_r" x="4288" y="1415" w="27" h="105" d="1336" o="30" />
		<t id="b2_b_l" x="4261" y="1415" w="127" h="105" d="1333" o="700" />
		<t id="b2_t_e_l" x="2370" y="1465" w="27" h="104" d="1174" o="30" />
		<t id="b2_t_e_l" x="2517" y="1403" w="27" h="104" d="1134" o="30" />
		<t id="b2_t_e_l" x="2642" y="1456" w="27" h="104" d="1233" o="30" />
		<t id="b2_t_e_l" x="2714" y="1453" w="27" h="104" d="1114" o="30" />
		<t id="b2_t_e_l" x="3270" y="1398" w="27" h="104" d="1735" o="30" />
		<t id="b2_t_e_l" x="3427" y="1306" w="27" h="104" d="1389" o="30" />
		<t id="b2_t_e_l" x="3908" y="1403" w="27" h="104" d="1322" o="30" />
		<t id="b2_t_e_l" x="4021" y="1359" w="27" h="104" d="1296" o="30" />
		<t id="b2_t_e_l" x="4032" y="1205" w="27" h="104" d="1154" o="30" />
		<t id="b2_t_e_l" x="4149" y="1261" w="27" h="104" d="1086" o="30" />
		<t id="b2_t_e_l" x="4639" y="1385" w="27" h="104" d="1279" o="30" />
		<t id="b2_t_e_l" x="4907" y="1191" w="27" h="104" d="1207" o="30" />
		<t id="b2_t_e_l" x="5774" y="1449" w="27" h="104" d="1223" o="30" />
		<t id="b2_t_e_l" x="6119" y="1408" w="27" h="104" d="1201" o="30" />
		<t id="b2_t_e_l" x="6444" y="1440" w="27" h="104" d="1359" o="30" />
		<t id="b2_t_e_l" x="6668" y="1527" w="27" h="104" d="1377" o="30" />
		<t id="b2_t_e_r" x="2396" y="1492" w="27" h="104" d="1176" o="30" />
		<t id="b2_t_e_r" x="2543" y="1431" w="27" h="104" d="1136" o="30" />
		<t id="b2_t_e_r" x="2740" y="1481" w="27" h="104" d="1116" o="30" />
		<t id="b2_t_e_r" x="2906" y="1427" w="27" h="104" d="1235" o="30" />
		<t id="b2_t_e_r" x="3453" y="1333" w="27" h="104" d="1391" o="30" />
		<t id="b2_t_e_r" x="3535" y="1484" w="27" h="104" d="1748" o="30" />
		<t id="b2_t_e_r" x="4058" y="1232" w="27" h="104" d="1156" o="30" />
		<t id="b2_t_e_r" x="4173" y="1487" w="27" h="104" d="1326" o="30" />
		<t id="b2_t_e_r" x="4175" y="1288" w="27" h="104" d="1088" o="30" />
		<t id="b2_t_e_r" x="4284" y="1332" w="27" h="104" d="1298" o="30" />
		<t id="b2_t_e_r" x="4933" y="1218" w="27" h="104" d="1209" o="30" />
		<t id="b2_t_e_r" x="5142" y="1528" w="27" h="104" d="1283" o="30" />
		<t id="b2_t_e_r" x="5800" y="1476" w="27" h="104" d="1225" o="30" />
		<t id="b2_t_e_r" x="6265" y="1464" w="27" h="104" d="1203" o="30" />
		<t id="b2_t_e_r" x="6589" y="1441" w="27" h="104" d="1361" o="30" />
		<t id="b2_t_e_r" x="6694" y="1554" w="27" h="104" d="1379" o="30" />
		<t id="b2_t_l" x="2761" y="1456" w="119" h="104" d="1237" o="30" />
		<t id="b2_t_l" x="2879" y="1429" w="119" h="104" d="1242" o="30" />
		<t id="b2_t_l" x="4140" y="1360" w="119" h="104" d="1311" o="30" />
		<t id="b2_t_l" x="4258" y="1332" w="119" h="104" d="1306" o="30" />
		<t id="b2_t_l" x="6563" y="1441" w="119" h="104" d="1363" o="30" />
		<t id="b2_t_r" x="3389" y="1427" w="119" h="104" d="1733" o="30" />
		<t id="b2_t_r" x="3508" y="1455" w="119" h="104" d="1746" o="30" />
		<t id="b2_t_r" x="4027" y="1432" w="119" h="104" d="1324" o="30" />
		<t id="b2_t_r" x="4146" y="1460" w="119" h="104" d="1331" o="30" />
		<t id="b2_t_r" x="4758" y="1414" w="119" h="104" d="1277" o="30" />
		<t id="b2_t_r" x="4877" y="1441" w="119" h="104" d="1285" o="30" />
		<t id="b2_t_r" x="4996" y="1470" w="119" h="104" d="1287" o="30" />
		<t id="b2_t_r" x="5115" y="1498" w="119" h="104" d="1281" o="30" />
		<t id="b2_t_r" x="6238" y="1435" w="119" h="104" d="1205" o="30" />
		<t id="b_s" x="2396" y="1078" w="54" h="105" d="1170" o="30" />
		<t id="b_s" x="2543" y="1016" w="54" h="105" d="1130" o="30" />
		<t id="b_s" x="2740" y="1066" w="54" h="105" d="1110" o="30" />
		<t id="b_s" x="3453" y="818" w="54" h="105" d="1385" o="30" />
		<t id="b_s" x="4058" y="817" w="54" h="105" d="1150" o="30" />
		<t id="b_s" x="4175" y="673" w="54" h="105" d="1082" o="30" />
		<t id="b_s" x="4933" y="1114" w="54" h="105" d="1211" o="30" />
		<t id="b_s" x="5800" y="1269" w="54" h="105" d="1219" o="30" />
		<t id="b_s" x="6694" y="1244" w="54" h="105" d="1369" o="30" />
		<t id="be" x="1228" y="1037" w="42" h="95" d="2011" o="30" />
		<t id="be" x="1322" y="1076" w="42" h="95" d="2015" o="30" />
		<t id="be" x="1453" y="1143" w="42" h="95" d="2003" o="30" />
		<t id="be" x="1619" y="1177" w="42" h="95" d="2007" o="30" />
		<t id="be" x="1924" y="1369" w="42" h="95" d="1963" o="30" />
		<t id="be" x="2068" y="838" w="42" h="95" d="1026" o="30" />
		<t id="be" x="2216" y="1371" w="42" h="95" d="1959" o="30" />
		<t id="be" x="2247" y="840" w="42" h="95" d="1030" o="30" />
		<t id="be" x="2277" y="1371" w="42" h="95" d="2160" o="30" />
		<t id="be" x="2437" y="1371" w="42" h="95" d="1943" o="30" />
		<t id="be" x="2625" y="1283" w="42" h="95" d="1971" o="30" />
		<t id="be" x="2881" y="675" w="42" h="95" d="701" o="30" />
		<t id="be" x="2910" y="1220" w="42" h="95" d="1967" o="30" />
		<t id="be" x="3031" y="830" w="42" h="95" d="731" o="30" />
		<t id="be" x="3124" y="827" w="42" h="95" d="727" o="30" />
		<t id="be" x="3311" y="675" w="42" h="95" d="705" o="30" />
		<t id="be" x="3360" y="1238" w="42" h="95" d="1987" o="30" />
		<t id="be" x="3546" y="1282" w="42" h="95" d="1983" o="30" />
		<t id="be" x="3606" y="1392" w="42" h="95" d="2164" o="30" />
		<t id="be" x="3639" y="786" w="42" h="95" d="939" o="30" />
		<t id="be" x="3641" y="971" w="42" h="95" d="1425" o="30" />
		<t id="be" x="3732" y="786" w="42" h="95" d="943" o="30" />
		<t id="be" x="3802" y="970" w="42" h="95" d="1421" o="30" />
		<t id="be" x="3886" y="1392" w="42" h="95" d="2083" o="30" />
		<t id="be" x="3954" y="1236" w="42" h="95" d="2051" o="400" />
		<t id="be" x="4199" y="752" w="42" h="95" d="954" o="30" />
		<t id="be" x="4235" y="1322" w="42" h="95" d="2055" o="500" />
		<t id="be" x="4370" y="754" w="42" h="95" d="958" o="30" />
		<t id="be" x="4615" y="1106" w="42" h="95" d="2059" o="30" />
		<t id="be" x="479" y="711" w="42" h="95" d="1995" o="30" />
		<t id="be" x="4812" y="1143" w="42" h="95" d="2067" o="30" />
		<t id="be" x="5127" y="1215" w="42" h="95" d="2063" o="30" />
		<t id="be" x="5434" y="1395" w="42" h="95" d="2124" o="30" />
		<t id="be" x="5730" y="1395" w="42" h="95" d="2128" o="30" />
		<t id="be" x="5875" y="1365" w="42" h="95" d="2095" o="30" />
		<t id="be" x="6041" y="1365" w="42" h="95" d="2099" o="30" />
		<t id="be" x="6107" y="1130" w="42" h="95" d="2112" o="30" />
		<t id="be" x="6274" y="1160" w="42" h="95" d="2116" o="30" />
		<t id="be" x="6667" y="1389" w="42" h="95" d="2140" o="30" />
		<t id="be" x="6963" y="1389" w="42" h="95" d="2144" o="30" />
		<t id="be" x="890" y="845" w="42" h="95" d="1999" o="30" />
		<t id="be" x="901" y="915" w="42" h="95" d="2035" o="30" />
		<t id="be" x="942" y="921" w="42" h="95" d="2039" o="30" />
		<t id="bh" x="18" y="655" w="105" h="309" d="2278" o="" />
		<t id="bh" x="7652" y="1236" w="105" h="309" d="1515" o="" />
		<t id="c" x="1042" y="909" w="23" h="24" d="2260" o="" />
		<t id="c" x="1347" y="1016" w="23" h="24" d="2248" o="" />
		<t id="c" x="1405" y="1056" w="23" h="24" d="2252" o="" />
		<t id="c" x="2928" y="1091" w="23" h="24" d="2204" o="" />
		<t id="c" x="2970" y="1051" w="23" h="24" d="2200" o="" />
		<t id="c" x="3212" y="1050" w="23" h="24" d="2168" o="" />
		<t id="c" x="3252" y="1090" w="23" h="24" d="2172" o="" />
		<t id="c" x="3716" y="1211" w="23" h="24" d="2244" o="" />
		<t id="c" x="3758" y="1171" w="23" h="24" d="2236" o="" />
		<t id="c" x="3798" y="1211" w="23" h="24" d="2240" o="" />
		<t id="c" x="4196" y="1233" w="23" h="24" d="2228" o="" />
		<t id="c" x="4248" y="1276" w="23" h="24" d="2232" o="" />
		<t id="c" x="4699" y="1231" w="23" h="24" d="2176" o="" />
		<t id="c" x="4750" y="1192" w="23" h="24" d="2180" o="" />
		<t id="c" x="4993" y="951" w="23" h="24" d="2212" o="" />
		<t id="c" x="5043" y="993" w="23" h="24" d="2208" o="" />
		<t id="c" x="5543" y="1173" w="23" h="24" d="2224" o="" />
		<t id="c" x="5585" y="1133" w="23" h="24" d="2216" o="" />
		<t id="c" x="5625" y="1173" w="23" h="24" d="2220" o="" />
		<t id="c" x="5868" y="1059" w="23" h="24" d="2264" o="" />
		<t id="c" x="5926" y="1099" w="23" h="24" d="2268" o="" />
		<t id="c" x="6143" y="1063" w="23" h="24" d="2196" o="" />
		<t id="c" x="6192" y="1017" w="23" h="24" d="2192" o="" />
		<t id="c" x="984" y="869" w="23" h="24" d="2256" o="" />
		<t id="d_eb" x="1739" y="1400" w="80" h="168" d="1442" o="" />
		<t id="d_eb" x="1857" y="1483" w="80" h="168" d="1723" o="" />
		<t id="d_eb" x="2529" y="1517" w="80" h="168" d="1750" o="" />
		<t id="d_eb" x="4899" y="1506" w="80" h="168" d="1774" o="" />
		<t id="d_eb" x="5335" y="1486" w="80" h="168" d="1521" o="" />
		<t id="d_eb_b" x="3136" y="1459" w="123" h="168" d="1757" o="" />
		<t id="d_eb_b" x="4510" y="1400" w="123" h="168" d="1528" o="" />
		<t id="d_ek" x="46" y="638" w="32" h="38" d="1071" o="" />
		<t id="d_is2" x="90" y="639" w="22" h="11" d="1069" o="" />
		<t id="d_sh1" x="2201" y="839" w="73" h="10" d="619" o="" />
		<t id="d_sh1" x="334" y="638" w="73" h="10" d="1073" o="" />
		<t id="d_sh1" x="7221" y="1228" w="73" h="10" d="1519" o="" />
		<t id="d_sh2" x="3043" y="675" w="88" h="14" d="617" o="" />
		<t id="d_sp" x="3792" y="692" w="45" h="50" d="1067" o="" />
		<t id="e" x="2224" y="975" w="17" h="16" d="1042" o="" />
		<t id="e" x="3822" y="828" w="17" h="16" d="2272" o="" />
		<t id="e" x="4287" y="993" w="17" h="16" d="2184" o="" />
		<t id="e" x="5422" y="1213" w="17" h="16" d="2188" o="" />
		<t id="ec" x="4470" y="429" w="30" h="27" d="966" o="" />
		<t id="evilfish" x="2605" y="1326" w="53" h="268" d="1405" o="" />
		<t id="evilfish" x="4755" y="1333" w="53" h="268" d="1413" o="" />
		<t id="f_b_t" x="2210" y="943" w="121" h="104" d="977" o="30" />
		<t id="f_b_t" x="3017" y="778" w="121" h="104" d="629" o="300" />
		<t id="f_b_t" x="3137" y="778" w="121" h="104" d="632" o="300" />
		<t id="f_b_t" x="3258" y="778" w="121" h="104" d="635" o="300" />
		<t id="f_b_t" x="3807" y="796" w="121" h="104" d="887" o="30" />
		<t id="f_b_t" x="4391" y="570" w="121" h="104" d="817" o="300" />
		<t id="f_b_t" x="4511" y="570" w="121" h="104" d="820" o="300" />
		<t id="f_b_t" x="4632" y="570" w="121" h="104" d="823" o="300" />
		<t id="f_l_t" x="2089" y="943" w="22" h="104" d="974" o="30" />
		<t id="f_l_t" x="2896" y="778" w="22" h="104" d="626" o="30" />
		<t id="f_l_t" x="3686" y="796" w="22" h="104" d="884" o="30" />
		<t id="f_l_t" x="4270" y="570" w="22" h="104" d="814" o="30" />
		<t id="f_r_t" x="2230" y="943" w="22" h="104" d="969" o="30" />
		<t id="f_r_t" x="3280" y="778" w="22" h="104" d="623" o="30" />
		<t id="f_r_t" x="3827" y="796" w="22" h="104" d="879" o="30" />
		<t id="f_r_t" x="4654" y="570" w="22" h="104" d="811" o="30" />
		<t id="f_s_b" x="1283" y="1051" w="41" h="25" d="1449" o="30" />
		<t id="f_s_b" x="1424" y="941" w="41" h="25" d="763" o="30" />
		<t id="f_s_b" x="1582" y="919" w="41" h="25" d="750" o="30" />
		<t id="f_s_b" x="1736" y="974" w="41" h="25" d="737" o="30" />
		<t id="f_s_b" x="1906" y="934" w="41" h="25" d="1046" o="30" />
		<t id="f_s_t" x="1275" y="1508" w="25" h="104" d="1462" o="" />
		<t id="f_s_t" x="1416" y="1357" w="25" h="104" d="761" o="" />
		<t id="f_s_t" x="1574" y="1334" w="25" h="104" d="748" o="" />
		<t id="f_s_t" x="1728" y="1389" w="25" h="104" d="735" o="" />
		<t id="f_s_t" x="1898" y="1399" w="25" h="104" d="1059" o="" />
		<t id="f_s_t_t" x="1275" y="1130" w="25" h="79" d="1452" o="" />
		<t id="f_s_t_t" x="1275" y="1208" w="25" h="79" d="1454" o="" />
		<t id="f_s_t_t" x="1275" y="1287" w="25" h="79" d="1456" o="" />
		<t id="f_s_t_t" x="1275" y="1365" w="25" h="79" d="1458" o="" />
		<t id="f_s_t_t" x="1275" y="1443" w="25" h="79" d="1460" o="" />
		<t id="f_s_t_t" x="1416" y="1020" w="25" h="79" d="766" o="" />
		<t id="f_s_t_t" x="1416" y="1098" w="25" h="79" d="768" o="" />
		<t id="f_s_t_t" x="1416" y="1177" w="25" h="79" d="770" o="" />
		<t id="f_s_t_t" x="1416" y="1254" w="25" h="79" d="772" o="" />
		<t id="f_s_t_t" x="1574" y="1075" w="25" h="79" d="755" o="" />
		<t id="f_s_t_t" x="1574" y="1154" w="25" h="79" d="757" o="" />
		<t id="f_s_t_t" x="1574" y="1231" w="25" h="79" d="759" o="" />
		<t id="f_s_t_t" x="1574" y="997" w="25" h="79" d="753" o="" />
		<t id="f_s_t_t" x="1728" y="1052" w="25" h="79" d="740" o="" />
		<t id="f_s_t_t" x="1728" y="1130" w="25" h="79" d="742" o="" />
		<t id="f_s_t_t" x="1728" y="1209" w="25" h="79" d="744" o="" />
		<t id="f_s_t_t" x="1728" y="1286" w="25" h="79" d="746" o="" />
		<t id="f_s_t_t" x="1898" y="1012" w="25" h="79" d="1049" o="" />
		<t id="f_s_t_t" x="1898" y="1090" w="25" h="79" d="1051" o="" />
		<t id="f_s_t_t" x="1898" y="1169" w="25" h="79" d="1053" o="" />
		<t id="f_s_t_t" x="1898" y="1246" w="25" h="79" d="1055" o="" />
		<t id="f_s_t_t" x="1898" y="1323" w="25" h="79" d="1057" o="" />
		<t id="f_t_l" x="2089" y="1669" w="14" h="104" d="988" o="" />
		<t id="f_t_l" x="2897" y="1402" w="14" h="104" d="688" o="" />
		<t id="f_t_l" x="3686" y="1521" w="14" h="104" d="898" o="" />
		<t id="f_t_l" x="4270" y="1401" w="14" h="104" d="785" o="" />
		<t id="f_t_r" x="2223" y="1668" w="14" h="104" d="984" o="" />
		<t id="f_t_r" x="3271" y="1401" w="14" h="104" d="684" o="" />
		<t id="f_t_r" x="3820" y="1521" w="14" h="104" d="894" o="" />
		<t id="f_t_r" x="4645" y="1401" w="14" h="104" d="781" o="" />
		<t id="f_t_t_l" x="2089" y="1048" w="14" h="104" d="1018" o="" />
		<t id="f_t_t_l" x="2089" y="1152" w="14" h="104" d="1012" o="" />
		<t id="f_t_t_l" x="2089" y="1256" w="14" h="104" d="982" o="" />
		<t id="f_t_t_l" x="2089" y="1359" w="14" h="104" d="1000" o="" />
		<t id="f_t_t_l" x="2089" y="1463" w="14" h="104" d="1006" o="" />
		<t id="f_t_t_l" x="2089" y="1566" w="14" h="104" d="994" o="" />
		<t id="f_t_t_l" x="2897" y="1090" w="14" h="104" d="662" o="" />
		<t id="f_t_t_l" x="2897" y="1194" w="14" h="104" d="672" o="" />
		<t id="f_t_t_l" x="2897" y="1298" w="14" h="104" d="682" o="" />
		<t id="f_t_t_l" x="2897" y="882" w="14" h="104" d="642" o="" />
		<t id="f_t_t_l" x="2897" y="986" w="14" h="104" d="652" o="" />
		<t id="f_t_t_l" x="3686" y="1004" w="14" h="104" d="922" o="" />
		<t id="f_t_t_l" x="3686" y="1108" w="14" h="104" d="892" o="" />
		<t id="f_t_t_l" x="3686" y="1211" w="14" h="104" d="910" o="" />
		<t id="f_t_t_l" x="3686" y="1315" w="14" h="104" d="916" o="" />
		<t id="f_t_t_l" x="3686" y="1418" w="14" h="104" d="904" o="" />
		<t id="f_t_t_l" x="3686" y="900" w="14" h="104" d="928" o="" />
		<t id="f_t_t_l" x="4270" y="1090" w="14" h="104" d="870" o="" />
		<t id="f_t_t_l" x="4270" y="1194" w="14" h="104" d="805" o="" />
		<t id="f_t_t_l" x="4270" y="1298" w="14" h="104" d="795" o="" />
		<t id="f_t_t_l" x="4270" y="674" w="14" h="104" d="830" o="" />
		<t id="f_t_t_l" x="4270" y="778" w="14" h="104" d="840" o="" />
		<t id="f_t_t_l" x="4270" y="882" w="14" h="104" d="850" o="" />
		<t id="f_t_t_l" x="4270" y="986" w="14" h="104" d="860" o="" />
		<t id="f_t_t_r" x="2222" y="1047" w="14" h="104" d="1014" o="" />
		<t id="f_t_t_r" x="2222" y="1151" w="14" h="104" d="1008" o="" />
		<t id="f_t_t_r" x="2222" y="1255" w="14" h="104" d="972" o="" />
		<t id="f_t_t_r" x="2222" y="1358" w="14" h="104" d="996" o="" />
		<t id="f_t_t_r" x="2222" y="1462" w="14" h="104" d="1002" o="" />
		<t id="f_t_t_r" x="2222" y="1565" w="14" h="104" d="990" o="" />
		<t id="f_t_t_r" x="3272" y="1090" w="14" h="104" d="658" o="" />
		<t id="f_t_t_r" x="3272" y="1194" w="14" h="104" d="668" o="" />
		<t id="f_t_t_r" x="3272" y="1298" w="14" h="104" d="678" o="" />
		<t id="f_t_t_r" x="3272" y="882" w="14" h="104" d="638" o="" />
		<t id="f_t_t_r" x="3272" y="986" w="14" h="104" d="648" o="" />
		<t id="f_t_t_r" x="3819" y="1003" w="14" h="104" d="918" o="" />
		<t id="f_t_t_r" x="3819" y="1107" w="14" h="104" d="882" o="" />
		<t id="f_t_t_r" x="3819" y="1210" w="14" h="104" d="906" o="" />
		<t id="f_t_t_r" x="3819" y="1314" w="14" h="104" d="912" o="" />
		<t id="f_t_t_r" x="3819" y="1417" w="14" h="104" d="900" o="" />
		<t id="f_t_t_r" x="3819" y="899" w="14" h="104" d="924" o="" />
		<t id="f_t_t_r" x="4645" y="1090" w="14" h="104" d="866" o="" />
		<t id="f_t_t_r" x="4645" y="1194" w="14" h="104" d="801" o="" />
		<t id="f_t_t_r" x="4645" y="1298" w="14" h="104" d="791" o="" />
		<t id="f_t_t_r" x="4645" y="674" w="14" h="104" d="826" o="" />
		<t id="f_t_t_r" x="4645" y="778" w="14" h="104" d="836" o="" />
		<t id="f_t_t_r" x="4645" y="882" w="14" h="104" d="846" o="" />
		<t id="f_t_t_r" x="4645" y="986" w="14" h="104" d="856" o="" />
		<t id="floe" x="2417" y="1412" w="158" h="45" d="1934" o="30" />
		<t id="floe" x="4126" y="1416" w="158" h="45" d="1604" o="30" />
		<t id="floe" x="4683" y="1416" w="158" h="45" d="1781" o="30" />
		<t id="floe" x="6015" y="1407" w="158" h="45" d="1840" o="30" />
		<t id="floe_b" x="2172" y="1421" w="268" h="45" d="1510" o="30" />
		<t id="floe_b" x="6464" y="1414" w="268" h="45" d="2107" o="30" />
		<t id="g" x="7388" y="1234" w="44" h="335" d="1571" o="30" />
		<t id="joggybear" x="4267" y="1139" w="70" h="98" d="1289" o="700" />
		<t id="joggybear" x="6538" y="1155" w="70" h="98" d="1340" o="700" />
		<t id="moby" x="3911" y="1405" w="329" h="48" d="1786" o="100" />
		<t id="moby" x="5731" y="1405" w="329" h="48" d="1804" o="100" />
		<t id="moby" x="6971" y="1405" w="329" h="48" d="1822" o="100" />
		<t id="orange" x="1568" y="1177" w="32" h="34" d="2047" o="0" />
		<t id="orange" x="2097" y="1370" w="32" h="34" d="1939" o="0" />
		<t id="orange" x="2953" y="673" w="32" h="34" d="719" o="0" />
		<t id="orange" x="3471" y="1260" w="32" h="34" d="1991" o="0" />
		<t id="orange" x="3748" y="970" w="32" h="34" d="1429" o="0" />
		<t id="orange" x="3815" y="1370" w="32" h="34" d="2087" o="0" />
		<t id="orange" x="4273" y="748" w="32" h="34" d="962" o="0" />
		<t id="orange" x="5015" y="1186" w="32" h="34" d="2079" o="0" />
		<t id="orange" x="589" y="737" w="32" h="34" d="2023" o="0" />
		<t id="orange" x="6816" y="1367" w="32" h="34" d="2156" o="0" />
		<t id="orange" x="982" y="933" w="32" h="34" d="2043" o="0" />
		<t id="pinku" x="1262" y="1026" w="32" h="34" d="2019" o="0" />
		<t id="pinku" x="2120" y="839" w="32" h="34" d="1038" o="0" />
		<t id="pinku" x="2158" y="1372" w="32" h="34" d="1947" o="0" />
		<t id="pinku" x="2329" y="1370" w="32" h="34" d="1951" o="0" />
		<t id="pinku" x="2805" y="1234" w="32" h="34" d="1975" o="0" />
		<t id="pinku" x="3042" y="673" w="32" h="34" d="715" o="0" />
		<t id="pinku" x="3673" y="779" w="32" h="34" d="947" o="0" />
		<t id="pinku" x="4877" y="1158" w="32" h="34" d="2071" o="0" />
		<t id="pinku" x="5526" y="1370" w="32" h="34" d="2132" o="0" />
		<t id="pinku" x="6740" y="1373" w="32" h="34" d="2148" o="0" />
		<t id="pinku" x="679" y="780" w="32" h="34" d="2027" o="0" />
		<t id="pinkumom" x="3265" y="671" w="96" h="95" d="709" o="100" />
		<t id="purpu" x="1992" y="1369" w="32" h="34" d="1955" o="0" />
		<t id="purpu" x="2193" y="841" w="32" h="34" d="1034" o="0" />
		<t id="purpu" x="2688" y="1262" w="32" h="34" d="1979" o="0" />
		<t id="purpu" x="3068" y="826" w="32" h="34" d="777" o="0" />
		<t id="purpu" x="3115" y="673" w="32" h="34" d="723" o="0" />
		<t id="purpu" x="3403" y="1251" w="32" h="34" d="2091" o="0" />
		<t id="purpu" x="4732" y="1126" w="32" h="34" d="2075" o="0" />
		<t id="purpu" x="5638" y="1367" w="32" h="34" d="2136" o="0" />
		<t id="purpu" x="5949" y="1360" w="32" h="34" d="2103" o="0" />
		<t id="purpu" x="6182" y="1138" w="32" h="34" d="2120" o="0" />
		<t id="purpu" x="6894" y="1373" w="32" h="34" d="2152" o="0" />
		<t id="purpu" x="771" y="833" w="32" h="34" d="2031" o="0" />
		<t id="robbe" x="5063" y="1418" w="65" h="45" d="2458" o="" />
		<t id="robbe" x="5187" y="1418" w="65" h="45" d="2464" o="" />
		<t id="robbe" x="5823" y="1416" w="65" h="45" d="2470" o="" />
		<t id="robbe" x="6092" y="1416" w="65" h="45" d="2476" o="" />
		<t id="robbe" x="6582" y="1416" w="65" h="45" d="2482" o="" />
		<t id="s_b_t" x="117" y="741" w="121" h="105" d="1626" o="30" />
		<t id="s_b_t" x="238" y="741" w="121" h="105" d="1621" o="30" />
		<t id="s_b_t" x="358" y="741" w="121" h="105" d="1629" o="30" />
		<t id="s_b_t" x="7153" y="1332" w="121" h="105" d="1551" o="30" />
		<t id="s_b_t" x="7274" y="1332" w="121" h="105" d="1554" o="30" />
		<t id="s_b_t" x="7395" y="1332" w="121" h="105" d="1545" o="30" />
		<t id="s_b_t" x="7516" y="1332" w="121" h="105" d="1548" o="30" />
		<t id="s_b_t" x="7636" y="1332" w="121" h="105" d="1433" o="30" />
		<t id="s_c_b_r" x="1172" y="1121" w="121" h="104" d="1485" o="30" />
		<t id="s_c_b_r" x="1588" y="1283" w="121" h="104" d="1697" o="30" />
		<t id="s_c_b_r" x="600" y="845" w="121" h="104" d="1624" o="30" />
		<t id="s_c_b_r" x="842" y="948" w="121" h="104" d="1632" o="30" />
		<t id="s_c_t_r" x="1172" y="1018" w="247" h="104" d="1883" o="30" />
		<t id="s_c_t_r" x="1588" y="1180" w="247" h="104" d="1708" o="30" />
		<t id="s_c_t_r" x="600" y="741" w="247" h="104" d="1634" o="30" />
		<t id="s_c_t_r" x="842" y="844" w="247" h="104" d="1649" o="30" />
		<t id="s_i_b" x="4604" y="462" w="392" h="152" d="621" o="30" />
		<t id="s_i_f" x="4604" y="462" w="392" h="154" d="2488" o="30" />
		<t id="s_l_s" x="1346" y="1284" w="23" h="104" d="1692" o="30" />
		<t id="s_l_s" x="1346" y="1387" w="23" h="104" d="1907" o="30" />
		<t id="s_l_s" x="930" y="1120" w="23" h="104" d="1675" o="30" />
		<t id="s_l_s" x="930" y="1223" w="23" h="104" d="1876" o="30" />
		<t id="s_l_s" x="930" y="1327" w="23" h="104" d="1499" o="30" />
		<t id="s_l_t" x="1346" y="1180" w="22" h="104" d="1699" o="30" />
		<t id="s_l_t" x="7032" y="1332" w="22" h="104" d="1557" o="30" />
		<t id="s_l_t" x="930" y="1018" w="22" h="104" d="1680" o="30" />
		<t id="s_l_t_s" x="1346" y="1490" w="23" h="104" d="1928" o="30" />
		<t id="s_l_t_s" x="7032" y="1436" w="23" h="104" d="1560" o="30" />
		<t id="s_l_t_s" x="930" y="1431" w="23" h="104" d="1921" o="30" />
		<t id="s_r_s" x="1191" y="1225" w="23" h="104" d="1689" o="30" />
		<t id="s_r_s" x="1191" y="1328" w="23" h="104" d="1487" o="30" />
		<t id="s_r_s" x="1606" y="1388" w="23" h="104" d="1705" o="30" />
		<t id="s_r_s" x="862" y="1051" w="23" h="104" d="1683" o="30" />
		<t id="s_r_s" x="862" y="1154" w="23" h="104" d="1859" o="30" />
		<t id="s_r_s" x="862" y="1258" w="23" h="104" d="1490" o="30" />
		<t id="s_r_s" x="862" y="1362" w="23" h="104" d="1476" o="30" />
		<t id="s_r_t" x="1193" y="1121" w="23" h="104" d="1686" o="30" />
		<t id="s_r_t" x="1608" y="1284" w="23" h="104" d="1702" o="30" />
		<t id="s_r_t" x="864" y="947" w="23" h="104" d="1672" o="30" />
		<t id="s_r_t_s" x="1191" y="1432" w="23" h="104" d="1914" o="30" />
		<t id="s_r_t_s" x="1606" y="1490" w="23" h="104" d="1931" o="30" />
		<t id="s_r_t_s" x="862" y="1465" w="23" h="104" d="1898" o="30" />
		<t id="s_rb" x="2966" y="969" w="145" h="51" d="774" o="30" />
		<t id="s_rb" x="3783" y="1022" w="145" h="51" d="930" o="30" />
		<t id="s_rb" x="4347" y="801" w="145" h="51" d="951" o="30" />
		<t id="s_rb" x="4702" y="872" w="145" h="51" d="1061" o="30" />
		<t id="s_rb_s" x="2111" y="965" w="65" h="38" d="1023" o="30" />
		<t id="s_rb_s" x="2251" y="1031" w="65" h="38" d="1020" o="30" />
		<t id="s_rb_s" x="2916" y="793" w="65" h="38" d="876" o="30" />
		<t id="s_rb_s" x="3100" y="865" w="65" h="38" d="698" o="30" />
		<t id="s_rb_s" x="3708" y="818" w="65" h="38" d="936" o="30" />
		<t id="s_rb_s" x="3848" y="884" w="65" h="38" d="933" o="30" />
		<t id="s_rb_s" x="4289" y="687" w="65" h="38" d="1075" o="30" />
		<t id="s_rb_s" x="4509" y="732" w="65" h="38" d="1064" o="30" />
		<t id="speedy" x="3176" y="1246" w="233" h="35" d="1768" o="35" />
		<t id="speedy" x="4552" y="1187" w="233" h="35" d="1539" o="35" />
		<t id="t1_b" x="1051" y="1120" w="121" h="104" d="1678" o="" />
		<t id="t1_b" x="1051" y="1223" w="121" h="104" d="1879" o="" />
		<t id="t1_b" x="1051" y="1327" w="121" h="104" d="1502" o="" />
		<t id="t1_b" x="1171" y="1223" w="121" h="104" d="1881" o="" />
		<t id="t1_b" x="1171" y="1327" w="121" h="104" d="1504" o="" />
		<t id="t1_b" x="119" y="1050" w="121" h="104" d="1855" o="" />
		<t id="t1_b" x="119" y="1154" w="121" h="104" d="1874" o="" />
		<t id="t1_b" x="119" y="845" w="121" h="104" d="1670" o="" />
		<t id="t1_b" x="119" y="948" w="121" h="104" d="1619" o="" />
		<t id="t1_b" x="1467" y="1283" w="121" h="104" d="1695" o="" />
		<t id="t1_b" x="1467" y="1387" w="121" h="104" d="1910" o="" />
		<t id="t1_b" x="1586" y="1387" w="121" h="104" d="1912" o="" />
		<t id="t1_b" x="2209" y="1047" w="121" h="104" d="1016" o="" />
		<t id="t1_b" x="2209" y="1151" w="121" h="104" d="1010" o="" />
		<t id="t1_b" x="2209" y="1255" w="121" h="104" d="980" o="" />
		<t id="t1_b" x="2209" y="1358" w="121" h="104" d="998" o="" />
		<t id="t1_b" x="2209" y="1462" w="121" h="104" d="1004" o="" />
		<t id="t1_b" x="2209" y="1565" w="121" h="104" d="992" o="" />
		<t id="t1_b" x="239" y="1050" w="121" h="104" d="1853" o="" />
		<t id="t1_b" x="239" y="1154" w="121" h="104" d="1872" o="" />
		<t id="t1_b" x="239" y="845" w="121" h="104" d="1668" o="" />
		<t id="t1_b" x="239" y="948" w="121" h="104" d="1617" o="" />
		<t id="t1_b" x="3016" y="1090" w="121" h="104" d="660" o="" />
		<t id="t1_b" x="3016" y="1194" w="121" h="104" d="670" o="" />
		<t id="t1_b" x="3016" y="1298" w="121" h="104" d="680" o="" />
		<t id="t1_b" x="3016" y="882" w="121" h="104" d="640" o="" />
		<t id="t1_b" x="3016" y="986" w="121" h="104" d="650" o="" />
		<t id="t1_b" x="3137" y="1090" w="121" h="104" d="664" o="" />
		<t id="t1_b" x="3137" y="1194" w="121" h="104" d="674" o="" />
		<t id="t1_b" x="3137" y="1298" w="121" h="104" d="690" o="" />
		<t id="t1_b" x="3137" y="882" w="121" h="104" d="644" o="" />
		<t id="t1_b" x="3137" y="986" w="121" h="104" d="654" o="" />
		<t id="t1_b" x="3258" y="1090" w="121" h="104" d="666" o="" />
		<t id="t1_b" x="3258" y="1194" w="121" h="104" d="676" o="" />
		<t id="t1_b" x="3258" y="1298" w="121" h="104" d="694" o="" />
		<t id="t1_b" x="3258" y="882" w="121" h="104" d="646" o="" />
		<t id="t1_b" x="3258" y="986" w="121" h="104" d="656" o="" />
		<t id="t1_b" x="360" y="1050" w="121" h="104" d="1851" o="" />
		<t id="t1_b" x="360" y="1154" w="121" h="104" d="1870" o="" />
		<t id="t1_b" x="360" y="845" w="121" h="104" d="1666" o="" />
		<t id="t1_b" x="360" y="948" w="121" h="104" d="1615" o="" />
		<t id="t1_b" x="3806" y="1004" w="121" h="104" d="920" o="" />
		<t id="t1_b" x="3806" y="1108" w="121" h="104" d="890" o="" />
		<t id="t1_b" x="3806" y="1211" w="121" h="104" d="908" o="" />
		<t id="t1_b" x="3806" y="1315" w="121" h="104" d="914" o="" />
		<t id="t1_b" x="3806" y="1418" w="121" h="104" d="902" o="" />
		<t id="t1_b" x="3806" y="900" w="121" h="104" d="926" o="" />
		<t id="t1_b" x="4390" y="1090" w="121" h="104" d="868" o="" />
		<t id="t1_b" x="4390" y="1194" w="121" h="104" d="803" o="" />
		<t id="t1_b" x="4390" y="1298" w="121" h="104" d="793" o="" />
		<t id="t1_b" x="4390" y="674" w="121" h="104" d="828" o="" />
		<t id="t1_b" x="4390" y="778" w="121" h="104" d="838" o="" />
		<t id="t1_b" x="4390" y="882" w="121" h="104" d="848" o="" />
		<t id="t1_b" x="4390" y="986" w="121" h="104" d="858" o="" />
		<t id="t1_b" x="4511" y="1090" w="121" h="104" d="872" o="" />
		<t id="t1_b" x="4511" y="1194" w="121" h="104" d="807" o="" />
		<t id="t1_b" x="4511" y="1298" w="121" h="104" d="797" o="" />
		<t id="t1_b" x="4511" y="674" w="121" h="104" d="832" o="" />
		<t id="t1_b" x="4511" y="778" w="121" h="104" d="842" o="" />
		<t id="t1_b" x="4511" y="882" w="121" h="104" d="852" o="" />
		<t id="t1_b" x="4511" y="986" w="121" h="104" d="862" o="" />
		<t id="t1_b" x="4632" y="1090" w="121" h="104" d="874" o="" />
		<t id="t1_b" x="4632" y="1194" w="121" h="104" d="809" o="" />
		<t id="t1_b" x="4632" y="1298" w="121" h="104" d="799" o="" />
		<t id="t1_b" x="4632" y="674" w="121" h="104" d="834" o="" />
		<t id="t1_b" x="4632" y="778" w="121" h="104" d="844" o="" />
		<t id="t1_b" x="4632" y="882" w="121" h="104" d="854" o="" />
		<t id="t1_b" x="4632" y="986" w="121" h="104" d="864" o="" />
		<t id="t1_b" x="481" y="1050" w="121" h="104" d="1849" o="" />
		<t id="t1_b" x="481" y="1154" w="121" h="104" d="1868" o="" />
		<t id="t1_b" x="481" y="845" w="121" h="104" d="1664" o="" />
		<t id="t1_b" x="481" y="948" w="121" h="104" d="1613" o="" />
		<t id="t1_b" x="601" y="1050" w="121" h="104" d="1847" o="" />
		<t id="t1_b" x="601" y="1154" w="121" h="104" d="1864" o="" />
		<t id="t1_b" x="601" y="1258" w="121" h="104" d="1495" o="" />
		<t id="t1_b" x="601" y="1362" w="121" h="104" d="1481" o="" />
		<t id="t1_b" x="601" y="948" w="121" h="104" d="1611" o="" />
		<t id="t1_b" x="722" y="1050" w="121" h="104" d="1845" o="" />
		<t id="t1_b" x="722" y="1154" w="121" h="104" d="1862" o="" />
		<t id="t1_b" x="722" y="1258" w="121" h="104" d="1493" o="" />
		<t id="t1_b" x="722" y="1362" w="121" h="104" d="1479" o="" />
		<t id="t1_b" x="722" y="948" w="121" h="104" d="1609" o="" />
		<t id="t1_b" x="842" y="1050" w="121" h="104" d="1857" o="" />
		<t id="t1_b" x="842" y="1154" w="121" h="104" d="1866" o="" />
		<t id="t1_b" x="842" y="1258" w="121" h="104" d="1497" o="" />
		<t id="t1_b" x="842" y="1362" w="121" h="104" d="1483" o="" />
		<t id="t2_b" x="1051" y="1431" w="121" h="104" d="1917" o="" />
		<t id="t2_b" x="1171" y="1431" w="121" h="104" d="1919" o="" />
		<t id="t2_b" x="1467" y="1490" w="121" h="104" d="1924" o="" />
		<t id="t2_b" x="1587" y="1490" w="121" h="104" d="1926" o="" />
		<t id="t2_b" x="2209" y="1668" w="121" h="104" d="986" o="" />
		<t id="t2_b" x="3016" y="1401" w="121" h="104" d="686" o="" />
		<t id="t2_b" x="3137" y="1401" w="121" h="104" d="692" o="" />
		<t id="t2_b" x="3258" y="1401" w="121" h="104" d="696" o="" />
		<t id="t2_b" x="3806" y="1521" w="121" h="104" d="896" o="" />
		<t id="t2_b" x="4390" y="1401" w="121" h="104" d="783" o="" />
		<t id="t2_b" x="4511" y="1401" w="121" h="104" d="787" o="" />
		<t id="t2_b" x="4632" y="1401" w="121" h="104" d="789" o="" />
		<t id="t2_b" x="601" y="1465" w="121" h="104" d="1903" o="" />
		<t id="t2_b" x="7153" y="1436" w="121" h="104" d="1569" o="" />
		<t id="t2_b" x="722" y="1465" w="121" h="104" d="1901" o="" />
		<t id="t2_b" x="7274" y="1436" w="121" h="104" d="1567" o="" />
		<t id="t2_b" x="7395" y="1436" w="121" h="104" d="1565" o="" />
		<t id="t2_b" x="7516" y="1436" w="121" h="104" d="1563" o="" />
		<t id="t2_b" x="7636" y="1436" w="121" h="104" d="1436" o="" />
		<t id="t2_b" x="842" y="1465" w="121" h="104" d="1905" o="" />
		<t id="w" x="1222" y="1450" w="120" h="54" d="1464" o="30" />
		<t id="w" x="1342" y="1450" w="120" h="54" d="1468" o="30" />
		<t id="w" x="1702" y="1450" w="120" h="54" d="1472" o="30" />
		<t id="w" x="1822" y="1450" w="120" h="54" d="2454" o="30" />
		<t id="w" x="1942" y="1450" w="120" h="54" d="2450" o="30" />
		<t id="w" x="2062" y="1450" w="120" h="54" d="2282" o="30" />
		<t id="w" x="2182" y="1450" w="120" h="54" d="2446" o="30" />
		<t id="w" x="2302" y="1450" w="120" h="54" d="2286" o="30" />
		<t id="w" x="2422" y="1450" w="120" h="54" d="2290" o="30" />
		<t id="w" x="2542" y="1450" w="120" h="54" d="2294" o="30" />
		<t id="w" x="2662" y="1450" w="120" h="54" d="2346" o="30" />
		<t id="w" x="2782" y="1450" w="120" h="54" d="2350" o="30" />
		<t id="w" x="2902" y="1450" w="120" h="54" d="2354" o="30" />
		<t id="w" x="3022" y="1450" w="120" h="54" d="2358" o="30" />
		<t id="w" x="3142" y="1450" w="120" h="54" d="2362" o="30" />
		<t id="w" x="3262" y="1450" w="120" h="54" d="2418" o="30" />
		<t id="w" x="3382" y="1450" w="120" h="54" d="2414" o="30" />
		<t id="w" x="3502" y="1450" w="120" h="54" d="2366" o="30" />
		<t id="w" x="3622" y="1450" w="120" h="54" d="2370" o="30" />
		<t id="w" x="3742" y="1450" w="120" h="54" d="2302" o="30" />
		<t id="w" x="3862" y="1450" w="120" h="54" d="2298" o="30" />
		<t id="w" x="3982" y="1450" w="120" h="54" d="6501" o="30" />
		<t id="w" x="4102" y="1450" w="120" h="54" d="6500" o="30" />
		<t id="w" x="4222" y="1450" w="120" h="54" d="2318" o="30" />
		<t id="w" x="4342" y="1450" w="120" h="54" d="2314" o="30" />
		<t id="w" x="4462" y="1450" w="120" h="54" d="2310" o="30" />
		<t id="w" x="4582" y="1450" w="120" h="54" d="2306" o="30" />
		<t id="w" x="4702" y="1450" w="120" h="54" d="2338" o="30" />
		<t id="w" x="4822" y="1450" w="120" h="54" d="2334" o="30" />
		<t id="w" x="4942" y="1450" w="120" h="54" d="2330" o="30" />
		<t id="w" x="5062" y="1450" w="120" h="54" d="2342" o="30" />
		<t id="w" x="5182" y="1450" w="120" h="54" d="2382" o="30" />
		<t id="w" x="5302" y="1450" w="120" h="54" d="2378" o="30" />
		<t id="w" x="5422" y="1450" w="120" h="54" d="2374" o="30" />
		<t id="w" x="5542" y="1450" w="120" h="54" d="2410" o="30" />
		<t id="w" x="5662" y="1450" w="120" h="54" d="6504" o="30" />
		<t id="w" x="5782" y="1450" w="120" h="54" d="6503" o="30" />
		<t id="w" x="5902" y="1450" w="120" h="54" d="2394" o="30" />
		<t id="w" x="6022" y="1450" w="120" h="54" d="2390" o="30" />
		<t id="w" x="6142" y="1450" w="120" h="54" d="2402" o="30" />
		<t id="w" x="6262" y="1450" w="120" h="54" d="6502" o="30" />
		<t id="w" x="6382" y="1450" w="120" h="54" d="6505" o="30" />
		<t id="w" x="6502" y="1450" w="120" h="54" d="6506" o="30" />
		<t id="w" x="6622" y="1450" w="120" h="54" d="2422" o="30" />
		<t id="w" x="6742" y="1450" w="120" h="54" d="6507" o="30" />
		<t id="w" x="6862" y="1450" w="120" h="54" d="2442" o="30" />
		<t id="w" x="6982" y="1450" w="120" h="54" d="2434" o="30" />
		<t id="w" x="7102" y="1450" w="120" h="54" d="1506" o="30" />
		<t id="w" x="932" y="1450" w="120" h="54" d="1438" o="30" />
		<t id="wackel_b" x="3209" y="1290" w="305" h="225" d="1759" o="30" />
		<t id="wackel_b" x="4583" y="1231" w="305" h="225" d="1530" o="30" />
		<t id="wackel_s" x="1768" y="1234" w="140" h="28" d="1444" o="30" />
		<t id="wackel_s" x="1886" y="1317" w="140" h="28" d="1725" o="30" />
		<t id="wackel_s" x="2559" y="1351" w="140" h="28" d="1752" o="30" />
		<t id="wackel_s" x="4928" y="1340" w="140" h="28" d="1776" o="30" />
		<t id="wackel_s" x="5365" y="1320" w="140" h="28" d="1523" o="30" /> 
	</layer>
</level>
