<?xml version="1.0" encoding="UTF-8"?>
<level background="cave" music="track04a" effects="cave" sx="105" sy="2660" d="1775" sh="50">
	<layer name="base" source="cave.swf" x="0" y="0" width="6510" height="2697">
		<t id="b2_t_e_l" x="3000" y="2710" w="27" h="104" d="966" o="30" />
		<t id="b2_t_e_l" x="3585" y="2725" w="27" h="104" d="978" o="30" />
		<t id="b2_t_e_l" x="4482" y="2692" w="27" h="104" d="958" o="30" />
		<t id="b2_t_e_r" x="3027" y="2738" w="27" h="104" d="968" o="30" />
		<t id="b2_t_e_r" x="3612" y="2753" w="27" h="104" d="980" o="30" />
		<t id="b2_t_e_r" x="4509" y="2720" w="27" h="104" d="960" o="30" />
		<t id="b_s" x="1199" y="2708" w="54" h="105" d="970" o="30" />
		<t id="b_s" x="3026" y="2634" w="54" h="105" d="962" o="30" />
		<t id="b_s" x="3611" y="2649" w="54" h="105" d="974" o="30" />
		<t id="b_s" x="4508" y="2616" w="54" h="105" d="954" o="30" />
		<t id="b_s" x="4797" y="2697" w="54" h="105" d="1312" o="30" />
		<t id="be" x="1133" y="2557" w="42" h="95" d="1601" o="100" />
		<t id="be" x="1261" y="2658" w="42" h="95" d="1771" o="100" />
		<t id="be" x="1456" y="2658" w="42" h="95" d="1769" o="100" />
		<t id="be" x="206" y="2664" w="42" h="95" d="1573" o="100" />
		<t id="be" x="2213" y="2557" w="42" h="95" d="1751" o="100" />
		<t id="be" x="2625" y="2472" w="42" h="95" d="1631" o="100" />
		<t id="be" x="2906" y="2467" w="42" h="95" d="1633" o="100" />
		<t id="be" x="3115" y="2557" w="42" h="95" d="1645" o="100" />
		<t id="be" x="3286" y="2554" w="42" h="95" d="1647" o="100" />
		<t id="be" x="3851" y="2660" w="42" h="95" d="1767" o="100" />
		<t id="be" x="4339" y="2661" w="42" h="95" d="1765" o="100" />
		<t id="be" x="4818" y="2661" w="42" h="95" d="1773" o="100" />
		<t id="be" x="491" y="2662" w="42" h="95" d="1571" o="100" />
		<t id="be" x="5081" y="2563" w="42" h="95" d="1753" o="100" />
		<t id="be" x="5251" y="2563" w="42" h="95" d="1755" o="100" />
		<t id="be" x="5282" y="2662" w="42" h="95" d="1763" o="100" />
		<t id="be" x="5361" y="2553" w="42" h="95" d="1743" o="100" />
		<t id="be" x="5776" y="2556" w="42" h="95" d="1745" o="100" />
		<t id="be" x="5777" y="2662" w="42" h="95" d="1761" o="100" />
		<t id="be" x="6086" y="2665" w="42" h="95" d="1759" o="100" />
		<t id="be" x="6247" y="2665" w="42" h="95" d="1757" o="100" />
		<t id="be" x="939" y="2559" w="42" h="95" d="1599" o="100" />
		<t id="bh" x="18" y="2658" w="104" h="308" d="982" o="" />
		<t id="bh" x="6595" y="2557" w="104" h="308" d="984" o="" />
		<t id="c" x="1012" y="2457" w="23" h="24" d="1491" o="" />
		<t id="c" x="1062" y="2457" w="23" h="24" d="1487" o="" />
		<t id="c" x="1750" y="2419" w="23" h="24" d="1483" o="" />
		<t id="c" x="1750" y="2463" w="23" h="24" d="1479" o="" />
		<t id="c" x="2751" y="2431" w="23" h="24" d="1499" o="" />
		<t id="c" x="2801" y="2431" w="23" h="24" d="1495" o="" />
		<t id="c" x="3203" y="2605" w="23" h="24" d="1507" o="" />
		<t id="c" x="3203" y="2649" w="23" h="24" d="1503" o="" />
		<t id="c" x="347" y="2537" w="23" h="24" d="1475" o="" />
		<t id="c" x="3951" y="2525" w="23" h="24" d="1515" o="" />
		<t id="c" x="3951" y="2569" w="23" h="24" d="1511" o="" />
		<t id="c" x="397" y="2537" w="23" h="24" d="1471" o="" />
		<t id="c" x="4533" y="2435" w="23" h="24" d="1523" o="" />
		<t id="c" x="4583" y="2435" w="23" h="24" d="1519" o="" />
		<t id="c" x="4833" y="2438" w="23" h="24" d="1539" o="" />
		<t id="c" x="4833" y="2482" w="23" h="24" d="1535" o="" />
		<t id="c" x="5167" y="2521" w="23" h="24" d="1531" o="" />
		<t id="c" x="5217" y="2521" w="23" h="24" d="1527" o="" />
		<t id="c" x="5403" y="2605" w="23" h="24" d="1547" o="" />
		<t id="c" x="5403" y="2649" w="23" h="24" d="1543" o="" />
		<t id="c" x="5606" y="2430" w="23" h="24" d="1555" o="" />
		<t id="c" x="5656" y="2430" w="23" h="24" d="1551" o="" />
		<t id="c" x="5991" y="2562" w="23" h="24" d="1563" o="" />
		<t id="c" x="5991" y="2606" w="23" h="24" d="1559" o="" />
		<t id="d_kr1" x="1466" y="2658" w="18" h="16" d="1422" o="" />
		<t id="d_kr1" x="150" y="2658" w="18" h="16" d="1412" o="" />
		<t id="d_kr1" x="2148" y="2554" w="18" h="16" d="1424" o="" />
		<t id="d_kr1" x="3667" y="2658" w="18" h="16" d="1428" o="" />
		<t id="d_kr1" x="4981" y="2658" w="18" h="16" d="1432" o="" />
		<t id="d_kr1" x="511" y="2658" w="18" h="16" d="1416" o="" />
		<t id="d_kr2" x="1164" y="2658" w="24" h="17" d="1418" o="" />
		<t id="d_kr2" x="1739" y="2554" w="24" h="17" d="1420" o="" />
		<t id="d_kr2" x="2594" y="2658" w="24" h="17" d="1426" o="" />
		<t id="d_kr2" x="4116" y="2658" w="24" h="17" d="1430" o="" />
		<t id="d_kr2" x="52" y="2658" w="24" h="17" d="1414" o="" />
		<t id="d_kr2" x="5623" y="2658" w="24" h="17" d="1434" o="" />
		<t id="d_kr2" x="6346" y="2554" w="24" h="17" d="1436" o="" />
		<t id="e" x="4609" y="2617" w="26" h="24" d="1567" o="" />
		<t id="f_b" x="1087" y="2658" w="121" h="104" d="617" o="30" />
		<t id="f_b" x="3248" y="2659" w="121" h="104" d="646" o="30" />
		<t id="f_b" x="5206" y="2659" w="121" h="104" d="655" o="30" />
		<t id="f_b" x="5497" y="2658" w="121" h="104" d="664" o="30" />
		<t id="f_b" x="5618" y="2658" w="121" h="104" d="673" o="30" />
		<t id="f_b" x="5739" y="2658" w="121" h="104" d="676" o="30" />
		<t id="f_b_t" x="2766" y="2568" w="121" h="104" d="626" o="30" />
		<t id="f_b_t" x="2887" y="2568" w="121" h="104" d="635" o="30" />
		<t id="f_l" x="3127" y="2659" w="22" h="104" d="649" o="30" />
		<t id="f_l" x="5085" y="2659" w="22" h="104" d="658" o="30" />
		<t id="f_l" x="5376" y="2658" w="22" h="104" d="667" o="30" />
		<t id="f_l" x="966" y="2658" w="22" h="104" d="620" o="30" />
		<t id="f_l_t" x="2645" y="2568" w="22" h="104" d="629" o="30" />
		<t id="f_r" x="1109" y="2658" w="22" h="104" d="623" o="30" />
		<t id="f_r" x="3269" y="2659" w="22" h="104" d="652" o="30" />
		<t id="f_r" x="5227" y="2659" w="22" h="104" d="661" o="30" />
		<t id="f_r" x="5760" y="2658" w="22" h="104" d="670" o="30" />
		<t id="f_r_t" x="2908" y="2568" w="22" h="104" d="632" o="30" />
		<t id="f_t_l" x="2645" y="2672" w="14" h="104" d="642" o="" />
		<t id="f_t_r" x="2900" y="2672" w="14" h="104" d="644" o="" />
		<t id="g" x="6478" y="2560" w="44" h="335" d="1438" o="30" />
		<t id="p_t_m" x="1835" y="2554" w="15" h="29" d="749" o="30" />
		<t id="p_t_m" x="3309" y="2658" w="15" h="29" d="794" o="30" />
		<t id="p_t_m" x="5255" y="2658" w="15" h="29" d="864" o="30" />
		<t id="p_t_m" x="5947" y="2658" w="15" h="29" d="904" o="30" />
		<t id="p_t_m" x="6027" y="2658" w="15" h="29" d="909" o="30" />
		<t id="p_t_m" x="6057" y="2658" w="15" h="29" d="914" o="30" />
		<t id="p_t_m_l" x="1269" y="2659" w="27" h="97" d="694" o="30" />
		<t id="p_t_m_l" x="2545" y="2658" w="27" h="97" d="764" o="30" />
		<t id="p_t_m_l" x="4571" y="2658" w="27" h="97" d="829" o="30" />
		<t id="p_t_m_l" x="5921" y="2658" w="27" h="97" d="899" o="30" />
		<t id="p_t_s_r" x="1454" y="2664" w="25" h="58" d="949" o="30" />
		<t id="p_t_s_r" x="1935" y="2557" w="25" h="58" d="744" o="30" />
		<t id="p_t_s_r" x="2387" y="2658" w="25" h="58" d="759" o="30" />
		<t id="p_t_s_r" x="2887" y="2658" w="25" h="58" d="784" o="30" />
		<t id="p_t_s_r" x="3167" y="2658" w="25" h="58" d="789" o="30" />
		<t id="p_t_s_r" x="376" y="2662" w="25" h="58" d="699" o="30" />
		<t id="p_t_s_r" x="3853" y="2658" w="25" h="58" d="804" o="30" />
		<t id="p_t_s_r" x="4337" y="2662" w="25" h="58" d="819" o="30" />
		<t id="p_t_s_r" x="4671" y="2658" w="25" h="58" d="834" o="30" />
		<t id="p_t_s_r" x="4911" y="2658" w="25" h="58" d="839" o="30" />
		<t id="p_t_s_r" x="5289" y="2658" w="25" h="58" d="869" o="30" />
		<t id="p_t_s_r" x="5825" y="2657" w="25" h="58" d="894" o="30" />
		<t id="p_t_s_r" x="6093" y="2658" w="25" h="58" d="919" o="30" />
		<t id="p_t_s_r" x="6242" y="2657" w="25" h="58" d="939" o="30" />
		<t id="p_t_s_r" x="867" y="2664" w="25" h="58" d="714" o="30" />
		<t id="p_t_t_m" x="1089" y="2405" w="15" h="29" d="719" o="30" />
		<t id="p_t_t_m" x="1355" y="2512" w="15" h="29" d="729" o="30" />
		<t id="p_t_t_m" x="1651" y="2504" w="15" h="29" d="734" o="30" />
		<t id="p_t_t_m" x="195" y="2411" w="15" h="29" d="684" o="30" />
		<t id="p_t_t_m" x="2200" y="2406" w="15" h="29" d="769" o="30" />
		<t id="p_t_t_m" x="2832" y="2406" w="15" h="29" d="779" o="30" />
		<t id="p_t_t_m" x="3233" y="2410" w="15" h="29" d="799" o="30" />
		<t id="p_t_t_m" x="3790" y="2513" w="15" h="29" d="809" o="30" />
		<t id="p_t_t_m" x="4054" y="2608" w="15" h="29" d="814" o="30" />
		<t id="p_t_t_m" x="4308" y="2408" w="15" h="29" d="844" o="30" />
		<t id="p_t_t_m" x="4703" y="2407" w="15" h="29" d="849" o="30" />
		<t id="p_t_t_m" x="5090" y="2514" w="15" h="29" d="854" o="30" />
		<t id="p_t_t_m" x="5333" y="2403" w="15" h="29" d="874" o="30" />
		<t id="p_t_t_m" x="5533" y="2403" w="15" h="29" d="879" o="30" />
		<t id="p_t_t_m" x="5991" y="2405" w="15" h="29" d="934" o="30" />
		<t id="p_t_t_m" x="751" y="2405" w="15" h="29" d="709" o="30" />
		<t id="p_t_t_m_l" x="4982" y="2475" w="27" h="97" d="859" o="30" />
		<t id="p_t_t_m_l" x="5703" y="2474" w="27" h="97" d="889" o="30" />
		<t id="p_t_t_m_l" x="6170" y="2471" w="27" h="97" d="929" o="30" />
		<t id="p_t_t_m_l" x="712" y="2468" w="27" h="97" d="704" o="30" />
		<t id="p_t_t_s_r" x="1391" y="2539" w="25" h="58" d="724" o="30" />
		<t id="p_t_t_s_r" x="1788" y="2432" w="25" h="58" d="739" o="30" />
		<t id="p_t_t_s_r" x="2068" y="2438" w="25" h="58" d="754" o="30" />
		<t id="p_t_t_s_r" x="2304" y="2432" w="25" h="58" d="774" o="30" />
		<t id="p_t_t_s_r" x="352" y="2431" w="25" h="58" d="679" o="30" />
		<t id="p_t_t_s_r" x="4446" y="2438" w="25" h="58" d="824" o="30" />
		<t id="p_t_t_s_r" x="4883" y="2434" w="25" h="58" d="944" o="30" />
		<t id="p_t_t_s_r" x="556" y="2430" w="25" h="58" d="689" o="30" />
		<t id="p_t_t_s_r" x="5572" y="2436" w="25" h="58" d="884" o="30" />
		<t id="p_t_t_s_r" x="5860" y="2428" w="25" h="58" d="924" o="30" />
		<t id="p_top_b" x="1089" y="2384" w="121" h="104" d="1052" o="30" />
		<t id="p_top_b" x="121" y="2384" w="121" h="104" d="1028" o="30" />
		<t id="p_top_b" x="1210" y="2384" w="121" h="104" d="1055" o="30" />
		<t id="p_top_b" x="1452" y="2489" w="121" h="104" d="1092" o="30" />
		<t id="p_top_b" x="1573" y="2489" w="121" h="104" d="1095" o="30" />
		<t id="p_top_b" x="1694" y="2489" w="121" h="104" d="1098" o="30" />
		<t id="p_top_b" x="1936" y="2385" w="121" h="104" d="1113" o="30" />
		<t id="p_top_b" x="2057" y="2385" w="121" h="104" d="1116" o="30" />
		<t id="p_top_b" x="2178" y="2385" w="121" h="104" d="1119" o="30" />
		<t id="p_top_b" x="2299" y="2385" w="121" h="104" d="1122" o="30" />
		<t id="p_top_b" x="242" y="2384" w="121" h="104" d="1031" o="30" />
		<t id="p_top_b" x="2420" y="2385" w="121" h="104" d="1146" o="30" />
		<t id="p_top_b" x="2541" y="2385" w="121" h="104" d="1149" o="30" />
		<t id="p_top_b" x="2662" y="2385" w="121" h="104" d="1152" o="30" />
		<t id="p_top_b" x="2783" y="2385" w="121" h="104" d="1155" o="30" />
		<t id="p_top_b" x="2904" y="2385" w="121" h="104" d="1170" o="30" />
		<t id="p_top_b" x="3025" y="2385" w="121" h="104" d="1173" o="30" />
		<t id="p_top_b" x="3146" y="2385" w="121" h="104" d="1176" o="30" />
		<t id="p_top_b" x="3267" y="2385" w="121" h="104" d="1179" o="30" />
		<t id="p_top_b" x="3388" y="2385" w="121" h="104" d="1182" o="30" />
		<t id="p_top_b" x="3509" y="2385" w="121" h="104" d="1185" o="30" />
		<t id="p_top_b" x="363" y="2384" w="121" h="104" d="1034" o="30" />
		<t id="p_top_b" x="3753" y="2593" w="121" h="104" d="1225" o="30" />
		<t id="p_top_b" x="4116" y="2593" w="121" h="104" d="1257" o="30" />
		<t id="p_top_b" x="4237" y="2593" w="121" h="104" d="1269" o="30" />
		<t id="p_top_b" x="4479" y="2385" w="121" h="104" d="1297" o="30" />
		<t id="p_top_b" x="4600" y="2385" w="121" h="104" d="1300" o="30" />
		<t id="p_top_b" x="4721" y="2385" w="121" h="104" d="1303" o="30" />
		<t id="p_top_b" x="484" y="2384" w="121" h="104" d="1037" o="30" />
		<t id="p_top_b" x="4842" y="2385" w="121" h="104" d="1306" o="30" />
		<t id="p_top_b" x="4963" y="2385" w="121" h="104" d="1309" o="30" />
		<t id="p_top_b" x="5206" y="2490" w="121" h="104" d="1337" o="30" />
		<t id="p_top_b" x="5447" y="2386" w="121" h="104" d="1360" o="30" />
		<t id="p_top_b" x="5568" y="2386" w="121" h="104" d="1363" o="30" />
		<t id="p_top_b" x="5689" y="2386" w="121" h="104" d="1366" o="30" />
		<t id="p_top_b" x="5810" y="2385" w="121" h="104" d="1369" o="30" />
		<t id="p_top_b" x="5931" y="2385" w="121" h="104" d="1372" o="30" />
		<t id="p_top_b" x="605" y="2384" w="121" h="104" d="1040" o="30" />
		<t id="p_top_b" x="6052" y="2385" w="121" h="104" d="1375" o="30" />
		<t id="p_top_b" x="6173" y="2385" w="121" h="104" d="1397" o="30" />
		<t id="p_top_b" x="6294" y="2385" w="121" h="104" d="1400" o="30" />
		<t id="p_top_b" x="6415" y="2384" w="121" h="104" d="1403" o="30" />
		<t id="p_top_b" x="6536" y="2384" w="121" h="104" d="1406" o="30" />
		<t id="p_top_b" x="6657" y="2384" w="121" h="104" d="1409" o="30" />
		<t id="p_top_b" x="726" y="2384" w="121" h="104" d="1043" o="30" />
		<t id="p_top_b" x="847" y="2384" w="121" h="104" d="1046" o="30" />
		<t id="p_top_b" x="968" y="2384" w="121" h="104" d="1049" o="30" />
		<t id="p_top_e_l" x="1815" y="2385" w="121" h="104" d="1110" o="30" />
		<t id="p_top_e_l" x="3874" y="2489" w="121" h="104" d="1238" o="30" />
		<t id="p_top_e_l" x="4358" y="2385" w="121" h="104" d="1283" o="30" />
		<t id="p_top_e_l" x="5326" y="2386" w="121" h="104" d="1345" o="30" />
		<t id="p_top_e_r" x="1331" y="2385" w="121" h="104" d="1086" o="30" />
		<t id="p_top_e_r" x="3630" y="2385" w="121" h="104" d="1219" o="30" />
		<t id="p_top_e_r" x="3995" y="2489" w="121" h="104" d="1249" o="30" />
		<t id="p_top_e_r" x="5084" y="2386" w="121" h="104" d="1331" o="30" />
		<t id="p_top_es_l" x="1716" y="2489" w="22" h="104" d="1107" o="30" />
		<t id="p_top_es_l" x="3775" y="2593" w="22" h="104" d="1235" o="30" />
		<t id="p_top_es_l" x="4259" y="2593" w="22" h="104" d="1260" o="30" />
		<t id="p_top_es_l" x="5228" y="2490" w="22" h="104" d="1340" o="30" />
		<t id="p_top_es_r" x="1332" y="2489" w="22" h="104" d="1089" o="30" />
		<t id="p_top_es_r" x="3632" y="2593" w="22" h="104" d="1222" o="30" />
		<t id="p_top_es_r" x="3996" y="2593" w="22" h="104" d="1254" o="30" />
		<t id="p_top_es_r" x="5086" y="2490" w="22" h="104" d="1334" o="30" />
		<t id="p_top_s_l" x="4258" y="2489" w="22" h="104" d="1272" o="30" />
		<t id="p_top_s_r" x="3632" y="2489" w="22" h="104" d="1230" o="30" />
		<t id="p_top_t" x="1452" y="2385" w="121" h="104" d="1101" o="" />
		<t id="p_top_t" x="1573" y="2385" w="121" h="104" d="1103" o="" />
		<t id="p_top_t" x="1694" y="2385" w="121" h="104" d="1105" o="" />
		<t id="p_top_t" x="3751" y="2385" w="121" h="104" d="1228" o="" />
		<t id="p_top_t" x="3753" y="2489" w="121" h="104" d="1233" o="" />
		<t id="p_top_t" x="3872" y="2385" w="121" h="104" d="1241" o="" />
		<t id="p_top_t" x="3874" y="2385" w="121" h="104" d="1286" o="" />
		<t id="p_top_t" x="3995" y="2385" w="121" h="104" d="1252" o="" />
		<t id="p_top_t" x="4115" y="2489" w="121" h="104" d="1275" o="" />
		<t id="p_top_t" x="4116" y="2386" w="121" h="104" d="1279" o="" />
		<t id="p_top_t" x="4236" y="2489" w="121" h="104" d="1277" o="" />
		<t id="p_top_t" x="4237" y="2386" w="121" h="104" d="1281" o="" />
		<t id="p_top_t" x="5205" y="2386" w="121" h="104" d="1343" o="" />
		<t id="pinkustack2x" x="1024" y="2553" w="38" h="67" d="1589" o="0" />
		<t id="pinkustack2x" x="2014" y="2554" w="38" h="67" d="1603" o="0" />
		<t id="pinkustack2x" x="2455" y="2656" w="38" h="67" d="1635" o="0" />
		<t id="pinkustack2x" x="3189" y="2554" w="38" h="67" d="1649" o="0" />
		<t id="pinkustack2x" x="3737" y="2658" w="38" h="67" d="1659" o="0" />
		<t id="pinkustack2x" x="4426" y="2657" w="38" h="67" d="1673" o="0" />
		<t id="pinkustack2x" x="5452" y="2550" w="38" h="67" d="1723" o="0" />
		<t id="pinkustack2x" x="5612" y="2550" w="38" h="67" d="1733" o="0" />
		<t id="pinkustack2x" x="645" y="2657" w="38" h="67" d="1579" o="0" />
		<t id="pinkustack3x" x="2685" y="2657" w="38" h="96" d="1613" o="0" />
		<t id="pinkustack3x" x="4615" y="2659" w="38" h="96" d="1683" o="0" />
		<t id="pinkustack4x" x="4745" y="2659" w="38" h="125" d="1697" o="0" />
		<t id="s_b_l" x="1573" y="2762" w="121" h="105" d="1070" o="30" />
		<t id="s_b_l" x="3388" y="2762" w="121" h="105" d="1188" o="30" />
		<t id="s_b_l" x="6288" y="2762" w="121" h="105" d="1381" o="30" />
		<t id="s_b_r" x="2299" y="2762" w="121" h="105" d="1133" o="30" />
		<t id="s_b_r" x="3630" y="2762" w="121" h="105" d="1216" o="30" />
		<t id="s_b_s" x="1089" y="2714" w="121" h="57" d="1010" o="30" />
		<t id="s_b_s" x="121" y="2714" w="121" h="57" d="986" o="30" />
		<t id="s_b_s" x="1210" y="2714" w="121" h="57" d="1013" o="30" />
		<t id="s_b_s" x="1331" y="2714" w="121" h="57" d="1016" o="30" />
		<t id="s_b_s" x="1452" y="2714" w="121" h="57" d="1019" o="30" />
		<t id="s_b_s" x="242" y="2714" w="121" h="57" d="989" o="30" />
		<t id="s_b_s" x="2420" y="2714" w="121" h="57" d="1058" o="30" />
		<t id="s_b_s" x="2541" y="2714" w="121" h="57" d="1061" o="30" />
		<t id="s_b_s" x="2662" y="2714" w="121" h="57" d="1064" o="30" />
		<t id="s_b_s" x="2783" y="2714" w="121" h="57" d="1067" o="30" />
		<t id="s_b_s" x="2904" y="2714" w="121" h="57" d="1158" o="30" />
		<t id="s_b_s" x="3025" y="2714" w="121" h="57" d="1161" o="30" />
		<t id="s_b_s" x="3146" y="2714" w="121" h="57" d="1164" o="30" />
		<t id="s_b_s" x="3267" y="2714" w="121" h="57" d="1167" o="30" />
		<t id="s_b_s" x="363" y="2714" w="121" h="57" d="992" o="30" />
		<t id="s_b_s" x="3750" y="2714" w="121" h="57" d="1210" o="30" />
		<t id="s_b_s" x="3871" y="2714" w="121" h="57" d="1213" o="30" />
		<t id="s_b_s" x="3992" y="2714" w="121" h="57" d="1243" o="30" />
		<t id="s_b_s" x="4113" y="2714" w="121" h="57" d="1246" o="30" />
		<t id="s_b_s" x="4234" y="2714" w="121" h="57" d="1263" o="30" />
		<t id="s_b_s" x="4355" y="2714" w="121" h="57" d="1266" o="30" />
		<t id="s_b_s" x="4476" y="2714" w="121" h="57" d="1288" o="30" />
		<t id="s_b_s" x="4597" y="2714" w="121" h="57" d="1291" o="30" />
		<t id="s_b_s" x="4718" y="2714" w="121" h="57" d="1294" o="30" />
		<t id="s_b_s" x="4839" y="2714" w="121" h="57" d="1316" o="30" />
		<t id="s_b_s" x="484" y="2714" w="121" h="57" d="995" o="30" />
		<t id="s_b_s" x="4960" y="2714" w="121" h="57" d="1319" o="30" />
		<t id="s_b_s" x="5081" y="2714" w="121" h="57" d="1322" o="30" />
		<t id="s_b_s" x="5201" y="2713" w="121" h="57" d="1325" o="30" />
		<t id="s_b_s" x="5322" y="2713" w="121" h="57" d="1328" o="30" />
		<t id="s_b_s" x="5443" y="2714" w="121" h="57" d="1348" o="30" />
		<t id="s_b_s" x="5564" y="2714" w="121" h="57" d="1351" o="30" />
		<t id="s_b_s" x="5684" y="2714" w="121" h="57" d="1354" o="30" />
		<t id="s_b_s" x="5805" y="2714" w="121" h="57" d="1357" o="30" />
		<t id="s_b_s" x="5926" y="2714" w="121" h="57" d="1378" o="30" />
		<t id="s_b_s" x="6047" y="2714" w="121" h="57" d="1022" o="30" />
		<t id="s_b_s" x="605" y="2714" w="121" h="57" d="998" o="30" />
		<t id="s_b_s" x="6168" y="2714" w="121" h="57" d="1025" o="30" />
		<t id="s_b_s" x="726" y="2714" w="121" h="57" d="1001" o="30" />
		<t id="s_b_s" x="847" y="2714" w="121" h="57" d="1004" o="30" />
		<t id="s_b_s" x="968" y="2714" w="121" h="57" d="1007" o="30" />
		<t id="s_b_t" x="1694" y="2658" w="121" h="105" d="1080" o="30" />
		<t id="s_b_t" x="1815" y="2658" w="121" h="105" d="1083" o="30" />
		<t id="s_b_t" x="1936" y="2658" w="121" h="105" d="1127" o="30" />
		<t id="s_b_t" x="2057" y="2658" w="121" h="105" d="1138" o="30" />
		<t id="s_b_t" x="2178" y="2658" w="121" h="105" d="1143" o="30" />
		<t id="s_b_t" x="3509" y="2554" w="121" h="105" d="1199" o="30" />
		<t id="s_b_t" x="6409" y="2658" w="121" h="105" d="1391" o="30" />
		<t id="s_b_t" x="6530" y="2658" w="121" h="105" d="1394" o="30" />
		<t id="s_l_s" x="3388" y="2658" w="23" h="104" d="1196" o="30" />
		<t id="s_l_t" x="1573" y="2658" w="22" h="104" d="1073" o="30" />
		<t id="s_l_t" x="3388" y="2554" w="22" h="104" d="1193" o="30" />
		<t id="s_l_t" x="6289" y="2658" w="22" h="104" d="1384" o="30" />
		<t id="s_r_s" x="3529" y="2658" w="23" h="104" d="1207" o="30" />
		<t id="s_r_t" x="2200" y="2658" w="23" h="104" d="1130" o="30" />
		<t id="s_r_t" x="3531" y="2554" w="23" h="104" d="1204" o="30" />
		<t id="scorpion" x="1366" y="2658" w="45" h="38" d="1575" o="0" />
		<t id="scorpion" x="2669" y="2465" w="45" h="38" d="1627" o="0" />
		<t id="scorpion" x="4097" y="2656" w="45" h="38" d="1669" o="0" />
		<t id="scorpion" x="5152" y="2555" w="45" h="38" d="1715" o="0" />
		<t id="scorpion" x="5688" y="2655" w="45" h="38" d="1719" o="0" />
		<t id="scorpion" x="6178" y="2658" w="45" h="38" d="1747" o="0" />
		<t id="t1_b" x="3509" y="2657" w="121" h="104" d="1202" o="" />
		<t id="t2_b" x="1694" y="2762" w="121" h="104" d="1076" o="" />
		<t id="t2_b" x="1815" y="2762" w="121" h="104" d="1078" o="" />
		<t id="t2_b" x="1936" y="2762" w="121" h="104" d="1125" o="" />
		<t id="t2_b" x="2057" y="2762" w="121" h="104" d="1136" o="" />
		<t id="t2_b" x="2178" y="2762" w="121" h="104" d="1141" o="" />
		<t id="t2_b" x="2766" y="2672" w="121" h="104" d="638" o="" />
		<t id="t2_b" x="2887" y="2672" w="121" h="104" d="640" o="" />
		<t id="t2_b" x="3509" y="2761" w="121" h="104" d="1191" o="" />
		<t id="t2_b" x="6409" y="2762" w="121" h="104" d="1387" o="" />
		<t id="t2_b" x="6530" y="2761" w="121" h="104" d="1389" o="" /> 
	</layer>
</level>
