<?xml version="1.0" encoding="UTF-8"?>
<level background="whiterocks" music="track02" effects="lake" sx="144" sy="465" d="1777">
	<layer name="base" source="lake.swf" x="0" y="0" width="7577" height="809">
		<t id="b1_b_e_l" x="2254" y="796" w="28" h="78" d="968" o="30" />
		<t id="b1_b_e_l" x="2465" y="736" w="28" h="78" d="698" o="30" />
		<t id="b1_b_e_l" x="2928" y="734" w="28" h="78" d="670" o="30" />
		<t id="b1_b_e_l" x="3247" y="745" w="28" h="78" d="960" o="30" />
		<t id="b1_b_e_l" x="4288" y="722" w="28" h="78" d="738" o="700" />
		<t id="b1_b_e_l" x="4773" y="684" w="28" h="78" d="713" o="30" />
		<t id="b1_b_e_l" x="5671" y="636" w="28" h="78" d="856" o="30" />
		<t id="b1_b_e_l" x="5766" y="550" w="28" h="78" d="832" o="30" />
		<t id="b1_b_e_l" x="6010" y="776" w="28" h="78" d="789" o="700" />
		<t id="b1_b_e_l" x="6622" y="710" w="28" h="78" d="822" o="30" />
		<t id="b1_b_e_r" x="2400" y="796" w="28" h="106" d="971" o="30" />
		<t id="b1_b_e_r" x="2610" y="793" w="28" h="106" d="690" o="30" />
		<t id="b1_b_e_r" x="3191" y="707" w="28" h="106" d="673" o="30" />
		<t id="b1_b_e_r" x="3392" y="802" w="28" h="106" d="954" o="30" />
		<t id="b1_b_e_r" x="4671" y="667" w="28" h="106" d="721" o="30" />
		<t id="b1_b_e_r" x="5038" y="768" w="28" h="106" d="703" o="30" />
		<t id="b1_b_e_r" x="5817" y="693" w="28" h="106" d="850" o="30" />
		<t id="b1_b_e_r" x="5912" y="550" w="28" h="106" d="835" o="30" />
		<t id="b1_b_e_r" x="6631" y="665" w="28" h="106" d="795" o="30" />
		<t id="b1_b_e_r" x="6767" y="767" w="28" h="106" d="814" o="30" />
		<t id="b1_b_l" x="2373" y="796" w="127" h="105" d="965" o="30" />
		<t id="b1_b_l" x="3046" y="734" w="127" h="105" d="676" o="30" />
		<t id="b1_b_l" x="3165" y="707" w="127" h="105" d="685" o="30" />
		<t id="b1_b_l" x="4407" y="722" w="127" h="105" d="724" o="700" />
		<t id="b1_b_l" x="4526" y="694" w="127" h="105" d="733" o="700" />
		<t id="b1_b_l" x="4645" y="666" w="127" h="105" d="741" o="700" />
		<t id="b1_b_l" x="5885" y="550" w="127" h="105" d="829" o="30" />
		<t id="b1_b_l" x="6129" y="776" w="127" h="105" d="779" o="800" />
		<t id="b1_b_l" x="6248" y="748" w="127" h="105" d="786" o="800" />
		<t id="b1_b_l" x="6367" y="720" w="127" h="105" d="792" o="800" />
		<t id="b1_b_l" x="6485" y="692" w="127" h="105" d="800" o="800" />
		<t id="b1_b_l" x="6604" y="665" w="127" h="105" d="803" o="800" />
		<t id="b1_b_r" x="2584" y="765" w="127" h="105" d="693" o="30" />
		<t id="b1_b_r" x="3366" y="773" w="127" h="105" d="957" o="30" />
		<t id="b1_b_r" x="4892" y="712" w="127" h="105" d="716" o="30" />
		<t id="b1_b_r" x="5011" y="740" w="127" h="105" d="710" o="30" />
		<t id="b1_b_r" x="5790" y="664" w="127" h="105" d="853" o="30" />
		<t id="b1_b_r" x="6741" y="739" w="127" h="105" d="817" o="30" />
		<t id="b1_t_e_l" x="5672" y="740" w="27" h="104" d="865" o="30" />
		<t id="b1_t_e_l" x="5767" y="654" w="27" h="104" d="844" o="30" />
		<t id="b1_t_e_r" x="5817" y="792" w="27" h="104" d="869" o="30" />
		<t id="b1_t_e_r" x="5912" y="651" w="27" h="104" d="848" o="30" />
		<t id="b1_t_e_r" x="6750" y="844" w="27" h="104" d="771" o="30" />
		<t id="b1_t_l" x="5886" y="654" w="119" h="104" d="846" o="30" />
		<t id="b1_t_l" x="6486" y="900" w="119" h="104" d="773" o="30" />
		<t id="b1_t_l" x="6605" y="872" w="119" h="104" d="775" o="30" />
		<t id="b1_t_l" x="6723" y="844" w="119" h="104" d="777" o="30" />
		<t id="b1_t_r" x="5791" y="768" w="119" h="104" d="867" o="30" />
		<t id="b2_b_e_l" x="2687" y="797" w="27" h="78" d="876" o="30" />
		<t id="b2_b_e_l" x="4051" y="780" w="27" h="78" d="751" o="30" />
		<t id="b2_b_e_l" x="5322" y="775" w="27" h="78" d="668" o="30" />
		<t id="b2_b_e_r" x="2833" y="797" w="27" h="105" d="874" o="30" />
		<t id="b2_b_e_r" x="4197" y="780" w="27" h="105" d="749" o="30" />
		<t id="b2_b_e_r" x="5468" y="830" w="27" h="105" d="769" o="30" />
		<t id="b2_b_l" x="2806" y="797" w="127" h="105" d="871" o="30" />
		<t id="b2_b_l" x="4170" y="780" w="127" h="105" d="746" o="30" />
		<t id="b2_b_r" x="5441" y="802" w="127" h="105" d="661" o="30" />
		<t id="b2_t_e_l" x="2254" y="900" w="27" h="104" d="974" o="30" />
		<t id="b2_t_e_l" x="2465" y="839" w="27" h="104" d="701" o="30" />
		<t id="b2_t_e_l" x="2927" y="838" w="27" h="104" d="679" o="30" />
		<t id="b2_t_e_l" x="3247" y="848" w="27" h="104" d="963" o="30" />
		<t id="b2_t_e_l" x="3452" y="794" w="27" h="104" d="761" o="30" />
		<t id="b2_t_e_l" x="3632" y="755" w="27" h="104" d="753" o="30" />
		<t id="b2_t_e_l" x="4288" y="825" w="27" h="104" d="727" o="30" />
		<t id="b2_t_e_l" x="4491" y="709" w="27" h="104" d="617" o="30" />
		<t id="b2_t_e_l" x="4773" y="787" w="27" h="104" d="708" o="30" />
		<t id="b2_t_e_l" x="5333" y="766" w="27" h="104" d="653" o="30" />
		<t id="b2_t_e_l" x="5672" y="839" w="27" h="104" d="859" o="30" />
		<t id="b2_t_e_l" x="5766" y="754" w="27" h="104" d="838" o="30" />
		<t id="b2_t_e_l" x="5863" y="829" w="27" h="104" d="878" o="30" />
		<t id="b2_t_e_l" x="6010" y="879" w="27" h="104" d="782" o="30" />
		<t id="b2_t_e_l" x="6145" y="685" w="27" h="104" d="633" o="30" />
		<t id="b2_t_e_l" x="6270" y="734" w="27" h="104" d="641" o="30" />
		<t id="b2_t_e_l" x="6474" y="701" w="27" h="104" d="625" o="30" />
		<t id="b2_t_e_l" x="6622" y="813" w="27" h="104" d="825" o="30" />
		<t id="b2_t_e_r" x="2400" y="900" w="27" h="104" d="976" o="30" />
		<t id="b2_t_e_r" x="3191" y="811" w="27" h="104" d="681" o="30" />
		<t id="b2_t_e_r" x="3478" y="821" w="27" h="104" d="763" o="30" />
		<t id="b2_t_e_r" x="3658" y="782" w="27" h="104" d="755" o="30" />
		<t id="b2_t_e_r" x="4517" y="737" w="27" h="104" d="619" o="30" />
		<t id="b2_t_e_r" x="4671" y="770" w="27" h="104" d="729" o="30" />
		<t id="b2_t_e_r" x="5359" y="793" w="27" h="104" d="655" o="30" />
		<t id="b2_t_e_r" x="5816" y="896" w="27" h="104" d="861" o="30" />
		<t id="b2_t_e_r" x="5889" y="856" w="27" h="104" d="880" o="30" />
		<t id="b2_t_e_r" x="5912" y="754" w="27" h="104" d="840" o="30" />
		<t id="b2_t_e_r" x="6171" y="712" w="27" h="104" d="635" o="30" />
		<t id="b2_t_e_r" x="6296" y="761" w="27" h="104" d="643" o="30" />
		<t id="b2_t_e_r" x="6500" y="729" w="27" h="104" d="627" o="30" />
		<t id="b2_t_e_r" x="6769" y="871" w="27" h="104" d="827" o="30" />
		<t id="b2_t_l" x="2373" y="900" w="119" h="104" d="978" o="30" />
		<t id="b2_t_l" x="3045" y="838" w="119" h="104" d="683" o="30" />
		<t id="b2_t_l" x="3164" y="811" w="119" h="104" d="688" o="30" />
		<t id="b2_t_l" x="4407" y="825" w="119" h="104" d="731" o="30" />
		<t id="b2_t_l" x="4526" y="798" w="119" h="104" d="736" o="30" />
		<t id="b2_t_l" x="4645" y="770" w="119" h="104" d="744" o="30" />
		<t id="b2_t_l" x="5885" y="754" w="119" h="104" d="842" o="30" />
		<t id="b2_t_l" x="6129" y="879" w="119" h="104" d="784" o="30" />
		<t id="b2_t_l" x="6248" y="852" w="119" h="104" d="806" o="30" />
		<t id="b2_t_l" x="6367" y="824" w="119" h="104" d="808" o="30" />
		<t id="b2_t_l" x="6486" y="796" w="119" h="104" d="810" o="30" />
		<t id="b2_t_l" x="6604" y="768" w="119" h="104" d="812" o="30" />
		<t id="b2_t_r" x="2584" y="868" w="119" h="104" d="696" o="30" />
		<t id="b2_t_r" x="4892" y="815" w="119" h="104" d="706" o="30" />
		<t id="b2_t_r" x="5011" y="843" w="119" h="104" d="719" o="30" />
		<t id="b2_t_r" x="5791" y="865" w="119" h="104" d="863" o="30" />
		<t id="b2_t_r" x="6630" y="768" w="119" h="104" d="798" o="30" />
		<t id="b2_t_r" x="6741" y="842" w="119" h="104" d="820" o="30" />
		<t id="b_s" x="3478" y="717" w="54" h="105" d="765" o="30" />
		<t id="b_s" x="3658" y="678" w="54" h="105" d="757" o="30" />
		<t id="b_s" x="4517" y="632" w="54" h="105" d="621" o="30" />
		<t id="b_s" x="5359" y="689" w="54" h="105" d="657" o="30" />
		<t id="b_s" x="5889" y="752" w="54" h="105" d="882" o="30" />
		<t id="b_s" x="6171" y="608" w="54" h="105" d="637" o="30" />
		<t id="b_s" x="6296" y="657" w="54" h="105" d="645" o="30" />
		<t id="b_s" x="6500" y="624" w="54" h="105" d="629" o="30" />
		<t id="be" x="1043" y="474" w="42" h="95" d="1666" o="100" />
		<t id="be" x="1166" y="587" w="42" h="95" d="1658" o="100" />
		<t id="be" x="1220" y="481" w="42" h="95" d="1670" o="100" />
		<t id="be" x="1276" y="431" w="42" h="95" d="1674" o="100" />
		<t id="be" x="1347" y="583" w="42" h="95" d="1662" o="100" />
		<t id="be" x="1458" y="431" w="42" h="95" d="1678" o="100" />
		<t id="be" x="1458" y="773" w="42" h="95" d="1654" o="100" />
		<t id="be" x="1550" y="465" w="42" h="95" d="1769" o="100" />
		<t id="be" x="1942" y="559" w="42" h="95" d="1706" o="100" />
		<t id="be" x="2189" y="673" w="42" h="95" d="1773" o="100" />
		<t id="be" x="2453" y="662" w="42" h="95" d="1714" o="100" />
		<t id="be" x="2618" y="689" w="42" h="95" d="1718" o="100" />
		<t id="be" x="2911" y="665" w="42" h="95" d="1626" o="100" />
		<t id="be" x="3191" y="604" w="42" h="95" d="1630" o="100" />
		<t id="be" x="3437" y="750" w="42" h="95" d="1606" o="100" />
		<t id="be" x="3710" y="750" w="42" h="95" d="1610" o="100" />
		<t id="be" x="4031" y="715" w="42" h="95" d="1742" o="100" />
		<t id="be" x="4204" y="682" w="42" h="95" d="1738" o="100" />
		<t id="be" x="4954" y="744" w="42" h="95" d="1746" o="100" />
		<t id="be" x="500" y="548" w="42" h="95" d="1646" o="100" />
		<t id="be" x="5234" y="746" w="42" h="95" d="1750" o="100" />
		<t id="be" x="6878" y="670" w="42" h="95" d="1618" o="100" />
		<t id="be" x="7247" y="772" w="42" h="95" d="1622" o="100" />
		<t id="be" x="975" y="744" w="42" h="95" d="1650" o="100" />
		<t id="bh" x="12" y="499" w="104" h="308" d="1138" o="" />
		<t id="bh" x="7652" y="774" w="104" h="308" d="1252" o="" />
		<t id="c" x="1200" y="352" w="23" h="24" d="1502" o="" />
		<t id="c" x="1249" y="312" w="23" h="24" d="1498" o="" />
		<t id="c" x="1571" y="311" w="23" h="24" d="1566" o="" />
		<t id="c" x="1611" y="351" w="23" h="24" d="1574" o="" />
		<t id="c" x="2619" y="579" w="23" h="24" d="1570" o="" />
		<t id="c" x="2661" y="539" w="23" h="24" d="1482" o="" />
		<t id="c" x="2701" y="579" w="23" h="24" d="1490" o="" />
		<t id="c" x="3750" y="428" w="23" h="24" d="1506" o="" />
		<t id="c" x="3790" y="468" w="23" h="24" d="1514" o="" />
		<t id="c" x="4551" y="694" w="23" h="24" d="1518" o="" />
		<t id="c" x="4600" y="659" w="23" h="24" d="1522" o="" />
		<t id="c" x="4772" y="415" w="23" h="24" d="1530" o="" />
		<t id="c" x="4812" y="455" w="23" h="24" d="1534" o="" />
		<t id="c" x="5374" y="525" w="23" h="24" d="1550" o="" />
		<t id="c" x="5414" y="485" w="23" h="24" d="1546" o="" />
		<t id="c" x="5454" y="525" w="23" h="24" d="1554" o="" />
		<t id="c" x="5700" y="461" w="23" h="24" d="1486" o="" />
		<t id="c" x="5746" y="415" w="23" h="24" d="1510" o="" />
		<t id="c" x="6037" y="365" w="23" h="24" d="1538" o="" />
		<t id="c" x="6087" y="415" w="23" h="24" d="1542" o="" />
		<t id="c" x="6316" y="415" w="23" h="24" d="1590" o="" />
		<t id="c" x="6365" y="359" w="23" h="24" d="1586" o="" />
		<t id="c" x="6801" y="560" w="23" h="24" d="1562" o="" />
		<t id="c" x="6841" y="520" w="23" h="24" d="1558" o="" />
		<t id="d_sh1" x="1291" y="774" w="73" h="10" d="1384" o="" />
		<t id="d_sh1" x="7500" y="774" w="73" h="10" d="1289" o="" />
		<t id="d_sh2" x="117" y="465" w="88" h="14" d="1465" o="" />
		<t id="d_sh2" x="1274" y="569" w="88" h="14" d="1386" o="" />
		<t id="e" x="2316" y="672" w="17" h="16" d="1494" o="" />
		<t id="e" x="3843" y="576" w="17" h="16" d="1582" o="" />
		<t id="e" x="4866" y="690" w="17" h="16" d="1526" o="" />
		<t id="e" x="5929" y="333" w="17" h="16" d="1578" o="" />
		<t id="evilfish" x="2884" y="692" w="53" h="268" d="888" o="" />
		<t id="evilfish" x="3992" y="692" w="53" h="268" d="896" o="" />
		<t id="evilfish" x="5281" y="693" w="53" h="268" d="904" o="" />
		<t id="evilfish" x="5518" y="693" w="53" h="268" d="912" o="" />
		<t id="evilfish" x="5716" y="693" w="53" h="268" d="920" o="" />
		<t id="f_b" x="1253" y="775" w="121" h="104" d="1055" o="30" />
		<t id="f_b_t" x="1180" y="571" w="121" h="104" d="1026" o="30" />
		<t id="f_b_t" x="1307" y="673" w="121" h="104" d="1047" o="30" />
		<t id="f_b_t" x="1418" y="529" w="121" h="104" d="999" o="30" />
		<t id="f_l" x="1133" y="775" w="22" h="104" d="1058" o="30" />
		<t id="f_l_t" x="1061" y="571" w="22" h="104" d="1021" o="30" />
		<t id="f_l_t" x="1186" y="673" w="22" h="104" d="1042" o="30" />
		<t id="f_l_t" x="1298" y="529" w="22" h="104" d="994" o="30" />
		<t id="f_r" x="1275" y="775" w="22" h="104" d="1061" o="30" />
		<t id="f_r_t" x="1202" y="571" w="22" h="104" d="1029" o="30" />
		<t id="f_r_t" x="1328" y="673" w="22" h="104" d="1050" o="30" />
		<t id="f_r_t" x="1440" y="529" w="22" h="104" d="1002" o="30" />
		<t id="f_t_l" x="1061" y="774" w="14" h="104" d="1036" o="" />
		<t id="f_t_l" x="1186" y="776" w="14" h="104" d="1045" o="" />
		<t id="f_t_l" x="1298" y="841" w="14" h="104" d="1009" o="" />
		<t id="f_t_r" x="1194" y="774" w="14" h="104" d="1038" o="" />
		<t id="f_t_r" x="1320" y="777" w="14" h="104" d="1053" o="" />
		<t id="f_t_r" x="1432" y="840" w="14" h="104" d="1011" o="" />
		<t id="f_t_t_l" x="1061" y="674" w="14" h="104" d="1024" o="" />
		<t id="f_t_t_l" x="1298" y="633" w="14" h="104" d="997" o="" />
		<t id="f_t_t_l" x="1298" y="737" w="14" h="104" d="1015" o="" />
		<t id="f_t_t_r" x="1194" y="674" w="14" h="104" d="1032" o="" />
		<t id="f_t_t_r" x="1432" y="632" w="14" h="104" d="1005" o="" />
		<t id="f_t_t_r" x="1432" y="736" w="14" h="104" d="1017" o="" />
		<t id="floe" x="3930" y="783" w="140" h="45" d="928" o="30" />
		<t id="floe" x="4608" y="783" w="140" h="45" d="949" o="30" />
		<t id="floe" x="4861" y="783" w="140" h="45" d="1082" o="30" />
		<t id="floe" x="5668" y="783" w="140" h="45" d="1072" o="30" />
		<t id="floe_b" x="3681" y="788" w="268" h="45" d="1087" o="30" />
		<t id="floe_b" x="5202" y="789" w="268" h="45" d="1077" o="30" />
		<t id="floe_b" x="5981" y="789" w="268" h="45" d="1067" o="30" />
		<t id="g" x="7376" y="780" w="44" h="335" d="1256" o="30" />
		<t id="joggybear" x="4654" y="575" w="70" h="98" d="664" o="700" />
		<t id="joggybear" x="6623" y="563" w="70" h="98" d="649" o="800" />
		<t id="orange" x="1347" y="425" w="32" h="34" d="1690" o="0" />
		<t id="orange" x="2058" y="640" w="32" h="34" d="1702" o="0" />
		<t id="orange" x="3662" y="736" w="32" h="34" d="1602" o="0" />
		<t id="orange" x="5167" y="738" w="32" h="34" d="1754" o="0" />
		<t id="orange" x="539" y="560" w="32" h="34" d="1594" o="0" />
		<t id="orange" x="7192" y="770" w="32" h="34" d="1614" o="0" />
		<t id="orange" x="924" y="715" w="32" h="34" d="1642" o="0" />
		<t id="pinku" x="1091" y="467" w="32" h="34" d="1686" o="0" />
		<t id="pinku" x="1364" y="772" w="32" h="34" d="1765" o="0" />
		<t id="pinku" x="1891" y="561" w="32" h="34" d="1698" o="0" />
		<t id="pinku" x="2518" y="672" w="32" h="34" d="1710" o="0" />
		<t id="pinku" x="3509" y="736" w="32" h="34" d="1730" o="0" />
		<t id="pinku" x="647" y="583" w="32" h="34" d="1598" o="0" />
		<t id="pinku" x="835" y="670" w="32" h="34" d="1638" o="0" />
		<t id="purpu" x="1275" y="569" w="32" h="34" d="1682" o="0" />
		<t id="purpu" x="1792" y="517" w="32" h="34" d="1694" o="0" />
		<t id="purpu" x="2995" y="634" w="32" h="34" d="1722" o="0" />
		<t id="purpu" x="3104" y="612" w="32" h="34" d="1726" o="0" />
		<t id="purpu" x="4099" y="688" w="32" h="34" d="1734" o="0" />
		<t id="purpu" x="5016" y="739" w="32" h="34" d="1758" o="0" />
		<t id="purpu" x="725" y="640" w="32" h="34" d="1634" o="0" />
		<t id="s_b_l" x="1564" y="878" w="121" h="105" d="1409" o="30" />
		<t id="s_b_s" x="1202" y="830" w="121" h="57" d="1362" o="30" />
		<t id="s_b_s" x="1323" y="830" w="121" h="57" d="1365" o="30" />
		<t id="s_b_s" x="1443" y="830" w="121" h="57" d="1412" o="30" />
		<t id="s_b_s" x="7355" y="830" w="121" h="57" d="1243" o="30" />
		<t id="s_b_s" x="7475" y="830" w="121" h="57" d="1246" o="30" />
		<t id="s_b_s" x="7594" y="830" w="121" h="57" d="1249" o="30" />
		<t id="s_b_t" x="117" y="569" w="121" h="105" d="1299" o="30" />
		<t id="s_b_t" x="1684" y="566" w="121" h="105" d="1422" o="30" />
		<t id="s_b_t" x="238" y="569" w="121" h="105" d="1064" o="30" />
		<t id="s_b_t" x="358" y="569" w="121" h="105" d="1302" o="30" />
		<t id="s_b_t" x="6996" y="775" w="121" h="105" d="1234" o="30" />
		<t id="s_c_b1_r" x="1084" y="878" w="121" h="104" d="1345" o="30" />
		<t id="s_c_b1_r" x="7238" y="878" w="121" h="104" d="1239" o="30" />
		<t id="s_c_b_r" x="1926" y="669" w="121" h="104" d="1420" o="30" />
		<t id="s_c_b_r" x="2166" y="772" w="121" h="104" d="1398" o="30" />
		<t id="s_c_b_r" x="600" y="673" w="121" h="104" d="1136" o="30" />
		<t id="s_c_b_r" x="842" y="776" w="121" h="104" d="1305" o="30" />
		<t id="s_c_t_r" x="1084" y="775" w="247" h="104" d="1347" o="30" />
		<t id="s_c_t_r" x="1926" y="566" w="247" h="104" d="1450" o="30" />
		<t id="s_c_t_r" x="2168" y="669" w="247" h="104" d="1435" o="30" />
		<t id="s_c_t_r" x="600" y="569" w="247" h="104" d="1307" o="30" />
		<t id="s_c_t_r" x="7238" y="775" w="247" h="104" d="1467" o="30" />
		<t id="s_c_t_r" x="842" y="672" w="247" h="104" d="1322" o="30" />
		<t id="s_l_s" x="1564" y="670" w="23" h="104" d="1415" o="30" />
		<t id="s_l_s" x="1564" y="774" w="23" h="104" d="1406" o="30" />
		<t id="s_l_s" x="6875" y="879" w="23" h="104" d="1231" o="30" />
		<t id="s_l_t" x="1564" y="566" w="22" h="104" d="1762" o="30" />
		<t id="s_l_t" x="6875" y="775" w="22" h="104" d="1228" o="30" />
		<t id="s_r_t" x="2184" y="774" w="23" h="104" d="1148" o="30" />
		<t id="s_r_t_s" x="2182" y="878" w="23" h="104" d="1151" o="30" />
		<t id="t1_b" x="1180" y="674" w="121" h="104" d="1019" o="" />
		<t id="t1_b" x="119" y="673" w="121" h="104" d="1374" o="" />
		<t id="t1_b" x="119" y="776" w="121" h="104" d="943" o="" />
		<t id="t1_b" x="1418" y="633" w="121" h="104" d="992" o="" />
		<t id="t1_b" x="1418" y="737" w="121" h="104" d="1013" o="" />
		<t id="t1_b" x="1684" y="670" w="121" h="104" d="1425" o="" />
		<t id="t1_b" x="1684" y="773" w="121" h="104" d="1427" o="" />
		<t id="t1_b" x="1804" y="773" w="121" h="104" d="1429" o="" />
		<t id="t1_b" x="1805" y="669" w="121" h="104" d="1418" o="" />
		<t id="t1_b" x="1924" y="773" w="121" h="104" d="1431" o="" />
		<t id="t1_b" x="2045" y="773" w="121" h="104" d="1396" o="" />
		<t id="t1_b" x="239" y="673" w="121" h="104" d="1372" o="" />
		<t id="t1_b" x="239" y="776" w="121" h="104" d="941" o="" />
		<t id="t1_b" x="360" y="673" w="121" h="104" d="1370" o="" />
		<t id="t1_b" x="360" y="776" w="121" h="104" d="939" o="" />
		<t id="t1_b" x="481" y="673" w="121" h="104" d="1368" o="" />
		<t id="t1_b" x="481" y="776" w="121" h="104" d="937" o="" />
		<t id="t1_b" x="601" y="776" w="121" h="104" d="935" o="" />
		<t id="t1_b" x="722" y="776" w="121" h="104" d="933" o="" />
		<t id="t2_b" x="1180" y="774" w="121" h="104" d="1034" o="" />
		<t id="t2_b" x="1307" y="776" w="121" h="104" d="1040" o="" />
		<t id="t2_b" x="1418" y="841" w="121" h="104" d="1007" o="" />
		<t id="t2_b" x="1684" y="877" w="121" h="104" d="1154" o="" />
		<t id="t2_b" x="1804" y="877" w="121" h="104" d="1404" o="" />
		<t id="t2_b" x="1924" y="877" w="121" h="104" d="1433" o="" />
		<t id="t2_b" x="2046" y="875" w="121" h="104" d="1402" o="" />
		<t id="t2_b" x="2167" y="875" w="121" h="104" d="1400" o="" />
		<t id="t2_b" x="484" y="878" w="121" h="104" d="1382" o="" />
		<t id="t2_b" x="604" y="878" w="121" h="104" d="1380" o="" />
		<t id="t2_b" x="6996" y="878" w="121" h="104" d="1237" o="" />
		<t id="t2_b" x="7117" y="878" w="121" h="104" d="1241" o="" />
		<t id="t2_b" x="724" y="878" w="121" h="104" d="1378" o="" />
		<t id="t2_b" x="843" y="878" w="121" h="104" d="1376" o="" />
		<t id="t2_b" x="963" y="878" w="121" h="104" d="1142" o="" />
		<t id="t_slide" x="345" y="445" w="142" h="179" d="886" o="" />
		<t id="w" x="2294" y="818" w="120" h="54" d="980" o="30" />
		<t id="w" x="2414" y="818" w="120" h="54" d="984" o="30" />
		<t id="w" x="2534" y="818" w="120" h="54" d="988" o="30" />
		<t id="w" x="2654" y="818" w="120" h="54" d="1156" o="30" />
		<t id="w" x="2774" y="818" w="120" h="54" d="1160" o="30" />
		<t id="w" x="2894" y="818" w="120" h="54" d="1164" o="30" />
		<t id="w" x="3014" y="818" w="120" h="54" d="1168" o="30" />
		<t id="w" x="3134" y="818" w="120" h="54" d="1172" o="30" />
		<t id="w" x="3254" y="818" w="120" h="54" d="1392" o="30" />
		<t id="w" x="3374" y="818" w="120" h="54" d="1388" o="30" />
		<t id="w" x="3494" y="818" w="120" h="54" d="1176" o="30" />
		<t id="w" x="3614" y="818" w="120" h="54" d="1180" o="30" />
		<t id="w" x="3734" y="818" w="120" h="54" d="1096" o="30" />
		<t id="w" x="3854" y="818" w="120" h="54" d="1092" o="30" />
		<t id="w" x="3974" y="818" w="120" h="54" d="1120" o="30" />
		<t id="w" x="4094" y="818" w="120" h="54" d="1116" o="30" />
		<t id="w" x="4214" y="818" w="120" h="54" d="6501" o="30" />
		<t id="w" x="4334" y="818" w="120" h="54" d="6500" o="30" />
		<t id="w" x="4454" y="818" w="120" h="54" d="1104" o="30" />
		<t id="w" x="4574" y="818" w="120" h="54" d="1100" o="30" />
		<t id="w" x="4694" y="818" w="120" h="54" d="1132" o="30" />
		<t id="w" x="4814" y="818" w="120" h="54" d="1128" o="30" />
		<t id="w" x="4934" y="818" w="120" h="54" d="1124" o="30" />
		<t id="w" x="5054" y="818" w="120" h="54" d="1144" o="30" />
		<t id="w" x="5174" y="818" w="120" h="54" d="1192" o="30" />
		<t id="w" x="5294" y="818" w="120" h="54" d="1188" o="30" />
		<t id="w" x="5414" y="818" w="120" h="54" d="1184" o="30" />
		<t id="w" x="5534" y="818" w="120" h="54" d="1295" o="30" />
		<t id="w" x="5654" y="818" w="120" h="54" d="6505" o="30" />
		<t id="w" x="5774" y="818" w="120" h="54" d="6504" o="30" />
		<t id="w" x="5894" y="818" w="120" h="54" d="6503" o="30" />
		<t id="w" x="6014" y="818" w="120" h="54" d="6502" o="30" />
		<t id="w" x="6134" y="818" w="120" h="54" d="1220" o="30" />
		<t id="w" x="6254" y="818" w="120" h="54" d="1204" o="30" />
		<t id="w" x="6374" y="818" w="120" h="54" d="1224" o="30" />
		<t id="w" x="6494" y="818" w="120" h="54" d="1196" o="30" />
		<t id="w" x="6614" y="818" w="120" h="54" d="1200" o="30" />
		<t id="w" x="6734" y="818" w="120" h="54" d="1337" o="30" />
		<t id="w" x="6854" y="818" w="120" h="54" d="1341" o="30" />
		<t id="w" x="6974" y="818" w="120" h="54" d="945" o="30" /> 
	</layer>
</level>
