<?xml version="1.0" encoding="UTF-8"?>
<level background="bluemountains" music="track03a" effects="mountains" sx="166" sy="1244" d="1656" sh="50">
	<layer name="base" source="mountains.swf" x="0" y="0" width="7702" height="1432">
		<t id="b1_b_e_l" x="2407" y="1290" w="28" h="78" d="639" o="30" />
		<t id="b1_b_e_l" x="3514" y="1309" w="28" h="78" d="665" o="30" />
		<t id="b1_b_e_l" x="5727" y="1285" w="28" h="78" d="741" o="30" />
		<t id="b1_b_e_l" x="6001" y="1287" w="28" h="78" d="754" o="30" />
		<t id="b1_b_e_r" x="2553" y="1345" w="28" h="106" d="642" o="30" />
		<t id="b1_b_e_r" x="3778" y="1392" w="28" h="106" d="668" o="30" />
		<t id="b1_b_e_r" x="5873" y="1340" w="28" h="106" d="744" o="30" />
		<t id="b1_b_e_r" x="6146" y="1287" w="28" h="106" d="757" o="30" />
		<t id="b1_b_l" x="6120" y="1287" w="127" h="105" d="751" o="30" />
		<t id="b1_b_r" x="2526" y="1317" w="127" h="105" d="634" o="30" />
		<t id="b1_b_r" x="3633" y="1336" w="127" h="105" d="660" o="30" />
		<t id="b1_b_r" x="3752" y="1364" w="127" h="105" d="675" o="30" />
		<t id="b1_b_r" x="5846" y="1312" w="127" h="105" d="736" o="30" />
		<t id="b2_b_e_l" x="1791" y="1390" w="28" h="78" d="628" o="30" />
		<t id="b2_b_e_r" x="1937" y="1390" w="28" h="106" d="631" o="30" />
		<t id="b2_b_l" x="1910" y="1390" w="127" h="105" d="625" o="30" />
		<t id="b2_t_e_l" x="1771" y="1446" w="27" h="104" d="621" o="30" />
		<t id="b2_t_e_l" x="2407" y="1394" w="27" h="104" d="645" o="30" />
		<t id="b2_t_e_l" x="3212" y="1403" w="27" h="104" d="684" o="30" />
		<t id="b2_t_e_l" x="3514" y="1413" w="27" h="104" d="671" o="30" />
		<t id="b2_t_e_l" x="3667" y="1526" w="27" h="104" d="732" o="30" />
		<t id="b2_t_e_l" x="4025" y="1488" w="27" h="104" d="692" o="30" />
		<t id="b2_t_e_l" x="4285" y="1492" w="27" h="104" d="700" o="30" />
		<t id="b2_t_e_l" x="4395" y="1428" w="27" h="104" d="708" o="30" />
		<t id="b2_t_e_l" x="4492" y="1467" w="27" h="104" d="716" o="30" />
		<t id="b2_t_e_l" x="4712" y="1399" w="27" h="104" d="724" o="30" />
		<t id="b2_t_e_l" x="5727" y="1389" w="27" h="104" d="747" o="30" />
		<t id="b2_t_e_l" x="6001" y="1391" w="27" h="104" d="764" o="30" />
		<t id="b2_t_e_l" x="6246" y="1407" w="27" h="104" d="770" o="30" />
		<t id="b2_t_e_l" x="6414" y="1406" w="27" h="104" d="778" o="30" />
		<t id="b2_t_e_l" x="6626" y="1362" w="27" h="104" d="786" o="30" />
		<t id="b2_t_e_l" x="6751" y="1408" w="27" h="104" d="794" o="30" />
		<t id="b2_t_e_l" x="895" y="1485" w="27" h="104" d="656" o="30" />
		<t id="b2_t_e_r" x="1798" y="1473" w="27" h="104" d="623" o="30" />
		<t id="b2_t_e_r" x="2553" y="1449" w="27" h="104" d="647" o="30" />
		<t id="b2_t_e_r" x="3239" y="1430" w="27" h="104" d="686" o="30" />
		<t id="b2_t_e_r" x="3694" y="1553" w="27" h="104" d="734" o="30" />
		<t id="b2_t_e_r" x="3779" y="1496" w="27" h="104" d="673" o="30" />
		<t id="b2_t_e_r" x="4052" y="1515" w="27" h="104" d="694" o="30" />
		<t id="b2_t_e_r" x="4312" y="1519" w="27" h="104" d="702" o="30" />
		<t id="b2_t_e_r" x="4422" y="1455" w="27" h="104" d="710" o="30" />
		<t id="b2_t_e_r" x="4519" y="1494" w="27" h="104" d="718" o="30" />
		<t id="b2_t_e_r" x="4739" y="1426" w="27" h="104" d="726" o="30" />
		<t id="b2_t_e_r" x="5873" y="1444" w="27" h="104" d="749" o="30" />
		<t id="b2_t_e_r" x="6147" y="1391" w="27" h="104" d="762" o="30" />
		<t id="b2_t_e_r" x="6273" y="1434" w="27" h="104" d="772" o="30" />
		<t id="b2_t_e_r" x="6441" y="1433" w="27" h="104" d="780" o="30" />
		<t id="b2_t_e_r" x="6653" y="1389" w="27" h="104" d="788" o="30" />
		<t id="b2_t_e_r" x="6778" y="1435" w="27" h="104" d="796" o="30" />
		<t id="b2_t_e_r" x="922" y="1512" w="27" h="104" d="658" o="30" />
		<t id="b2_t_l" x="6120" y="1391" w="119" h="104" d="760" o="30" />
		<t id="b2_t_r" x="2526" y="1420" w="119" h="104" d="637" o="30" />
		<t id="b2_t_r" x="3633" y="1439" w="119" h="104" d="663" o="30" />
		<t id="b2_t_r" x="3752" y="1467" w="119" h="104" d="678" o="30" />
		<t id="b2_t_r" x="5846" y="1415" w="119" h="104" d="739" o="30" />
		<t id="b_s" x="1798" y="1369" w="54" h="105" d="617" o="30" />
		<t id="b_s" x="3239" y="1326" w="54" h="105" d="680" o="30" />
		<t id="b_s" x="3694" y="1449" w="54" h="105" d="728" o="30" />
		<t id="b_s" x="4052" y="1411" w="54" h="105" d="688" o="30" />
		<t id="b_s" x="4312" y="1415" w="54" h="105" d="696" o="30" />
		<t id="b_s" x="4422" y="1351" w="54" h="105" d="704" o="30" />
		<t id="b_s" x="4519" y="1390" w="54" h="105" d="712" o="30" />
		<t id="b_s" x="4739" y="1322" w="54" h="105" d="720" o="30" />
		<t id="b_s" x="6273" y="1330" w="54" h="105" d="766" o="30" />
		<t id="b_s" x="6441" y="1329" w="54" h="105" d="774" o="30" />
		<t id="b_s" x="6653" y="1285" w="54" h="105" d="782" o="30" />
		<t id="b_s" x="6778" y="1331" w="54" h="105" d="790" o="30" />
		<t id="b_s" x="922" y="1408" w="54" h="105" d="652" o="30" />
		<t id="be" x="1136" y="1388" w="42" h="95" d="1552" o="100" />
		<t id="be" x="1455" y="1388" w="42" h="95" d="1550" o="100" />
		<t id="be" x="1769" y="1327" w="42" h="95" d="1473" o="100" />
		<t id="be" x="1929" y="1293" w="42" h="95" d="1477" o="100" />
		<t id="be" x="1959" y="1389" w="42" h="95" d="1548" o="100" />
		<t id="be" x="2200" y="1390" w="42" h="95" d="1546" o="100" />
		<t id="be" x="2412" y="1220" w="42" h="95" d="1483" o="100" />
		<t id="be" x="2424" y="1374" w="42" h="95" d="1485" o="100" />
		<t id="be" x="2504" y="1374" w="42" h="95" d="1509" o="100" />
		<t id="be" x="2557" y="1249" w="42" h="95" d="1511" o="100" />
		<t id="be" x="2937" y="1389" w="42" h="95" d="1544" o="100" />
		<t id="be" x="3361" y="1390" w="42" h="95" d="1542" o="100" />
		<t id="be" x="3516" y="1238" w="42" h="95" d="1530" o="100" />
		<t id="be" x="3778" y="1295" w="42" h="95" d="1532" o="100" />
		<t id="be" x="3861" y="1387" w="42" h="95" d="1569" o="100" />
		<t id="be" x="4241" y="1390" w="42" h="95" d="1567" o="100" />
		<t id="be" x="4581" y="1389" w="42" h="95" d="1577" o="100" />
		<t id="be" x="4825" y="1389" w="42" h="95" d="1579" o="100" />
		<t id="be" x="493" y="1390" w="42" h="95" d="1475" o="100" />
		<t id="be" x="4944" y="1392" w="42" h="95" d="1596" o="100" />
		<t id="be" x="5076" y="1390" w="42" h="95" d="1598" o="100" />
		<t id="be" x="5992" y="1229" w="42" h="95" d="1608" o="100" />
		<t id="be" x="6153" y="1196" w="42" h="95" d="1618" o="100" />
		<t id="be" x="6931" y="1387" w="42" h="95" d="1654" o="100" />
		<t id="be" x="7185" y="1392" w="42" h="95" d="1652" o="100" />
		<t id="bh" x="22" y="1377" w="105" h="309" d="805" o="" />
		<t id="bh" x="7759" y="1285" w="105" h="309" d="864" o="" />
		<t id="c" x="1313" y="1183" w="23" h="24" d="1332" o="" />
		<t id="c" x="1355" y="1136" w="23" h="24" d="1336" o="" />
		<t id="c" x="1711" y="1135" w="23" h="24" d="1381" o="" />
		<t id="c" x="1751" y="1188" w="23" h="24" d="1385" o="" />
		<t id="c" x="2385" y="1330" w="23" h="24" d="1373" o="" />
		<t id="c" x="2427" y="1283" w="23" h="24" d="1377" o="" />
		<t id="c" x="3256" y="1150" w="23" h="24" d="1401" o="" />
		<t id="c" x="3298" y="1103" w="23" h="24" d="1405" o="" />
		<t id="c" x="3582" y="1362" w="23" h="24" d="1393" o="" />
		<t id="c" x="3624" y="1315" w="23" h="24" d="1397" o="" />
		<t id="c" x="3970" y="1160" w="23" h="24" d="1409" o="" />
		<t id="c" x="4010" y="1213" w="23" h="24" d="1413" o="" />
		<t id="c" x="4633" y="1229" w="23" h="24" d="1417" o="" />
		<t id="c" x="4673" y="1282" w="23" h="24" d="1421" o="" />
		<t id="c" x="5436" y="1237" w="23" h="24" d="1433" o="" />
		<t id="c" x="5478" y="1190" w="23" h="24" d="1437" o="" />
		<t id="c" x="5883" y="1144" w="23" h="24" d="1441" o="" />
		<t id="c" x="5925" y="1097" w="23" h="24" d="1445" o="" />
		<t id="c" x="618" y="1260" w="23" h="24" d="1324" o="" />
		<t id="c" x="6378" y="1123" w="23" h="24" d="1449" o="" />
		<t id="c" x="6418" y="1176" w="23" h="24" d="1453" o="" />
		<t id="c" x="658" y="1213" w="23" h="24" d="1328" o="" />
		<t id="c" x="6758" y="1340" w="23" h="24" d="1457" o="" />
		<t id="c" x="6800" y="1293" w="23" h="24" d="1461" o="" />
		<t id="d_kr1" x="1404" y="1389" w="18" h="16" d="1054" o="" />
		<t id="d_kr1" x="2225" y="1389" w="18" h="16" d="1052" o="" />
		<t id="d_kr1" x="280" y="1285" w="18" h="16" d="1020" o="" />
		<t id="d_kr1" x="3236" y="1389" w="18" h="16" d="1050" o="" />
		<t id="d_kr1" x="3650" y="1389" w="18" h="16" d="1048" o="" />
		<t id="d_kr1" x="4414" y="1389" w="18" h="16" d="1046" o="" />
		<t id="d_kr1" x="5110" y="1389" w="18" h="16" d="1320" o="" />
		<t id="d_kr1" x="5526" y="1389" w="18" h="16" d="1044" o="" />
		<t id="d_kr1" x="6119" y="1389" w="18" h="16" d="1042" o="" />
		<t id="d_kr1" x="6572" y="1389" w="18" h="16" d="1040" o="" />
		<t id="d_kr1" x="7048" y="1389" w="18" h="16" d="798" o="" />
		<t id="d_kr1" x="784" y="1389" w="18" h="16" d="1024" o="" />
		<t id="d_kr2" x="121" y="1285" w="24" h="17" d="1022" o="" />
		<t id="d_kr2" x="1777" y="1389" w="24" h="17" d="1028" o="" />
		<t id="d_kr2" x="2525" y="1389" w="24" h="17" d="1030" o="" />
		<t id="d_kr2" x="3192" y="1389" w="24" h="17" d="1032" o="" />
		<t id="d_kr2" x="3915" y="1389" w="24" h="17" d="1034" o="" />
		<t id="d_kr2" x="4701" y="1389" w="24" h="17" d="1036" o="" />
		<t id="d_kr2" x="5499" y="1389" w="24" h="17" d="1322" o="" />
		<t id="d_kr2" x="6442" y="1389" w="24" h="17" d="800" o="" />
		<t id="d_kr2" x="6998" y="1389" w="24" h="17" d="1038" o="" />
		<t id="d_kr2" x="931" y="1389" w="24" h="17" d="1026" o="" />
		<t id="d_sh1" x="7342" y="1285" w="73" h="10" d="866" o="" />
		<t id="e" x="1854" y="1357" w="26" h="24" d="1389" o="" />
		<t id="e" x="3212" y="1334" w="26" h="24" d="1425" o="" />
		<t id="e" x="4711" y="1196" w="26" h="24" d="1429" o="" />
		<t id="eagle" x="3081" y="1454" w="606" h="262" d="1517" o="0" />
		<t id="eagle" x="4249" y="1442" w="606" h="262" d="1554" o="0" />
		<t id="eagle" x="5536" y="1415" w="606" h="262" d="1585" o="0" />
		<t id="eagle" x="6624" y="1316" w="606" h="262" d="1624" o="0" />
		<t id="eagle" x="7162" y="1405" w="606" h="262" d="1631" o="0" />
		<t id="g" x="7568" y="1292" w="44" h="335" d="1340" o="30" />
		<t id="orange" x="2504" y="1230" w="48" h="38" d="1479" o="0" />
		<t id="orange" x="4644" y="1386" w="48" h="38" d="1581" o="0" />
		<t id="orange" x="5678" y="1382" w="48" h="38" d="1604" o="0" />
		<t id="orange" x="592" y="1388" w="48" h="38" d="1465" o="0" />
		<t id="orange" x="6059" y="1184" w="48" h="38" d="1620" o="0" />
		<t id="orange" x="6790" y="1384" w="48" h="38" d="1644" o="0" />
		<t id="p_c_c1_s" x="4846" y="1350" w="268" h="256" d="1571" o="30" />
		<t id="p_c_c1_s" x="6756" y="1315" w="268" h="256" d="1083" o="30" />
		<t id="p_c_c2_s" x="6880" y="1366" w="268" h="256" d="1089" o="30" />
		<t id="p_c_h1_s" x="5578" y="1315" w="223" h="57" d="1077" o="" />
		<t id="p_c_h2_s" x="5336" y="1314" w="223" h="57" d="1071" o="" />
		<t id="p_c_l" x="1057" y="1282" w="70" h="43" d="1067" o="" />
		<t id="p_c_l" x="1607" y="1229" w="70" h="43" d="1056" o="" />
		<t id="p_c_v2_s" x="2317" y="1309" w="104" h="151" d="1060" o="" />
		<t id="p_t_b_r" x="2210" y="1389" w="41" h="159" d="1115" o="30" />
		<t id="p_t_b_r" x="3370" y="1389" w="41" h="159" d="1140" o="30" />
		<t id="p_t_b_r" x="4556" y="1389" w="41" h="159" d="1205" o="30" />
		<t id="p_t_b_r" x="4902" y="1389" w="41" h="159" d="1220" o="30" />
		<t id="p_t_b_r" x="5485" y="1389" w="41" h="159" d="1240" o="30" />
		<t id="p_t_b_r" x="6579" y="1389" w="41" h="159" d="1275" o="30" />
		<t id="p_t_b_r" x="7197" y="1389" w="41" h="159" d="1295" o="30" />
		<t id="p_t_m_l" x="1123" y="1389" w="34" h="86" d="1095" o="30" />
		<t id="p_t_m_l" x="1459" y="1389" w="34" h="86" d="1105" o="30" />
		<t id="p_t_m_l" x="1966" y="1389" w="34" h="86" d="1110" o="30" />
		<t id="p_t_m_l" x="2358" y="1389" w="34" h="86" d="1120" o="30" />
		<t id="p_t_m_l" x="2943" y="1389" w="34" h="86" d="1125" o="30" />
		<t id="p_t_m_l" x="3752" y="1389" w="34" h="86" d="1155" o="30" />
		<t id="p_t_m_l" x="3868" y="1389" w="34" h="86" d="1165" o="30" />
		<t id="p_t_m_l" x="4246" y="1389" w="34" h="86" d="1170" o="30" />
		<t id="p_t_m_l" x="4386" y="1389" w="34" h="86" d="1190" o="30" />
		<t id="p_t_m_l" x="4949" y="1389" w="34" h="86" d="1210" o="30" />
		<t id="p_t_m_l" x="5099" y="1389" w="34" h="86" d="1230" o="30" />
		<t id="p_t_m_l" x="5259" y="1389" w="34" h="86" d="1225" o="30" />
		<t id="p_t_m_l" x="5778" y="1389" w="34" h="86" d="1255" o="30" />
		<t id="p_t_m_l" x="6068" y="1389" w="34" h="86" d="1260" o="30" />
		<t id="p_t_m_l" x="6629" y="1389" w="34" h="86" d="1280" o="30" />
		<t id="p_t_m_l" x="6937" y="1389" w="34" h="86" d="1300" o="30" />
		<t id="p_t_m_l" x="753" y="1389" w="34" h="86" d="1305" o="30" />
		<t id="p_t_s_r" x="1150" y="1390" w="22" h="47" d="1100" o="30" />
		<t id="p_t_s_r" x="2666" y="1389" w="22" h="47" d="1135" o="30" />
		<t id="p_t_s_r" x="2706" y="1389" w="22" h="47" d="1160" o="30" />
		<t id="p_t_s_r" x="2877" y="1389" w="22" h="47" d="1130" o="30" />
		<t id="p_t_s_r" x="3398" y="1389" w="22" h="47" d="1145" o="30" />
		<t id="p_t_s_r" x="3538" y="1389" w="22" h="47" d="1150" o="30" />
		<t id="p_t_s_r" x="4035" y="1389" w="22" h="47" d="1185" o="30" />
		<t id="p_t_s_r" x="4065" y="1389" w="22" h="47" d="1180" o="30" />
		<t id="p_t_s_r" x="4195" y="1389" w="22" h="47" d="1175" o="30" />
		<t id="p_t_s_r" x="4345" y="1389" w="22" h="47" d="1200" o="30" />
		<t id="p_t_s_r" x="4455" y="1389" w="22" h="47" d="1195" o="30" />
		<t id="p_t_s_r" x="4585" y="1389" w="22" h="47" d="1215" o="30" />
		<t id="p_t_s_r" x="491" y="1390" w="22" h="47" d="1310" o="30" />
		<t id="p_t_s_r" x="5219" y="1390" w="22" h="47" d="1235" o="30" />
		<t id="p_t_s_r" x="5339" y="1389" w="22" h="47" d="1245" o="30" />
		<t id="p_t_s_r" x="5369" y="1389" w="22" h="47" d="1250" o="30" />
		<t id="p_t_s_r" x="6028" y="1389" w="22" h="47" d="1265" o="30" />
		<t id="p_t_s_r" x="6238" y="1389" w="22" h="47" d="1270" o="30" />
		<t id="p_t_s_r" x="6518" y="1389" w="22" h="47" d="1285" o="30" />
		<t id="p_t_s_r" x="6896" y="1389" w="22" h="47" d="1290" o="30" />
		<t id="p_t_s_r" x="970" y="1390" w="22" h="47" d="1315" o="30" />
		<t id="pinku" x="1856" y="1294" w="48" h="34" d="1469" o="0" />
		<t id="pinku" x="3578" y="1241" w="48" h="34" d="1534" o="0" />
		<t id="pinku" x="5002" y="1386" w="48" h="34" d="1600" o="0" />
		<t id="pinku" x="5936" y="1387" w="48" h="34" d="1610" o="0" />
		<t id="pinku" x="6685" y="1385" w="48" h="34" d="1648" o="0" />
		<t id="pinku" x="888" y="1386" w="48" h="34" d="1513" o="0" />
		<t id="purpu" x="2452" y="1317" w="48" h="38" d="1487" o="0" />
		<t id="purpu" x="3706" y="1265" w="48" h="38" d="1538" o="0" />
		<t id="purpu" x="4774" y="1383" w="48" h="38" d="1592" o="0" />
		<t id="purpu" x="6328" y="1384" w="48" h="38" d="1614" o="0" />
		<t id="s_b_l" x="7227" y="1493" w="121" h="105" d="1009" o="150" />
		<t id="s_b_r" x="484" y="1493" w="121" h="105" d="874" o="30" />
		<t id="s_b_s" x="1086" y="1445" w="121" h="57" d="816" o="30" />
		<t id="s_b_s" x="1207" y="1445" w="121" h="57" d="819" o="30" />
		<t id="s_b_s" x="1327" y="1445" w="121" h="57" d="822" o="30" />
		<t id="s_b_s" x="1448" y="1445" w="121" h="57" d="825" o="30" />
		<t id="s_b_s" x="1569" y="1445" w="121" h="57" d="828" o="30" />
		<t id="s_b_s" x="1689" y="1445" w="121" h="57" d="831" o="30" />
		<t id="s_b_s" x="1809" y="1445" w="121" h="57" d="834" o="30" />
		<t id="s_b_s" x="1929" y="1445" w="121" h="57" d="837" o="30" />
		<t id="s_b_s" x="2050" y="1445" w="121" h="57" d="840" o="30" />
		<t id="s_b_s" x="2170" y="1445" w="121" h="57" d="843" o="30" />
		<t id="s_b_s" x="2290" y="1445" w="121" h="57" d="846" o="30" />
		<t id="s_b_s" x="2411" y="1445" w="121" h="57" d="883" o="30" />
		<t id="s_b_s" x="2531" y="1445" w="121" h="57" d="886" o="30" />
		<t id="s_b_s" x="2652" y="1445" w="121" h="57" d="889" o="30" />
		<t id="s_b_s" x="2773" y="1445" w="121" h="57" d="892" o="30" />
		<t id="s_b_s" x="2893" y="1445" w="121" h="57" d="895" o="30" />
		<t id="s_b_s" x="3013" y="1445" w="121" h="57" d="898" o="30" />
		<t id="s_b_s" x="3133" y="1445" w="121" h="57" d="901" o="30" />
		<t id="s_b_s" x="3254" y="1445" w="121" h="57" d="904" o="30" />
		<t id="s_b_s" x="3374" y="1445" w="121" h="57" d="907" o="30" />
		<t id="s_b_s" x="3494" y="1445" w="121" h="57" d="910" o="30" />
		<t id="s_b_s" x="3615" y="1445" w="121" h="57" d="913" o="30" />
		<t id="s_b_s" x="3736" y="1445" w="121" h="57" d="916" o="30" />
		<t id="s_b_s" x="3856" y="1445" w="121" h="57" d="919" o="30" />
		<t id="s_b_s" x="3976" y="1445" w="121" h="57" d="922" o="30" />
		<t id="s_b_s" x="4096" y="1445" w="121" h="57" d="925" o="30" />
		<t id="s_b_s" x="4217" y="1445" w="121" h="57" d="928" o="30" />
		<t id="s_b_s" x="4337" y="1445" w="121" h="57" d="931" o="30" />
		<t id="s_b_s" x="4457" y="1445" w="121" h="57" d="934" o="30" />
		<t id="s_b_s" x="4578" y="1445" w="121" h="57" d="943" o="30" />
		<t id="s_b_s" x="4698" y="1445" w="121" h="57" d="946" o="30" />
		<t id="s_b_s" x="4819" y="1445" w="121" h="57" d="949" o="30" />
		<t id="s_b_s" x="4939" y="1445" w="121" h="57" d="952" o="30" />
		<t id="s_b_s" x="5059" y="1445" w="121" h="57" d="955" o="30" />
		<t id="s_b_s" x="5180" y="1445" w="121" h="57" d="958" o="30" />
		<t id="s_b_s" x="5300" y="1445" w="121" h="57" d="961" o="30" />
		<t id="s_b_s" x="5421" y="1445" w="121" h="57" d="964" o="30" />
		<t id="s_b_s" x="5541" y="1445" w="121" h="57" d="967" o="30" />
		<t id="s_b_s" x="5661" y="1445" w="121" h="57" d="970" o="30" />
		<t id="s_b_s" x="5782" y="1445" w="121" h="57" d="973" o="30" />
		<t id="s_b_s" x="5902" y="1445" w="121" h="57" d="976" o="30" />
		<t id="s_b_s" x="6023" y="1445" w="121" h="57" d="979" o="30" />
		<t id="s_b_s" x="605" y="1445" w="121" h="57" d="802" o="30" />
		<t id="s_b_s" x="6143" y="1445" w="121" h="57" d="982" o="30" />
		<t id="s_b_s" x="6263" y="1445" w="121" h="57" d="985" o="30" />
		<t id="s_b_s" x="6384" y="1444" w="121" h="57" d="988" o="30" />
		<t id="s_b_s" x="6504" y="1444" w="121" h="57" d="991" o="30" />
		<t id="s_b_s" x="6625" y="1444" w="121" h="57" d="994" o="30" />
		<t id="s_b_s" x="6745" y="1444" w="121" h="57" d="997" o="30" />
		<t id="s_b_s" x="6865" y="1444" w="121" h="57" d="1000" o="30" />
		<t id="s_b_s" x="6986" y="1445" w="121" h="57" d="1003" o="150" />
		<t id="s_b_s" x="7106" y="1445" w="121" h="57" d="1006" o="150" />
		<t id="s_b_s" x="725" y="1445" w="121" h="57" d="807" o="30" />
		<t id="s_b_s" x="845" y="1445" w="121" h="57" d="810" o="30" />
		<t id="s_b_s" x="965" y="1445" w="121" h="57" d="813" o="30" />
		<t id="s_b_t" x="121" y="1389" w="121" h="105" d="880" o="30" />
		<t id="s_b_t" x="242" y="1389" w="121" h="105" d="877" o="30" />
		<t id="s_b_t" x="363" y="1389" w="121" h="105" d="868" o="30" />
		<t id="s_b_t" x="7348" y="1389" w="121" h="105" d="849" o="30" />
		<t id="s_b_t" x="7469" y="1389" w="121" h="105" d="854" o="30" />
		<t id="s_b_t" x="7590" y="1389" w="121" h="105" d="859" o="30" />
		<t id="s_b_t" x="7711" y="1389" w="121" h="105" d="1015" o="30" />
		<t id="s_l_t" x="7227" y="1389" w="22" h="104" d="1012" o="30" />
		<t id="s_r_t" x="385" y="1389" w="23" h="104" d="871" o="30" />
		<t id="s_rb_s" x="2484" y="1356" w="65" h="38" d="649" o="30" />
		<t id="snowspider" x="1375" y="1389" w="94" h="43" d="1491" o="0" />
		<t id="snowspider" x="1591" y="1388" w="94" h="43" d="1497" o="0" />
		<t id="snowspider" x="2085" y="1389" w="94" h="43" d="1503" o="0" />
		<t id="snowspider" x="3104" y="1387" w="94" h="43" d="1524" o="0" />
		<t id="snowspider" x="4021" y="1390" w="94" h="43" d="1561" o="0" />
		<t id="snowspider" x="7093" y="1386" w="94" h="43" d="1638" o="0" />
		<t id="t2_b" x="121" y="1493" w="121" h="104" d="941" o="" />
		<t id="t2_b" x="242" y="1493" w="121" h="104" d="939" o="" />
		<t id="t2_b" x="363" y="1493" w="121" h="104" d="937" o="" />
		<t id="t2_b" x="7348" y="1493" w="121" h="104" d="852" o="" />
		<t id="t2_b" x="7469" y="1493" w="121" h="104" d="857" o="" />
		<t id="t2_b" x="7590" y="1493" w="121" h="104" d="862" o="" />
		<t id="t2_b" x="7711" y="1493" w="121" h="104" d="1018" o="" /> 
	</layer>
</level>
