<?xml version="1.0" encoding="UTF-8"?>
<level background="darkforest" music="track02b" effects="forest" sx="159" sy="1400" d="2457">
	<layer name="base" source="forest.swf" x="0" y="0" width="5900" height="1432">
		<t id="be" x="1213" y="1110" w="42" h="95" d="2125" o="100" />
		<t id="be" x="1222" y="1287" w="42" h="95" d="2101" o="100" />
		<t id="be" x="1436" y="1108" w="42" h="95" d="2121" o="100" />
		<t id="be" x="1549" y="1301" w="42" h="95" d="2449" o="100" />
		<t id="be" x="1939" y="1295" w="42" h="95" d="2109" o="100" />
		<t id="be" x="2104" y="535" w="42" h="95" d="2221" o="100" />
		<t id="be" x="2244" y="535" w="42" h="95" d="2225" o="100" />
		<t id="be" x="2376" y="921" w="42" h="95" d="2213" o="100" />
		<t id="be" x="2404" y="1397" w="42" h="95" d="2097" o="100" />
		<t id="be" x="2516" y="921" w="42" h="95" d="2217" o="100" />
		<t id="be" x="2536" y="601" w="42" h="95" d="2241" o="100" />
		<t id="be" x="26" y="1395" w="42" h="95" d="2093" o="100" />
		<t id="be" x="2664" y="921" w="42" h="95" d="2189" o="100" />
		<t id="be" x="2676" y="601" w="42" h="95" d="2245" o="100" />
		<t id="be" x="2702" y="1060" w="42" h="95" d="2233" o="100" />
		<t id="be" x="2796" y="611" w="42" h="95" d="2249" o="100" />
		<t id="be" x="2804" y="921" w="42" h="95" d="2201" o="100" />
		<t id="be" x="2921" y="1060" w="42" h="95" d="2113" o="100" />
		<t id="be" x="3461" y="425" w="42" h="95" d="2285" o="100" />
		<t id="be" x="3461" y="555" w="42" h="95" d="2265" o="100" />
		<t id="be" x="3590" y="425" w="42" h="95" d="2289" o="100" />
		<t id="be" x="3590" y="555" w="42" h="95" d="2269" o="100" />
		<t id="be" x="3691" y="1008" w="42" h="95" d="2325" o="100" />
		<t id="be" x="3711" y="505" w="42" h="95" d="2273" o="100" />
		<t id="be" x="3771" y="928" w="42" h="95" d="2321" o="100" />
		<t id="be" x="3890" y="1430" w="42" h="95" d="2445" o="100" />
		<t id="be" x="4169" y="1129" w="42" h="95" d="2341" o="100" />
		<t id="be" x="4225" y="968" w="42" h="95" d="2329" o="100" />
		<t id="be" x="4500" y="1419" w="42" h="95" d="2441" o="100" />
		<t id="be" x="4755" y="450" w="42" h="95" d="2361" o="100" />
		<t id="be" x="4799" y="1299" w="42" h="95" d="2397" o="100" />
		<t id="be" x="485" y="1396" w="42" h="95" d="2453" o="100" />
		<t id="be" x="4889" y="494" w="42" h="95" d="2365" o="100" />
		<t id="be" x="5018" y="506" w="42" h="95" d="2357" o="100" />
		<t id="be" x="5032" y="673" w="42" h="95" d="2381" o="100" />
		<t id="be" x="5140" y="981" w="42" h="95" d="2417" o="100" />
		<t id="be" x="5172" y="673" w="42" h="95" d="2385" o="100" />
		<t id="be" x="5255" y="746" w="42" h="95" d="2429" o="100" />
		<t id="be" x="5300" y="981" w="42" h="95" d="2421" o="100" />
		<t id="be" x="5306" y="1297" w="42" h="95" d="2401" o="100" />
		<t id="be" x="5395" y="746" w="42" h="95" d="2433" o="100" />
		<t id="be1" x="2322" y="702" w="193" h="17" d="1573" o="250" />
		<t id="be1" x="2322" y="953" w="193" h="17" d="1569" o="250" />
		<t id="be1" x="3101" y="1047" w="193" h="17" d="1665" o="250" />
		<t id="be1" x="3101" y="1294" w="193" h="17" d="1661" o="250" />
		<t id="be1" x="3195" y="423" w="193" h="17" d="1129" o="250" />
		<t id="be1" x="3195" y="672" w="193" h="17" d="1125" o="250" />
		<t id="be1" x="3405" y="357" w="193" h="17" d="1690" o="250" />
		<t id="be1" x="3405" y="606" w="193" h="17" d="1686" o="250" />
		<t id="be1" x="3879" y="1027" w="193" h="17" d="1907" o="250" />
		<t id="be1" x="3879" y="1284" w="193" h="17" d="1903" o="250" />
		<t id="be1" x="4137" y="1155" w="193" h="17" d="1558" o="250" />
		<t id="be1" x="4159" y="494" w="193" h="17" d="1833" o="250" />
		<t id="be1" x="4159" y="752" w="193" h="17" d="1825" o="250" />
		<t id="be1" x="4399" y="494" w="193" h="17" d="1837" o="250" />
		<t id="be1" x="4399" y="752" w="193" h="17" d="1829" o="250" />
		<t id="be1" x="4416" y="1240" w="193" h="17" d="1817" o="250" />
		<t id="be1" x="4416" y="992" w="193" h="17" d="1821" o="250" />
		<t id="be1" x="4859" y="583" w="193" h="17" d="1868" o="250" />
		<t id="be1" x="4859" y="842" w="193" h="17" d="1864" o="250" />
		<t id="be2" x="2143" y="909" w="18" h="186" d="1577" o="250" />
		<t id="be2" x="2331" y="904" w="18" h="186" d="1581" o="250" />
		<t id="be2" x="2922" y="1250" w="18" h="186" d="1669" o="250" />
		<t id="be2" x="3018" y="621" w="18" h="186" d="661" o="250" />
		<t id="be2" x="3110" y="1245" w="18" h="186" d="1673" o="250" />
		<t id="be2" x="3198" y="621" w="18" h="186" d="1121" o="250" />
		<t id="be2" x="3226" y="562" w="18" h="186" d="1694" o="250" />
		<t id="be2" x="3414" y="557" w="18" h="186" d="1698" o="250" />
		<t id="be2" x="3695" y="1238" w="18" h="186" d="1915" o="250" />
		<t id="be2" x="4146" y="1369" w="18" h="186" d="1562" o="250" />
		<t id="be2" x="4231" y="1201" w="18" h="186" d="1911" o="250" />
		<t id="be2" x="4680" y="801" w="18" h="186" d="1919" o="250" />
		<t id="be2" x="4877" y="801" w="18" h="186" d="1932" o="250" />
		<t id="be2" x="968" y="1395" w="18" h="186" d="1646" o="250" />
		<t id="bh" x="21" y="1397" w="105" h="309" d="2463" o="" />
		<t id="bh" x="5938" y="785" w="105" h="309" d="2471" o="" />
		<t id="bh" x="5968" y="1095" w="105" h="309" d="2467" o="" />
		<t id="bh" x="5983" y="1403" w="105" h="309" d="2459" o="" />
		<t id="c" x="1260" y="830" w="23" h="24" d="1969" o="" />
		<t id="c" x="1515" y="1162" w="23" h="24" d="2045" o="" />
		<t id="c" x="1732" y="1033" w="23" h="24" d="1981" o="" />
		<t id="c" x="1822" y="803" w="23" h="24" d="1989" o="" />
		<t id="c" x="2243" y="833" w="23" h="24" d="1993" o="" />
		<t id="c" x="2319" y="400" w="23" h="24" d="2085" o="" />
		<t id="c" x="2428" y="1090" w="23" h="24" d="1997" o="" />
		<t id="c" x="2568" y="554" w="23" h="24" d="2001" o="" />
		<t id="c" x="2879" y="382" w="23" h="24" d="2081" o="" />
		<t id="c" x="3159" y="621" w="23" h="24" d="2009" o="" />
		<t id="c" x="3277" y="415" w="23" h="24" d="2005" o="" />
		<t id="c" x="3556" y="833" w="23" h="24" d="2025" o="" />
		<t id="c" x="3855" y="1364" w="23" h="24" d="2017" o="" />
		<t id="c" x="386" y="1081" w="23" h="24" d="1977" o="" />
		<t id="c" x="3867" y="768" w="23" h="24" d="2077" o="" />
		<t id="c" x="4013" y="1211" w="23" h="24" d="2033" o="" />
		<t id="c" x="4082" y="576" w="23" h="24" d="2073" o="" />
		<t id="c" x="4312" y="573" w="23" h="24" d="2041" o="" />
		<t id="c" x="4401" y="1221" w="23" h="24" d="2037" o="" />
		<t id="c" x="4528" y="1130" w="23" h="24" d="2049" o="" />
		<t id="c" x="4783" y="710" w="23" h="24" d="2053" o="" />
		<t id="c" x="5193" y="1085" w="23" h="24" d="2057" o="" />
		<t id="c" x="5343" y="525" w="23" h="24" d="2069" o="" />
		<t id="c" x="799" y="1067" w="23" h="24" d="1973" o="" />
		<t id="d_g1" x="1248" y="1295" w="30" h="38" d="742" o="" />
		<t id="d_g1" x="2116" y="1398" w="30" h="38" d="962" o="" />
		<t id="d_g1" x="3199" y="1191" w="30" h="38" d="744" o="" />
		<t id="d_g1" x="5099" y="1296" w="30" h="38" d="746" o="" />
		<t id="d_g1" x="887" y="1398" w="30" h="38" d="1549" o="" />
		<t id="d_g2" x="1837" y="1295" w="66" h="10" d="2475" o="" />
		<t id="d_g2" x="2027" y="1399" w="66" h="10" d="2519" o="" />
		<t id="d_g2" x="2690" y="1399" w="66" h="10" d="2481" o="" />
		<t id="d_g2" x="4333" y="1400" w="66" h="10" d="2483" o="" />
		<t id="d_g2" x="4910" y="1297" w="66" h="10" d="2485" o="" />
		<t id="d_g2" x="5803" y="1400" w="66" h="10" d="2487" o="" />
		<t id="d_g2" x="760" y="1399" w="66" h="10" d="2477" o="" />
		<t id="d_g2" x="90" y="1398" w="66" h="10" d="2479" o="" />
		<t id="d_h1" x="1456" y="1294" w="46" h="25" d="1315" o="" />
		<t id="d_h1" x="2481" y="1399" w="46" h="25" d="1317" o="" />
		<t id="d_h1" x="3870" y="1399" w="46" h="25" d="1544" o="" />
		<t id="d_h1" x="462" y="1400" w="46" h="25" d="1311" o="" />
		<t id="d_h1" x="4713" y="1399" w="46" h="25" d="1494" o="" />
		<t id="d_h1" x="5418" y="1400" w="46" h="25" d="1496" o="" />
		<t id="d_h2" x="2844" y="1399" w="113" h="31" d="1319" o="" />
		<t id="d_h2" x="3521" y="1399" w="113" h="31" d="1492" o="" />
		<t id="d_h2" x="370" y="1398" w="113" h="31" d="1313" o="" />
		<t id="e" x="2086" y="752" w="17" h="16" d="1985" o="" />
		<t id="e" x="2964" y="1113" w="17" h="16" d="2089" o="" />
		<t id="e" x="3277" y="281" w="17" h="16" d="2013" o="" />
		<t id="e" x="3773" y="1171" w="17" h="16" d="2021" o="" />
		<t id="e" x="4381" y="1349" w="17" h="16" d="2029" o="" />
		<t id="e" x="4756" y="1322" w="17" h="16" d="2065" o="" />
		<t id="e" x="4844" y="505" w="17" h="16" d="2061" o="" />
		<t id="f_b_t" x="2483" y="1294" w="121" h="104" d="702" o="30" />
		<t id="f_b_t" x="2604" y="1294" w="121" h="104" d="697" o="30" />
		<t id="f_l_t" x="2362" y="1294" w="22" h="104" d="707" o="30" />
		<t id="f_r_t" x="2625" y="1294" w="22" h="104" d="710" o="30" />
		<t id="f_t_l" x="2362" y="1398" w="14" h="104" d="715" o="" />
		<t id="f_t_r" x="2617" y="1398" w="14" h="104" d="713" o="" />
		<t id="g" x="5653" y="1405" w="44" h="335" d="1936" o="30" />
		<t id="n1_l" x="2330" y="953" w="191" h="266" d="1566" o="" />
		<t id="n1_l" x="3108" y="1294" w="191" h="266" d="1658" o="" />
		<t id="n1_l" x="3412" y="607" w="191" h="266" d="1683" o="" />
		<t id="n1_l" x="4144" y="1400" w="191" h="266" d="1551" o="" />
		<t id="n1_r" x="1196" y="1399" w="191" h="267" d="1643" o="50" />
		<t id="n1_r" x="3196" y="665" w="191" h="267" d="658" o="50" />
		<t id="n1_r" x="3883" y="1278" w="191" h="267" d="1145" o="50" />
		<t id="n1_r" x="4418" y="1238" w="191" h="267" d="1160" o="50" />
		<t id="n1_r" x="4866" y="834" w="191" h="267" d="617" o="50" />
		<t id="n2_1" x="4187" y="610" w="235" h="136" d="1148" o="" />
		<t id="n2_2" x="4422" y="610" w="235" h="136" d="1151" o="" />
		<t id="n2_3" x="4187" y="747" w="235" h="136" d="1154" o="" />
		<t id="n2_4" x="4422" y="747" w="235" h="136" d="1157" o="" />
		<t id="orange" x="1309" y="1106" w="53" h="43" d="2153" o="-20" />
		<t id="orange" x="2173" y="534" w="53" h="43" d="2229" o="-20" />
		<t id="orange" x="2733" y="921" w="53" h="43" d="2205" o="-20" />
		<t id="orange" x="3527" y="417" w="53" h="43" d="2293" o="-20" />
		<t id="orange" x="3844" y="926" w="53" h="43" d="2317" o="-20" />
		<t id="orange" x="5099" y="666" w="53" h="43" d="2389" o="-20" />
		<t id="pinku" x="2436" y="909" w="53" h="43" d="2209" o="-20" />
		<t id="pinku" x="2598" y="594" w="53" h="43" d="2237" o="-20" />
		<t id="pinku" x="2762" y="1048" w="53" h="43" d="2197" o="-20" />
		<t id="pinku" x="3523" y="548" w="53" h="43" d="2261" o="-20" />
		<t id="pinku" x="3758" y="1009" w="53" h="43" d="2313" o="-20" />
		<t id="pinku" x="4362" y="967" w="53" h="43" d="2369" o="-20" />
		<t id="pinku" x="4944" y="488" w="53" h="43" d="2373" o="-20" />
		<t id="pinku" x="5312" y="741" w="53" h="43" d="2437" o="-20" />
		<t id="purpu" x="2738" y="608" w="53" h="43" d="2277" o="-20" />
		<t id="purpu" x="2851" y="1048" w="53" h="43" d="2193" o="-20" />
		<t id="purpu" x="3653" y="503" w="53" h="43" d="2281" o="-20" />
		<t id="purpu" x="4821" y="448" w="53" h="43" d="2377" o="-20" />
		<t id="purpu" x="5219" y="971" w="53" h="43" d="2425" o="-20" />
		<t id="s_b_l" x="1202" y="1502" w="121" h="105" d="1379" o="90" />
		<t id="s_b_l" x="2889" y="1502" w="121" h="105" d="1530" o="90" />
		<t id="s_b_l" x="4817" y="1503" w="121" h="105" d="1439" o="90" />
		<t id="s_b_l_t" x="3131" y="1399" w="121" h="105" d="1396" o="30" />
		<t id="s_b_r" x="2048" y="1502" w="121" h="105" d="1486" o="90" />
		<t id="s_b_r" x="3494" y="1503" w="121" h="105" d="1421" o="90" />
		<t id="s_b_r" x="5420" y="1503" w="121" h="105" d="1468" o="90" />
		<t id="s_b_s" x="1081" y="1454" w="121" h="57" d="1501" o="90" />
		<t id="s_b_s" x="121" y="1454" w="121" h="57" d="1358" o="90" />
		<t id="s_b_s" x="2169" y="1454" w="121" h="57" d="1390" o="90" />
		<t id="s_b_s" x="2287" y="1454" w="121" h="57" d="1393" o="90" />
		<t id="s_b_s" x="2408" y="1454" w="121" h="57" d="1489" o="90" />
		<t id="s_b_s" x="241" y="1454" w="121" h="57" d="1361" o="90" />
		<t id="s_b_s" x="2529" y="1454" w="121" h="57" d="1521" o="90" />
		<t id="s_b_s" x="2647" y="1454" w="121" h="57" d="1524" o="90" />
		<t id="s_b_s" x="2768" y="1454" w="121" h="57" d="1527" o="90" />
		<t id="s_b_s" x="361" y="1454" w="121" h="57" d="1364" o="90" />
		<t id="s_b_s" x="3615" y="1455" w="121" h="57" d="1427" o="90" />
		<t id="s_b_s" x="3736" y="1455" w="121" h="57" d="1541" o="90" />
		<t id="s_b_s" x="3857" y="1455" w="121" h="57" d="1424" o="90" />
		<t id="s_b_s" x="4098" y="1455" w="121" h="57" d="1546" o="90" />
		<t id="s_b_s" x="4216" y="1455" w="121" h="57" d="1430" o="90" />
		<t id="s_b_s" x="4337" y="1455" w="121" h="57" d="1350" o="90" />
		<t id="s_b_s" x="4458" y="1455" w="121" h="57" d="1347" o="90" />
		<t id="s_b_s" x="4577" y="1455" w="121" h="57" d="1433" o="90" />
		<t id="s_b_s" x="4697" y="1455" w="121" h="57" d="1436" o="90" />
		<t id="s_b_s" x="481" y="1454" w="121" h="57" d="1367" o="90" />
		<t id="s_b_s" x="5541" y="1455" w="121" h="57" d="1471" o="90" />
		<t id="s_b_s" x="5661" y="1455" w="121" h="57" d="1474" o="90" />
		<t id="s_b_s" x="5781" y="1455" w="121" h="57" d="1477" o="90" />
		<t id="s_b_s" x="5901" y="1455" w="121" h="57" d="1480" o="90" />
		<t id="s_b_s" x="601" y="1454" w="121" h="57" d="1370" o="90" />
		<t id="s_b_s" x="721" y="1454" w="121" h="57" d="1373" o="90" />
		<t id="s_b_s" x="841" y="1454" w="121" h="57" d="1376" o="90" />
		<t id="s_b_s" x="961" y="1454" w="121" h="57" d="1498" o="90" />
		<t id="s_b_t" x="1323" y="1398" w="121" h="105" d="1385" o="90" />
		<t id="s_b_t" x="1444" y="1398" w="121" h="105" d="1353" o="90" />
		<t id="s_b_t" x="1685" y="1398" w="121" h="105" d="1506" o="90" />
		<t id="s_b_t" x="1806" y="1398" w="121" h="105" d="1511" o="90" />
		<t id="s_b_t" x="1927" y="1398" w="121" h="105" d="1516" o="90" />
		<t id="s_b_t" x="3010" y="1398" w="121" h="105" d="1536" o="90" />
		<t id="s_b_t" x="3252" y="1295" w="121" h="105" d="1404" o="90" />
		<t id="s_b_t" x="4938" y="1400" w="121" h="105" d="1445" o="90" />
		<t id="s_b_t" x="5059" y="1400" w="121" h="105" d="1452" o="90" />
		<t id="s_b_t" x="5179" y="1400" w="121" h="105" d="1457" o="90" />
		<t id="s_b_t" x="5299" y="1400" w="121" h="105" d="1462" o="90" />
		<t id="s_l_t" x="1202" y="1398" w="22" h="104" d="1382" o="90" />
		<t id="s_l_t" x="2889" y="1398" w="22" h="104" d="1533" o="90" />
		<t id="s_l_t" x="3131" y="1295" w="22" h="104" d="1401" o="90" />
		<t id="s_l_t" x="4817" y="1400" w="22" h="104" d="1442" o="90" />
		<t id="s_r_s" x="3393" y="1399" w="23" h="104" d="1418" o="90" />
		<t id="s_r_t" x="1949" y="1398" w="23" h="104" d="1483" o="90" />
		<t id="s_r_t" x="3395" y="1295" w="23" h="104" d="1415" o="90" />
		<t id="s_r_t" x="5321" y="1400" w="23" h="104" d="1465" o="90" />
		<t id="spider_run" x="1670" y="1293" w="27" h="15" d="2145" o="0" />
		<t id="spider_run" x="1820" y="1293" w="27" h="15" d="2149" o="0" />
		<t id="spider_run" x="2044" y="1398" w="27" h="15" d="2161" o="0" />
		<t id="spider_run" x="2194" y="1398" w="27" h="15" d="2165" o="0" />
		<t id="spider_run" x="2539" y="1397" w="27" h="15" d="2169" o="0" />
		<t id="spider_run" x="2689" y="1397" w="27" h="15" d="2173" o="0" />
		<t id="spider_run" x="2779" y="1397" w="27" h="15" d="2177" o="0" />
		<t id="spider_run" x="3480" y="1398" w="27" h="15" d="2297" o="0" />
		<t id="spider_run" x="3630" y="1398" w="27" h="15" d="2301" o="0" />
		<t id="spider_run" x="3720" y="1398" w="27" h="15" d="2305" o="0" />
		<t id="spider_run" x="4572" y="1398" w="27" h="15" d="2349" o="0" />
		<t id="spider_run" x="4662" y="1398" w="27" h="15" d="2353" o="0" />
		<t id="spider_run" x="4935" y="1295" w="27" h="15" d="2405" o="0" />
		<t id="spider_run" x="5025" y="1295" w="27" h="15" d="2409" o="0" />
		<t id="spider_run" x="5215" y="1296" w="27" h="15" d="2413" o="0" />
		<t id="spider_run" x="623" y="1397" w="27" h="15" d="2137" o="0" />
		<t id="spider_run" x="927" y="1397" w="27" h="15" d="2141" o="0" />
		<t id="spider_web" x="2213" y="764" w="60" h="65" d="2181" o="0" />
		<t id="spider_web" x="3045" y="1132" w="60" h="65" d="2185" o="0" />
		<t id="spider_web" x="3146" y="474" w="60" h="65" d="2253" o="0" />
		<t id="spider_web" x="3362" y="407" w="60" h="65" d="2257" o="0" />
		<t id="spider_web" x="3825" y="1228" w="60" h="65" d="2309" o="0" />
		<t id="spider_web" x="4002" y="1362" w="60" h="65" d="2333" o="0" />
		<t id="spider_web" x="4186" y="612" w="60" h="65" d="2345" o="0" />
		<t id="spider_web" x="4377" y="1039" w="60" h="65" d="2337" o="0" />
		<t id="spider_web" x="4743" y="660" w="60" h="65" d="2393" o="0" />
		<t id="t1_b" x="3252" y="1399" w="121" h="104" d="1407" o="" />
		<t id="t1_b" x="3373" y="1399" w="121" h="104" d="1411" o="" />
		<t id="t2_b" x="1323" y="1502" w="121" h="104" d="1388" o="" />
		<t id="t2_b" x="1444" y="1502" w="121" h="104" d="1356" o="" />
		<t id="t2_b" x="1565" y="1502" w="121" h="104" d="1504" o="" />
		<t id="t2_b" x="1685" y="1502" w="121" h="104" d="1509" o="" />
		<t id="t2_b" x="1806" y="1502" w="121" h="104" d="1514" o="" />
		<t id="t2_b" x="1927" y="1502" w="121" h="104" d="1519" o="" />
		<t id="t2_b" x="2483" y="1398" w="121" h="104" d="705" o="" />
		<t id="t2_b" x="2604" y="1398" w="121" h="104" d="700" o="" />
		<t id="t2_b" x="3010" y="1502" w="121" h="104" d="1539" o="" />
		<t id="t2_b" x="3131" y="1503" w="121" h="104" d="1399" o="" />
		<t id="t2_b" x="3252" y="1503" w="121" h="104" d="1409" o="" />
		<t id="t2_b" x="3373" y="1503" w="121" h="104" d="1413" o="" />
		<t id="t2_b" x="4938" y="1504" w="121" h="104" d="1448" o="" />
		<t id="t2_b" x="5059" y="1504" w="121" h="104" d="1450" o="" />
		<t id="t2_b" x="5179" y="1504" w="121" h="104" d="1455" o="" />
		<t id="t2_b" x="5299" y="1504" w="121" h="104" d="1460" o="" />
		<t id="t_f_a1_l" x="2116" y="610" w="50" h="21" d="1094" o="30" />
		<t id="t_f_a1_l" x="2657" y="1129" w="50" h="21" d="1308" o="30" />
		<t id="t_f_a1_l" x="2894" y="490" w="50" h="21" d="1115" o="30" />
		<t id="t_f_a1_l" x="3567" y="897" w="50" h="21" d="1735" o="30" />
		<t id="t_f_a1_l" x="3880" y="828" w="50" h="21" d="1618" o="30" />
		<t id="t_f_a1_l" x="3884" y="415" w="50" h="21" d="2507" o="30" />
		<t id="t_f_a1_l" x="404" y="1168" w="50" h="21" d="739" o="30" />
		<t id="t_f_a1_l" x="4420" y="868" w="50" h="21" d="1773" o="30" />
		<t id="t_f_a1_l" x="4424" y="415" w="50" h="21" d="2510" o="30" />
		<t id="t_f_a1_l" x="5140" y="1217" w="50" h="21" d="1872" o="30" />
		<t id="t_f_a1_l" x="5140" y="587" w="50" h="21" d="1853" o="30" />
		<t id="t_f_a1_l" x="5360" y="586" w="50" h="21" d="1896" o="30" />
		<t id="t_f_a1_l" x="5365" y="903" w="50" h="21" d="1884" o="30" />
		<t id="t_f_a1_l" x="695" y="1154" w="50" h="21" d="1097" o="30" />
		<t id="t_f_a1_r" x="1267" y="902" w="50" h="21" d="760" o="30" />
		<t id="t_f_a1_r" x="1671" y="1136" w="50" h="21" d="1112" o="30" />
		<t id="t_f_a1_r" x="1829" y="873" w="50" h="21" d="999" o="30" />
		<t id="t_f_a1_r" x="1832" y="723" w="50" h="21" d="1088" o="30" />
		<t id="t_f_a1_r" x="2556" y="1056" w="50" h="21" d="1305" o="30" />
		<t id="t_f_a1_r" x="2556" y="471" w="50" h="21" d="1106" o="30" />
		<t id="t_f_a1_r" x="2556" y="886" w="50" h="21" d="1082" o="30" />
		<t id="t_f_a1_r" x="3634" y="661" w="50" h="21" d="1142" o="30" />
		<t id="t_f_a1_r" x="4000" y="416" w="50" h="21" d="2516" o="30" />
		<t id="t_f_a1_r" x="4003" y="1028" w="50" h="21" d="1638" o="30" />
		<t id="t_f_a1_r" x="4543" y="1208" w="50" h="21" d="1844" o="30" />
		<t id="t_f_a1_r" x="4543" y="838" w="50" h="21" d="1776" o="30" />
		<t id="t_f_a1_r" x="474" y="1231" w="50" h="21" d="728" o="30" />
		<t id="t_f_a1_r" x="4933" y="773" w="50" h="21" d="1881" o="30" />
		<t id="t_f_a1_r" x="5204" y="541" w="50" h="21" d="1893" o="30" />
		<t id="t_f_a1_r" x="5204" y="721" w="50" h="21" d="1890" o="30" />
		<t id="t_f_a1_r" x="5206" y="1155" w="50" h="21" d="1299" o="30" />
		<t id="t_f_a1_r" x="5424" y="848" w="50" h="21" d="1302" o="30" />
		<t id="t_f_a1_r" x="764" y="1311" w="50" h="21" d="785" o="30" />
		<t id="t_f_a2_l" x="1201" y="990" w="108" h="24" d="754" o="60" />
		<t id="t_f_a2_l" x="2118" y="808" w="108" h="24" d="996" o="60" />
		<t id="t_f_a2_l" x="2489" y="498" w="108" h="24" d="1100" o="60" />
		<t id="t_f_a2_l" x="2489" y="926" w="108" h="24" d="1085" o="60" />
		<t id="t_f_a2_l" x="2652" y="610" w="108" h="24" d="1103" o="60" />
		<t id="t_f_a2_l" x="2652" y="989" w="108" h="24" d="1079" o="60" />
		<t id="t_f_a2_l" x="3570" y="433" w="108" h="24" d="1139" o="60" />
		<t id="t_f_a2_l" x="3570" y="563" w="108" h="24" d="1133" o="60" />
		<t id="t_f_a2_l" x="3880" y="723" w="108" h="24" d="1738" o="60" />
		<t id="t_f_a2_l" x="3880" y="943" w="108" h="24" d="1621" o="60" />
		<t id="t_f_a2_l" x="3881" y="510" w="108" h="24" d="1741" o="60" />
		<t id="t_f_a2_l" x="405" y="1281" w="108" h="24" d="725" o="60" />
		<t id="t_f_a2_l" x="4869" y="463" w="108" h="24" d="1847" o="60" />
		<t id="t_f_a2_l" x="5141" y="682" w="108" h="24" d="1856" o="60" />
		<t id="t_f_a2_l" x="5143" y="1092" w="108" h="24" d="1875" o="60" />
		<t id="t_f_a2_l" x="5361" y="757" w="108" h="24" d="1887" o="60" />
		<t id="t_f_a2_r" x="1325" y="1009" w="108" h="24" d="757" o="60" />
		<t id="t_f_a2_r" x="2241" y="550" w="108" h="24" d="1091" o="60" />
		<t id="t_f_a2_r" x="2780" y="625" w="108" h="24" d="1109" o="60" />
		<t id="t_f_a2_r" x="2780" y="935" w="108" h="24" d="1076" o="60" />
		<t id="t_f_a2_r" x="3021" y="594" w="108" h="24" d="1118" o="60" />
		<t id="t_f_a2_r" x="3692" y="519" w="108" h="24" d="1136" o="60" />
		<t id="t_f_a2_r" x="4061" y="892" w="108" h="24" d="1626" o="60" />
		<t id="t_f_a2_r" x="4997" y="505" w="108" h="24" d="1850" o="60" />
		<t id="t_f_a2_r" x="5265" y="990" w="108" h="24" d="1878" o="60" />
		<t id="t_f_a3_l" x="2898" y="1076" w="200" h="31" d="1677" o="60" />
		<t id="t_f_a3_l" x="3202" y="691" w="200" h="31" d="1680" o="60" />
		<t id="t_f_a3_l" x="3885" y="1305" w="200" h="31" d="1732" o="60" />
		<t id="t_f_a3_l" x="4425" y="773" w="200" h="31" d="1806" o="60" />
		<t id="t_f_a3_l" x="4425" y="998" w="200" h="31" d="1811" o="60" />
		<t id="t_f_a3_l" x="4426" y="1262" w="200" h="31" d="1814" o="60" />
		<t id="t_f_a3_l" x="4873" y="858" w="200" h="31" d="1859" o="60" />
		<t id="t_f_a3_l_d" x="1204" y="1159" w="200" h="31" d="1653" o="30" />
		<t id="t_f_a3_l_d" x="3202" y="425" w="200" h="31" d="1556" o="30" />
		<t id="t_f_a3_l_d" x="3885" y="1038" w="200" h="31" d="1624" o="30" />
		<t id="t_f_a3_l_d" x="4425" y="500" w="200" h="31" d="1809" o="30" />
		<t id="t_f_a3_l_d" x="4873" y="593" w="200" h="31" d="1862" o="30" />
		<t id="t_f_a3_r" x="1416" y="1134" w="200" h="31" d="1650" o="60" />
		<t id="t_f_a3_r" x="2331" y="980" w="200" h="31" d="1655" o="60" />
		<t id="t_f_a3_r" x="3413" y="634" w="200" h="31" d="1702" o="60" />
		<t id="t_f_a3_r" x="4149" y="772" w="200" h="31" d="1744" o="60" />
		<t id="t_f_a3_r" x="4689" y="424" w="200" h="31" d="2513" o="60" />
		<t id="t_f_a3_r_d" x="2331" y="714" w="200" h="31" d="1641" o="30" />
		<t id="t_f_a3_r_d" x="3109" y="1055" w="200" h="31" d="1899" o="30" />
		<t id="t_f_a3_r_d" x="3413" y="367" w="200" h="31" d="1554" o="30" />
		<t id="t_f_a3_r_d" x="4149" y="1162" w="200" h="31" d="1901" o="30" />
		<t id="t_f_a3_r_d" x="4149" y="501" w="200" h="31" d="1747" o="30" />
		<t id="t_f_b" x="1230" y="1295" w="41" h="21" d="731" o="" />
		<t id="t_f_b" x="1634" y="1295" w="41" h="21" d="802" o="" />
		<t id="t_f_b" x="1795" y="1297" w="41" h="21" d="834" o="" />
		<t id="t_f_b" x="200" y="1398" w="41" h="21" d="872" o="" />
		<t id="t_f_b" x="2146" y="1398" w="41" h="21" d="924" o="" />
		<t id="t_f_b" x="2518" y="1190" w="41" h="21" d="964" o="" />
		<t id="t_f_b" x="2682" y="1400" w="41" h="21" d="1002" o="" />
		<t id="t_f_b" x="2924" y="1295" w="41" h="21" d="1040" o="" />
		<t id="t_f_b" x="3227" y="1195" w="41" h="21" d="665" o="" />
		<t id="t_f_b" x="3597" y="1399" w="41" h="21" d="620" o="" />
		<t id="t_f_b" x="435" y="1400" w="41" h="21" d="717" o="" />
		<t id="t_f_b" x="4899" y="1297" w="41" h="21" d="1163" o="" />
		<t id="t_f_b" x="5169" y="1297" w="41" h="21" d="1197" o="" />
		<t id="t_f_b" x="5389" y="1400" w="41" h="21" d="1231" o="" />
		<t id="t_f_b" x="5699" y="1400" w="41" h="21" d="1265" o="" />
		<t id="t_f_b" x="725" y="1400" w="41" h="21" d="777" o="" />
		<t id="t_f_b" x="880" y="1398" w="41" h="21" d="892" o="" />
		<t id="t_f_t1" x="1222" y="1116" w="25" h="79" d="748" o="" />
		<t id="t_f_t1" x="1222" y="1195" w="25" h="79" d="735" o="" />
		<t id="t_f_t1" x="1222" y="250" w="25" h="79" d="1331" o="" />
		<t id="t_f_t1" x="1222" y="329" w="25" h="79" d="1325" o="" />
		<t id="t_f_t1" x="1222" y="408" w="25" h="79" d="1329" o="" />
		<t id="t_f_t1" x="1222" y="563" w="25" h="79" d="800" o="" />
		<t id="t_f_t1" x="1222" y="642" w="25" h="79" d="737" o="" />
		<t id="t_f_t1" x="1222" y="721" w="25" h="79" d="767" o="" />
		<t id="t_f_t1" x="1222" y="879" w="25" h="79" d="763" o="" />
		<t id="t_f_t1" x="1626" y="1037" w="25" h="79" d="810" o="" />
		<t id="t_f_t1" x="1626" y="1116" w="25" h="79" d="808" o="" />
		<t id="t_f_t1" x="1626" y="1195" w="25" h="79" d="806" o="" />
		<t id="t_f_t1" x="1626" y="330" w="25" h="79" d="828" o="" />
		<t id="t_f_t1" x="1626" y="563" w="25" h="79" d="822" o="" />
		<t id="t_f_t1" x="1626" y="721" w="25" h="79" d="818" o="" />
		<t id="t_f_t1" x="1626" y="800" w="25" h="79" d="816" o="" />
		<t id="t_f_t1" x="1787" y="1039" w="25" h="79" d="842" o="" />
		<t id="t_f_t1" x="1787" y="1197" w="25" h="79" d="838" o="" />
		<t id="t_f_t1" x="1787" y="1276" w="25" h="79" d="836" o="" />
		<t id="t_f_t1" x="1787" y="407" w="25" h="79" d="858" o="" />
		<t id="t_f_t1" x="1787" y="565" w="25" h="79" d="854" o="" />
		<t id="t_f_t1" x="1787" y="723" w="25" h="79" d="850" o="" />
		<t id="t_f_t1" x="1787" y="93" w="25" h="79" d="866" o="" />
		<t id="t_f_t1" x="192" y="1140" w="25" h="79" d="880" o="" />
		<t id="t_f_t1" x="192" y="1298" w="25" h="79" d="876" o="" />
		<t id="t_f_t1" x="192" y="1377" w="25" h="79" d="874" o="" />
		<t id="t_f_t1" x="192" y="824" w="25" h="79" d="888" o="" />
		<t id="t_f_t1" x="192" y="903" w="25" h="79" d="886" o="" />
		<t id="t_f_t1" x="2138" y="1140" w="25" h="79" d="932" o="" />
		<t id="t_f_t1" x="2138" y="1298" w="25" h="79" d="928" o="" />
		<t id="t_f_t1" x="2138" y="1377" w="25" h="79" d="926" o="" />
		<t id="t_f_t1" x="2138" y="195" w="25" h="79" d="956" o="" />
		<t id="t_f_t1" x="2138" y="353" w="25" h="79" d="952" o="" />
		<t id="t_f_t1" x="2138" y="37" w="25" h="79" d="960" o="" />
		<t id="t_f_t1" x="2138" y="432" w="25" h="79" d="950" o="" />
		<t id="t_f_t1" x="2138" y="669" w="25" h="79" d="944" o="" />
		<t id="t_f_t1" x="2138" y="824" w="25" h="79" d="940" o="" />
		<t id="t_f_t1" x="2138" y="903" w="25" h="79" d="938" o="" />
		<t id="t_f_t1" x="2510" y="1090" w="25" h="79" d="968" o="" />
		<t id="t_f_t1" x="2510" y="1169" w="25" h="79" d="966" o="" />
		<t id="t_f_t1" x="2510" y="142" w="25" h="79" d="992" o="" />
		<t id="t_f_t1" x="2510" y="379" w="25" h="79" d="986" o="" />
		<t id="t_f_t1" x="2510" y="616" w="25" h="79" d="980" o="" />
		<t id="t_f_t1" x="2510" y="63" w="25" h="79" d="994" o="" />
		<t id="t_f_t1" x="2510" y="695" w="25" h="79" d="978" o="" />
		<t id="t_f_t1" x="2510" y="932" w="25" h="79" d="972" o="" />
		<t id="t_f_t1" x="2674" y="1142" w="25" h="79" d="1010" o="" />
		<t id="t_f_t1" x="2674" y="115" w="25" h="79" d="1036" o="" />
		<t id="t_f_t1" x="2674" y="1300" w="25" h="79" d="1006" o="" />
		<t id="t_f_t1" x="2674" y="1379" w="25" h="79" d="1004" o="" />
		<t id="t_f_t1" x="2674" y="273" w="25" h="79" d="1032" o="" />
		<t id="t_f_t1" x="2674" y="36" w="25" h="79" d="1038" o="" />
		<t id="t_f_t1" x="2674" y="589" w="25" h="79" d="1024" o="" />
		<t id="t_f_t1" x="2674" y="668" w="25" h="79" d="1022" o="" />
		<t id="t_f_t1" x="2674" y="826" w="25" h="79" d="1018" o="" />
		<t id="t_f_t1" x="2674" y="905" w="25" h="79" d="1016" o="" />
		<t id="t_f_t1" x="2916" y="1037" w="25" h="79" d="1048" o="" />
		<t id="t_f_t1" x="2916" y="1195" w="25" h="79" d="1044" o="" />
		<t id="t_f_t1" x="2916" y="1274" w="25" h="79" d="1042" o="" />
		<t id="t_f_t1" x="2916" y="247" w="25" h="79" d="1068" o="" />
		<t id="t_f_t1" x="2916" y="326" w="25" h="79" d="1066" o="" />
		<t id="t_f_t1" x="2916" y="563" w="25" h="79" d="1060" o="" />
		<t id="t_f_t1" x="2916" y="721" w="25" h="79" d="1056" o="" />
		<t id="t_f_t1" x="2916" y="800" w="25" h="79" d="1054" o="" />
		<t id="t_f_t1" x="2916" y="89" w="25" h="79" d="1072" o="" />
		<t id="t_f_t1" x="3219" y="1095" w="25" h="79" d="669" o="" />
		<t id="t_f_t1" x="3219" y="1174" w="25" h="79" d="667" o="" />
		<t id="t_f_t1" x="3219" y="147" w="25" h="79" d="693" o="" />
		<t id="t_f_t1" x="3219" y="384" w="25" h="79" d="687" o="" />
		<t id="t_f_t1" x="3219" y="621" w="25" h="79" d="681" o="" />
		<t id="t_f_t1" x="3219" y="68" w="25" h="79" d="695" o="" />
		<t id="t_f_t1" x="3219" y="700" w="25" h="79" d="679" o="" />
		<t id="t_f_t1" x="3219" y="937" w="25" h="79" d="673" o="" />
		<t id="t_f_t1" x="3589" y="114" w="25" h="79" d="654" o="" />
		<t id="t_f_t1" x="3589" y="1141" w="25" h="79" d="628" o="" />
		<t id="t_f_t1" x="3589" y="1299" w="25" h="79" d="624" o="" />
		<t id="t_f_t1" x="3589" y="1378" w="25" h="79" d="622" o="" />
		<t id="t_f_t1" x="3589" y="272" w="25" h="79" d="650" o="" />
		<t id="t_f_t1" x="3589" y="351" w="25" h="79" d="648" o="" />
		<t id="t_f_t1" x="3589" y="588" w="25" h="79" d="642" o="" />
		<t id="t_f_t1" x="3589" y="825" w="25" h="79" d="636" o="" />
		<t id="t_f_t1" x="3589" y="904" w="25" h="79" d="634" o="" />
		<t id="t_f_t1" x="427" y="1142" w="25" h="79" d="769" o="" />
		<t id="t_f_t1" x="427" y="1221" w="25" h="79" d="723" o="" />
		<t id="t_f_t1" x="427" y="1300" w="25" h="79" d="721" o="" />
		<t id="t_f_t1" x="427" y="826" w="25" h="79" d="796" o="" />
		<t id="t_f_t1" x="427" y="905" w="25" h="79" d="775" o="" />
		<t id="t_f_t1" x="4891" y="1039" w="25" h="79" d="1171" o="" />
		<t id="t_f_t1" x="4891" y="1197" w="25" h="79" d="1167" o="" />
		<t id="t_f_t1" x="4891" y="1276" w="25" h="79" d="1165" o="" />
		<t id="t_f_t1" x="4891" y="170" w="25" h="79" d="1193" o="" />
		<t id="t_f_t1" x="4891" y="249" w="25" h="79" d="1191" o="" />
		<t id="t_f_t1" x="4891" y="486" w="25" h="79" d="1185" o="" />
		<t id="t_f_t1" x="4891" y="723" w="25" h="79" d="1179" o="" />
		<t id="t_f_t1" x="4891" y="802" w="25" h="79" d="1177" o="" />
		<t id="t_f_t1" x="5161" y="1039" w="25" h="79" d="1205" o="" />
		<t id="t_f_t1" x="5161" y="1276" w="25" h="79" d="1199" o="" />
		<t id="t_f_t1" x="5161" y="170" w="25" h="79" d="1227" o="" />
		<t id="t_f_t1" x="5161" y="249" w="25" h="79" d="1225" o="" />
		<t id="t_f_t1" x="5161" y="486" w="25" h="79" d="1219" o="" />
		<t id="t_f_t1" x="5161" y="723" w="25" h="79" d="1213" o="" />
		<t id="t_f_t1" x="5161" y="802" w="25" h="79" d="1211" o="" />
		<t id="t_f_t1" x="5381" y="1142" w="25" h="79" d="1239" o="" />
		<t id="t_f_t1" x="5381" y="1300" w="25" h="79" d="1235" o="" />
		<t id="t_f_t1" x="5381" y="273" w="25" h="79" d="1261" o="" />
		<t id="t_f_t1" x="5381" y="352" w="25" h="79" d="1259" o="" />
		<t id="t_f_t1" x="5381" y="589" w="25" h="79" d="1253" o="" />
		<t id="t_f_t1" x="5381" y="826" w="25" h="79" d="1247" o="" />
		<t id="t_f_t1" x="5381" y="905" w="25" h="79" d="1245" o="" />
		<t id="t_f_t1" x="5691" y="1142" w="25" h="79" d="1273" o="" />
		<t id="t_f_t1" x="5691" y="1300" w="25" h="79" d="1269" o="" />
		<t id="t_f_t1" x="5691" y="1379" w="25" h="79" d="1267" o="" />
		<t id="t_f_t1" x="5691" y="273" w="25" h="79" d="1295" o="" />
		<t id="t_f_t1" x="5691" y="352" w="25" h="79" d="1293" o="" />
		<t id="t_f_t1" x="5691" y="589" w="25" h="79" d="1287" o="" />
		<t id="t_f_t1" x="5691" y="826" w="25" h="79" d="1281" o="" />
		<t id="t_f_t1" x="5691" y="905" w="25" h="79" d="1279" o="" />
		<t id="t_f_t1" x="717" y="1142" w="25" h="79" d="788" o="" />
		<t id="t_f_t1" x="717" y="1221" w="25" h="79" d="783" o="" />
		<t id="t_f_t1" x="717" y="1379" w="25" h="79" d="779" o="" />
		<t id="t_f_t1" x="717" y="273" w="25" h="79" d="1345" o="" />
		<t id="t_f_t1" x="717" y="352" w="25" h="79" d="1343" o="" />
		<t id="t_f_t1" x="717" y="510" w="25" h="79" d="1339" o="" />
		<t id="t_f_t1" x="717" y="589" w="25" h="79" d="1337" o="" />
		<t id="t_f_t1" x="717" y="668" w="25" h="79" d="1335" o="" />
		<t id="t_f_t1" x="717" y="826" w="25" h="79" d="798" o="" />
		<t id="t_f_t1" x="717" y="905" w="25" h="79" d="794" o="" />
		<t id="t_f_t1" x="872" y="1140" w="25" h="79" d="900" o="" />
		<t id="t_f_t1" x="872" y="1298" w="25" h="79" d="896" o="" />
		<t id="t_f_t1" x="872" y="1377" w="25" h="79" d="894" o="" />
		<t id="t_f_t1" x="872" y="350" w="25" h="79" d="920" o="" />
		<t id="t_f_t1" x="872" y="508" w="25" h="79" d="916" o="" />
		<t id="t_f_t1" x="872" y="587" w="25" h="79" d="914" o="" />
		<t id="t_f_t1" x="872" y="824" w="25" h="79" d="908" o="" />
		<t id="t_f_t1" x="872" y="903" w="25" h="79" d="906" o="" />
		<t id="t_f_t2" x="1222" y="1274" w="25" h="79" d="733" o="" />
		<t id="t_f_t2" x="1222" y="487" w="25" h="79" d="1327" o="" />
		<t id="t_f_t2" x="1222" y="800" w="25" h="79" d="765" o="" />
		<t id="t_f_t2" x="1626" y="1274" w="25" h="79" d="804" o="" />
		<t id="t_f_t2" x="1626" y="409" w="25" h="79" d="826" o="" />
		<t id="t_f_t2" x="1626" y="642" w="25" h="79" d="820" o="" />
		<t id="t_f_t2" x="1787" y="1118" w="25" h="79" d="840" o="" />
		<t id="t_f_t2" x="1787" y="802" w="25" h="79" d="848" o="" />
		<t id="t_f_t2" x="192" y="1219" w="25" h="79" d="878" o="" />
		<t id="t_f_t2" x="2138" y="1219" w="25" h="79" d="930" o="" />
		<t id="t_f_t2" x="2138" y="590" w="25" h="79" d="946" o="" />
		<t id="t_f_t2" x="2138" y="982" w="25" h="79" d="936" o="" />
		<t id="t_f_t2" x="2510" y="1011" w="25" h="79" d="970" o="" />
		<t id="t_f_t2" x="2510" y="458" w="25" h="79" d="984" o="" />
		<t id="t_f_t2" x="2674" y="1221" w="25" h="79" d="1008" o="" />
		<t id="t_f_t2" x="2674" y="352" w="25" h="79" d="1030" o="" />
		<t id="t_f_t2" x="2916" y="1116" w="25" h="79" d="1046" o="" />
		<t id="t_f_t2" x="3219" y="1016" w="25" h="79" d="671" o="" />
		<t id="t_f_t2" x="3219" y="463" w="25" h="79" d="685" o="" />
		<t id="t_f_t2" x="3589" y="1220" w="25" h="79" d="626" o="" />
		<t id="t_f_t2" x="3589" y="193" w="25" h="79" d="652" o="" />
		<t id="t_f_t2" x="3589" y="667" w="25" h="79" d="640" o="" />
		<t id="t_f_t2" x="427" y="1379" w="25" h="79" d="719" o="" />
		<t id="t_f_t2" x="4891" y="1118" w="25" h="79" d="1169" o="" />
		<t id="t_f_t2" x="4891" y="565" w="25" h="79" d="1183" o="" />
		<t id="t_f_t2" x="4891" y="91" w="25" h="79" d="1195" o="" />
		<t id="t_f_t2" x="5161" y="1118" w="25" h="79" d="1203" o="" />
		<t id="t_f_t2" x="5161" y="565" w="25" h="79" d="1217" o="" />
		<t id="t_f_t2" x="5161" y="91" w="25" h="79" d="1229" o="" />
		<t id="t_f_t2" x="5381" y="1379" w="25" h="79" d="1233" o="" />
		<t id="t_f_t2" x="5381" y="194" w="25" h="79" d="1263" o="" />
		<t id="t_f_t2" x="5381" y="668" w="25" h="79" d="1251" o="" />
		<t id="t_f_t2" x="5691" y="1221" w="25" h="79" d="1271" o="" />
		<t id="t_f_t2" x="5691" y="194" w="25" h="79" d="1297" o="" />
		<t id="t_f_t2" x="5691" y="668" w="25" h="79" d="1285" o="" />
		<t id="t_f_t2" x="872" y="1219" w="25" h="79" d="898" o="" />
		<t id="t_f_t3" x="1222" y="1037" w="25" h="79" d="750" o="" />
		<t id="t_f_t3" x="1222" y="958" w="25" h="79" d="752" o="" />
		<t id="t_f_t3" x="1626" y="172" w="25" h="79" d="832" o="" />
		<t id="t_f_t3" x="1626" y="251" w="25" h="79" d="830" o="" />
		<t id="t_f_t3" x="1626" y="484" w="25" h="79" d="824" o="" />
		<t id="t_f_t3" x="1626" y="879" w="25" h="79" d="814" o="" />
		<t id="t_f_t3" x="1626" y="958" w="25" h="79" d="812" o="" />
		<t id="t_f_t3" x="1787" y="-65" w="25" h="79" d="870" o="" />
		<t id="t_f_t3" x="1787" y="14" w="25" h="79" d="868" o="" />
		<t id="t_f_t3" x="1787" y="172" w="25" h="79" d="864" o="" />
		<t id="t_f_t3" x="1787" y="249" w="25" h="79" d="862" o="" />
		<t id="t_f_t3" x="1787" y="328" w="25" h="79" d="860" o="" />
		<t id="t_f_t3" x="1787" y="486" w="25" h="79" d="856" o="" />
		<t id="t_f_t3" x="1787" y="644" w="25" h="79" d="852" o="" />
		<t id="t_f_t3" x="1787" y="881" w="25" h="79" d="846" o="" />
		<t id="t_f_t3" x="1787" y="960" w="25" h="79" d="844" o="" />
		<t id="t_f_t3" x="192" y="1061" w="25" h="79" d="882" o="" />
		<t id="t_f_t3" x="192" y="745" w="25" h="79" d="890" o="" />
		<t id="t_f_t3" x="192" y="982" w="25" h="79" d="884" o="" />
		<t id="t_f_t3" x="2138" y="1061" w="25" h="79" d="934" o="" />
		<t id="t_f_t3" x="2138" y="116" w="25" h="79" d="958" o="" />
		<t id="t_f_t3" x="2138" y="274" w="25" h="79" d="954" o="" />
		<t id="t_f_t3" x="2138" y="511" w="25" h="79" d="948" o="" />
		<t id="t_f_t3" x="2138" y="745" w="25" h="79" d="942" o="" />
		<t id="t_f_t3" x="2510" y="221" w="25" h="79" d="990" o="" />
		<t id="t_f_t3" x="2510" y="300" w="25" h="79" d="988" o="" />
		<t id="t_f_t3" x="2510" y="537" w="25" h="79" d="982" o="" />
		<t id="t_f_t3" x="2510" y="774" w="25" h="79" d="976" o="" />
		<t id="t_f_t3" x="2510" y="853" w="25" h="79" d="974" o="" />
		<t id="t_f_t3" x="2674" y="1063" w="25" h="79" d="1012" o="" />
		<t id="t_f_t3" x="2674" y="194" w="25" h="79" d="1034" o="" />
		<t id="t_f_t3" x="2674" y="431" w="25" h="79" d="1028" o="" />
		<t id="t_f_t3" x="2674" y="510" w="25" h="79" d="1026" o="" />
		<t id="t_f_t3" x="2674" y="747" w="25" h="79" d="1020" o="" />
		<t id="t_f_t3" x="2674" y="984" w="25" h="79" d="1014" o="" />
		<t id="t_f_t3" x="2916" y="10" w="25" h="79" d="1074" o="" />
		<t id="t_f_t3" x="2916" y="168" w="25" h="79" d="1070" o="" />
		<t id="t_f_t3" x="2916" y="405" w="25" h="79" d="1064" o="" />
		<t id="t_f_t3" x="2916" y="484" w="25" h="79" d="1062" o="" />
		<t id="t_f_t3" x="2916" y="642" w="25" h="79" d="1058" o="" />
		<t id="t_f_t3" x="2916" y="879" w="25" h="79" d="1052" o="" />
		<t id="t_f_t3" x="2916" y="958" w="25" h="79" d="1050" o="" />
		<t id="t_f_t3" x="3219" y="226" w="25" h="79" d="691" o="" />
		<t id="t_f_t3" x="3219" y="305" w="25" h="79" d="689" o="" />
		<t id="t_f_t3" x="3219" y="542" w="25" h="79" d="683" o="" />
		<t id="t_f_t3" x="3219" y="779" w="25" h="79" d="677" o="" />
		<t id="t_f_t3" x="3219" y="858" w="25" h="79" d="675" o="" />
		<t id="t_f_t3" x="3589" y="1062" w="25" h="79" d="630" o="" />
		<t id="t_f_t3" x="3589" y="35" w="25" h="79" d="656" o="" />
		<t id="t_f_t3" x="3589" y="430" w="25" h="79" d="646" o="" />
		<t id="t_f_t3" x="3589" y="509" w="25" h="79" d="644" o="" />
		<t id="t_f_t3" x="3589" y="746" w="25" h="79" d="638" o="" />
		<t id="t_f_t3" x="3589" y="983" w="25" h="79" d="632" o="" />
		<t id="t_f_t3" x="427" y="1063" w="25" h="79" d="771" o="" />
		<t id="t_f_t3" x="427" y="984" w="25" h="79" d="773" o="" />
		<t id="t_f_t3" x="4891" y="328" w="25" h="79" d="1189" o="" />
		<t id="t_f_t3" x="4891" y="407" w="25" h="79" d="1187" o="" />
		<t id="t_f_t3" x="4891" y="644" w="25" h="79" d="1181" o="" />
		<t id="t_f_t3" x="4891" y="881" w="25" h="79" d="1175" o="" />
		<t id="t_f_t3" x="4891" y="960" w="25" h="79" d="1173" o="" />
		<t id="t_f_t3" x="5161" y="1197" w="25" h="79" d="1201" o="" />
		<t id="t_f_t3" x="5161" y="328" w="25" h="79" d="1223" o="" />
		<t id="t_f_t3" x="5161" y="407" w="25" h="79" d="1221" o="" />
		<t id="t_f_t3" x="5161" y="644" w="25" h="79" d="1215" o="" />
		<t id="t_f_t3" x="5161" y="881" w="25" h="79" d="1209" o="" />
		<t id="t_f_t3" x="5161" y="960" w="25" h="79" d="1207" o="" />
		<t id="t_f_t3" x="5381" y="1063" w="25" h="79" d="1241" o="" />
		<t id="t_f_t3" x="5381" y="1221" w="25" h="79" d="1237" o="" />
		<t id="t_f_t3" x="5381" y="431" w="25" h="79" d="1257" o="" />
		<t id="t_f_t3" x="5381" y="510" w="25" h="79" d="1255" o="" />
		<t id="t_f_t3" x="5381" y="747" w="25" h="79" d="1249" o="" />
		<t id="t_f_t3" x="5381" y="984" w="25" h="79" d="1243" o="" />
		<t id="t_f_t3" x="5691" y="1063" w="25" h="79" d="1275" o="" />
		<t id="t_f_t3" x="5691" y="431" w="25" h="79" d="1291" o="" />
		<t id="t_f_t3" x="5691" y="510" w="25" h="79" d="1289" o="" />
		<t id="t_f_t3" x="5691" y="747" w="25" h="79" d="1283" o="" />
		<t id="t_f_t3" x="5691" y="984" w="25" h="79" d="1277" o="" />
		<t id="t_f_t3" x="717" y="1063" w="25" h="79" d="790" o="" />
		<t id="t_f_t3" x="717" y="1300" w="25" h="79" d="781" o="" />
		<t id="t_f_t3" x="717" y="431" w="25" h="79" d="1341" o="" />
		<t id="t_f_t3" x="717" y="747" w="25" h="79" d="1333" o="" />
		<t id="t_f_t3" x="717" y="984" w="25" h="79" d="792" o="" />
		<t id="t_f_t3" x="872" y="1061" w="25" h="79" d="902" o="" />
		<t id="t_f_t3" x="872" y="271" w="25" h="79" d="922" o="" />
		<t id="t_f_t3" x="872" y="429" w="25" h="79" d="918" o="" />
		<t id="t_f_t3" x="872" y="666" w="25" h="79" d="912" o="" />
		<t id="t_f_t3" x="872" y="745" w="25" h="79" d="910" o="" />
		<t id="t_f_t3" x="872" y="982" w="25" h="79" d="904" o="" />
		<t id="t_s_b" x="3977" y="1503" w="121" h="147" d="1591" o="90" />
		<t id="t_s_b" x="4517" y="1503" w="121" h="147" d="1749" o="90" />
		<t id="t_s_b1" x="1564" y="1398" w="121" h="147" d="1585" o="90" />
		<t id="t_s_b1" x="3373" y="1295" w="121" h="147" d="1629" o="90" />
		<t id="t_s_h_s_b" x="3956" y="409" w="79" h="79" d="1321" o="" />
		<t id="t_s_h_s_b" x="4496" y="409" w="79" h="79" d="1323" o="" />
		<t id="t_s_h_s_f" x="3956" y="409" w="79" h="79" d="2489" o="" />
		<t id="t_s_h_s_f" x="4496" y="409" w="79" h="79" d="2498" o="" />
		<t id="t_s_t" x="1549" y="1252" w="91" h="25" d="1588" o="30" />
		<t id="t_s_t" x="3358" y="833" w="91" h="25" d="1632" o="30" />
		<t id="t_s_t1" x="3352" y="991" w="79" h="79" d="1926" o="30" />
		<t id="t_s_t1" x="3956" y="1041" w="79" h="79" d="1606" o="30" />
		<t id="t_s_t1" x="3956" y="1120" w="79" h="79" d="1603" o="30" />
		<t id="t_s_t1" x="3956" y="1357" w="79" h="79" d="1594" o="30" />
		<t id="t_s_t1" x="3956" y="15" w="79" h="79" d="1729" o="30" />
		<t id="t_s_t1" x="3956" y="252" w="79" h="79" d="1720" o="30" />
		<t id="t_s_t1" x="3956" y="331" w="79" h="79" d="1717" o="30" />
		<t id="t_s_t1" x="3956" y="646" w="79" h="79" d="1708" o="30" />
		<t id="t_s_t1" x="3956" y="725" w="79" h="79" d="1705" o="30" />
		<t id="t_s_t1" x="3956" y="804" w="79" h="79" d="1615" o="30" />
		<t id="t_s_t1" x="4496" y="1041" w="79" h="79" d="1761" o="30" />
		<t id="t_s_t1" x="4496" y="1120" w="79" h="79" d="1758" o="30" />
		<t id="t_s_t1" x="4496" y="252" w="79" h="79" d="1794" o="30" />
		<t id="t_s_t1" x="4496" y="330" w="79" h="79" d="1791" o="30" />
		<t id="t_s_t1" x="4496" y="646" w="79" h="79" d="1782" o="30" />
		<t id="t_s_t1" x="4496" y="725" w="79" h="79" d="1779" o="30" />
		<t id="t_s_t1" x="4496" y="804" w="79" h="79" d="1770" o="30" />
		<t id="t_s_t2" x="3352" y="1070" w="79" h="79" d="1923" o="30" />
		<t id="t_s_t2" x="3956" y="1278" w="79" h="79" d="1597" o="30" />
		<t id="t_s_t2" x="3956" y="173" w="79" h="79" d="1723" o="30" />
		<t id="t_s_t2" x="3956" y="567" w="79" h="79" d="1711" o="30" />
		<t id="t_s_t2" x="3956" y="962" w="79" h="79" d="1609" o="30" />
		<t id="t_s_t2" x="4496" y="1278" w="79" h="79" d="1752" o="30" />
		<t id="t_s_t2" x="4496" y="173" w="79" h="79" d="1797" o="30" />
		<t id="t_s_t2" x="4496" y="567" w="79" h="79" d="1785" o="30" />
		<t id="t_s_t2" x="4496" y="962" w="79" h="79" d="1764" o="30" />
		<t id="t_s_t3" x="3352" y="1149" w="79" h="79" d="1635" o="30" />
		<t id="t_s_t3" x="3352" y="912" w="79" h="79" d="1929" o="30" />
		<t id="t_s_t3" x="3956" y="1199" w="79" h="79" d="1600" o="30" />
		<t id="t_s_t3" x="3956" y="488" w="79" h="79" d="1714" o="30" />
		<t id="t_s_t3" x="3956" y="883" w="79" h="79" d="1612" o="30" />
		<t id="t_s_t3" x="3956" y="94" w="79" h="79" d="1726" o="30" />
		<t id="t_s_t3" x="4496" y="1199" w="79" h="79" d="1755" o="30" />
		<t id="t_s_t3" x="4496" y="1356" w="79" h="79" d="1803" o="30" />
		<t id="t_s_t3" x="4496" y="15" w="79" h="79" d="1841" o="30" />
		<t id="t_s_t3" x="4496" y="488" w="79" h="79" d="1788" o="30" />
		<t id="t_s_t3" x="4496" y="883" w="79" h="79" d="1767" o="30" />
		<t id="t_s_t3" x="4496" y="94" w="79" h="79" d="1800" o="30" />
		<t id="treeguy" x="2265" y="1398" w="80" h="94" d="2105" o="0" />
		<t id="treeguy" x="2634" y="1398" w="80" h="94" d="2157" o="0" />
		<t id="treeguy" x="3518" y="1398" w="80" h="94" d="2117" o="0" />
		<t id="treeguy" x="4626" y="1399" w="80" h="94" d="2129" o="0" />
		<t id="treeguy" x="5177" y="1295" w="80" h="94" d="2133" o="0" /> 
	</layer>
</level>
