<?xml version="1.0" encoding="UTF-8"?>
<level background="eggrocks" music="track03" effects="lake" sx="120" sy="1802" d="2147">
	<layer name="base" source="lake.swf" x="0" y="0" width="7826" height="1902">
		<t id="be" x="1118" y="1837" w="42" h="95" d="1719" o="200" />
		<t id="be" x="1730" y="1575" w="42" h="95" d="1820" o="200" />
		<t id="be" x="1904" y="1574" w="42" h="95" d="1824" o="200" />
		<t id="be" x="1920" y="1798" w="42" h="95" d="1798" o="200" />
		<t id="be" x="2923" y="1696" w="42" h="95" d="2075" o="200" />
		<t id="be" x="3286" y="1798" w="42" h="95" d="1832" o="200" />
		<t id="be" x="3356" y="1835" w="42" h="95" d="1699" o="200" />
		<t id="be" x="3629" y="1832" w="42" h="95" d="1703" o="200" />
		<t id="be" x="4546" y="1463" w="42" h="95" d="1898" o="200" />
		<t id="be" x="4597" y="784" w="42" h="95" d="1954" o="200" />
		<t id="be" x="4615" y="567" w="42" h="95" d="1973" o="200" />
		<t id="be" x="4667" y="1116" w="42" h="95" d="1937" o="200" />
		<t id="be" x="4757" y="787" w="42" h="95" d="1958" o="200" />
		<t id="be" x="4758" y="1119" w="42" h="95" d="1941" o="200" />
		<t id="be" x="4758" y="1825" w="42" h="95" d="1868" o="200" />
		<t id="be" x="4770" y="567" w="42" h="95" d="1977" o="200" />
		<t id="be" x="483" y="1833" w="42" h="95" d="1172" o="200" />
		<t id="be" x="4854" y="838" w="42" h="95" d="2107" o="200" />
		<t id="be" x="4888" y="938" w="42" h="95" d="2091" o="200" />
		<t id="be" x="4907" y="1825" w="42" h="95" d="1860" o="200" />
		<t id="be" x="4937" y="1705" w="42" h="95" d="2071" o="200" />
		<t id="be" x="4941" y="838" w="42" h="95" d="2103" o="200" />
		<t id="be" x="4971" y="1462" w="42" h="95" d="1894" o="200" />
		<t id="be" x="5047" y="938" w="42" h="95" d="2087" o="200" />
		<t id="be" x="5256" y="1247" w="42" h="95" d="1914" o="200" />
		<t id="be" x="5272" y="877" w="42" h="95" d="1981" o="200" />
		<t id="be" x="5347" y="1251" w="42" h="95" d="1922" o="200" />
		<t id="be" x="5425" y="1601" w="42" h="95" d="2083" o="200" />
		<t id="be" x="5458" y="1341" w="42" h="95" d="1930" o="200" />
		<t id="be" x="5601" y="1252" w="42" h="95" d="2111" o="200" />
		<t id="be" x="5603" y="984" w="42" h="95" d="2127" o="200" />
		<t id="be" x="5618" y="1341" w="42" h="95" d="1918" o="200" />
		<t id="be" x="5675" y="1601" w="42" h="95" d="2079" o="200" />
		<t id="be" x="5692" y="1255" w="42" h="95" d="2115" o="200" />
		<t id="be" x="5702" y="877" w="42" h="95" d="1985" o="200" />
		<t id="be" x="5760" y="960" w="42" h="95" d="2123" o="200" />
		<t id="be" x="5778" y="1498" w="42" h="95" d="1751" o="200" />
		<t id="be" x="6181" y="1495" w="42" h="95" d="1886" o="200" />
		<t id="be" x="634" y="1834" w="42" h="95" d="1168" o="200" />
		<t id="be" x="6469" y="1500" w="42" h="95" d="2063" o="200" />
		<t id="be" x="6644" y="1500" w="42" h="95" d="2067" o="200" />
		<t id="be" x="6676" y="1603" w="42" h="95" d="2051" o="200" />
		<t id="be" x="6758" y="1842" w="42" h="95" d="2025" o="200" />
		<t id="be" x="6851" y="1603" w="42" h="95" d="2055" o="200" />
		<t id="be" x="7031" y="1838" w="42" h="95" d="2029" o="200" />
		<t id="be" x="7254" y="1798" w="42" h="95" d="1762" o="200" />
		<t id="be" x="7638" y="1802" w="42" h="95" d="1758" o="200" />
		<t id="be" x="845" y="1840" w="42" h="95" d="1715" o="200" />
		<t id="bh" x="18" y="1929" w="105" h="309" d="1221" o="" />
		<t id="bh" x="7904" y="1864" w="105" h="309" d="1195" o="" />
		<t id="c" x="1294" y="1735" w="23" h="24" d="1583" o="" />
		<t id="c" x="1334" y="1695" w="23" h="24" d="1579" o="" />
		<t id="c" x="1374" y="1735" w="23" h="24" d="1587" o="" />
		<t id="c" x="1981" y="1467" w="23" h="24" d="1595" o="" />
		<t id="c" x="2025" y="1507" w="23" h="24" d="1599" o="" />
		<t id="c" x="2516" y="1677" w="23" h="24" d="1627" o="" />
		<t id="c" x="2575" y="1676" w="23" h="24" d="1631" o="" />
		<t id="c" x="3389" y="1524" w="23" h="24" d="1635" o="" />
		<t id="c" x="3429" y="1564" w="23" h="24" d="1639" o="" />
		<t id="c" x="4711" y="916" w="23" h="24" d="1667" o="" />
		<t id="c" x="4753" y="876" w="23" h="24" d="1663" o="" />
		<t id="c" x="4939" y="1438" w="23" h="24" d="1607" o="" />
		<t id="c" x="4989" y="1382" w="23" h="24" d="1611" o="" />
		<t id="c" x="5208" y="477" w="23" h="24" d="1675" o="" />
		<t id="c" x="5258" y="525" w="23" h="24" d="1671" o="" />
		<t id="c" x="5307" y="1176" w="23" h="24" d="1659" o="" />
		<t id="c" x="5349" y="1136" w="23" h="24" d="1655" o="" />
		<t id="c" x="5512" y="1562" w="23" h="24" d="1647" o="" />
		<t id="c" x="5554" y="1522" w="23" h="24" d="1643" o="" />
		<t id="c" x="5594" y="1562" w="23" h="24" d="1651" o="" />
		<t id="c" x="6290" y="1747" w="23" h="24" d="1687" o="" />
		<t id="c" x="6349" y="1789" w="23" h="24" d="1691" o="" />
		<t id="c" x="6893" y="1500" w="23" h="24" d="1591" o="" />
		<t id="c" x="6943" y="1560" w="23" h="24" d="1619" o="" />
		<t id="d_sh1" x="116" y="1800" w="73" h="10" d="1301" o="" />
		<t id="d_sh1" x="2047" y="1800" w="73" h="10" d="1407" o="" />
		<t id="d_sh1" x="3240" y="1800" w="73" h="10" d="1440" o="" />
		<t id="d_sh1" x="4867" y="1360" w="73" h="10" d="1749" o="" />
		<t id="d_sh1" x="5357" y="877" w="73" h="10" d="1872" o="" />
		<t id="d_sh2" x="2507" y="1696" w="88" h="14" d="1603" o="" />
		<t id="d_sh2" x="5059" y="1704" w="88" h="14" d="1605" o="" />
		<t id="d_sh2" x="7482" y="1800" w="88" h="14" d="841" o="" />
		<t id="d_sh3" x="5935" y="1496" w="126" h="27" d="1577" o="" />
		<t id="e" x="2756" y="1628" w="17" h="16" d="1623" o="" />
		<t id="e" x="4117" y="1648" w="17" h="16" d="1695" o="" />
		<t id="e" x="4624" y="1265" w="17" h="16" d="1615" o="" />
		<t id="e" x="4938" y="524" w="17" h="16" d="1679" o="" />
		<t id="e" x="5868" y="876" w="17" h="16" d="1683" o="" />
		<t id="evilfish" x="1734" y="1787" w="35" h="58" d="993" o="" />
		<t id="evilfish" x="3804" y="1783" w="35" h="58" d="1001" o="" />
		<t id="evilfish" x="7099" y="1786" w="35" h="58" d="1009" o="" />
		<t id="f_b" x="4759" y="1464" w="121" h="104" d="821" o="30" />
		<t id="f_b" x="4880" y="1464" w="121" h="104" d="830" o="30" />
		<t id="f_b_t" x="1868" y="1678" w="121" h="104" d="894" o="30" />
		<t id="f_b_t" x="4430" y="1705" w="121" h="104" d="915" o="30" />
		<t id="f_b_t" x="4684" y="1567" w="121" h="104" d="868" o="30" />
		<t id="f_b_t" x="4744" y="672" w="121" h="104" d="693" o="30" />
		<t id="f_b_t" x="4804" y="1567" w="121" h="104" d="858" o="30" />
		<t id="f_b_t" x="4864" y="672" w="121" h="104" d="648" o="30" />
		<t id="f_b_t" x="4924" y="1567" w="121" h="104" d="873" o="30" />
		<t id="f_b_t" x="4985" y="672" w="121" h="104" d="700" o="30" />
		<t id="f_b_t" x="5106" y="672" w="121" h="104" d="705" o="30" />
		<t id="f_b_t" x="5409" y="981" w="121" h="104" d="752" o="300" />
		<t id="f_b_t" x="5529" y="981" w="121" h="104" d="755" o="300" />
		<t id="f_b_t" x="5650" y="981" w="121" h="104" d="758" o="300" />
		<t id="f_b_t" x="6607" y="1602" w="121" h="104" d="942" o="30" />
		<t id="f_b_t" x="6811" y="1707" w="121" h="104" d="969" o="30" />
		<t id="f_l" x="4638" y="1464" w="22" h="104" d="827" o="30" />
		<t id="f_l_t" x="1747" y="1678" w="22" h="104" d="891" o="30" />
		<t id="f_l_t" x="4310" y="1705" w="22" h="104" d="912" o="30" />
		<t id="f_l_t" x="4563" y="1567" w="22" h="104" d="863" o="30" />
		<t id="f_l_t" x="4623" y="672" w="22" h="104" d="690" o="30" />
		<t id="f_l_t" x="5288" y="981" w="22" h="104" d="749" o="30" />
		<t id="f_l_t" x="6486" y="1602" w="22" h="104" d="939" o="30" />
		<t id="f_l_t" x="6691" y="1707" w="22" h="104" d="966" o="30" />
		<t id="f_r" x="4901" y="1464" w="22" h="104" d="824" o="30" />
		<t id="f_r_t" x="1889" y="1678" w="22" h="104" d="886" o="30" />
		<t id="f_r_t" x="4451" y="1705" w="22" h="104" d="907" o="30" />
		<t id="f_r_t" x="4946" y="1567" w="22" h="104" d="853" o="30" />
		<t id="f_r_t" x="5128" y="672" w="22" h="104" d="685" o="30" />
		<t id="f_r_t" x="5672" y="981" w="22" h="104" d="746" o="30" />
		<t id="f_r_t" x="6628" y="1602" w="22" h="104" d="934" o="30" />
		<t id="f_r_t" x="6831" y="1707" w="22" h="104" d="961" o="30" />
		<t id="f_s_b" x="1694" y="1710" w="41" h="25" d="1149" o="30" />
		<t id="f_s_b" x="2073" y="1772" w="41" h="25" d="1091" o="30" />
		<t id="f_s_b" x="3058" y="1536" w="41" h="25" d="1134" o="30" />
		<t id="f_s_b" x="3255" y="1572" w="41" h="25" d="1411" o="30" />
		<t id="f_s_b" x="3453" y="1707" w="41" h="25" d="1122" o="30" />
		<t id="f_s_b" x="4528" y="1693" w="41" h="25" d="1107" o="30" />
		<t id="f_s_b" x="5937" y="1084" w="41" h="25" d="1052" o="30" />
		<t id="f_s_b" x="6025" y="1294" w="41" h="25" d="1017" o="30" />
		<t id="f_s_b" x="6108" y="1164" w="41" h="25" d="1026" o="30" />
		<t id="f_s_b" x="6289" y="1404" w="41" h="25" d="1063" o="30" />
		<t id="f_s_b" x="6410" y="1478" w="41" h="25" d="1037" o="30" />
		<t id="f_s_b" x="6966" y="1752" w="41" h="25" d="619" o="30" />
		<t id="f_s_t" x="1686" y="1874" w="25" h="104" d="1147" o="" />
		<t id="f_s_t" x="2065" y="1876" w="25" h="104" d="1089" o="" />
		<t id="f_s_t" x="3050" y="1700" w="25" h="104" d="1132" o="" />
		<t id="f_s_t" x="3247" y="1833" w="25" h="104" d="1409" o="" />
		<t id="f_s_t" x="3445" y="1871" w="25" h="104" d="1120" o="" />
		<t id="f_s_t" x="4520" y="1856" w="25" h="104" d="1103" o="" />
		<t id="f_s_t" x="5929" y="1500" w="25" h="104" d="1050" o="" />
		<t id="f_s_t" x="6017" y="1512" w="25" h="104" d="1024" o="" />
		<t id="f_s_t" x="6100" y="1502" w="25" h="104" d="1033" o="" />
		<t id="f_s_t" x="6281" y="1861" w="25" h="104" d="1076" o="" />
		<t id="f_s_t" x="6402" y="1865" w="25" h="104" d="1048" o="" />
		<t id="f_s_t" x="6958" y="1855" w="25" h="104" d="617" o="" />
		<t id="f_s_t_t" x="1686" y="1789" w="25" h="79" d="1152" o="" />
		<t id="f_s_t_t" x="3050" y="1615" w="25" h="79" d="1137" o="" />
		<t id="f_s_t_t" x="3247" y="1651" w="25" h="79" d="1414" o="" />
		<t id="f_s_t_t" x="3247" y="1729" w="25" h="79" d="1416" o="" />
		<t id="f_s_t_t" x="3445" y="1786" w="25" h="79" d="1125" o="" />
		<t id="f_s_t_t" x="4520" y="1772" w="25" h="79" d="1105" o="" />
		<t id="f_s_t_t" x="5929" y="1163" w="25" h="79" d="1055" o="" />
		<t id="f_s_t_t" x="5929" y="1241" w="25" h="79" d="1057" o="" />
		<t id="f_s_t_t" x="5929" y="1320" w="25" h="79" d="1059" o="" />
		<t id="f_s_t_t" x="5929" y="1397" w="25" h="79" d="1061" o="" />
		<t id="f_s_t_t" x="6017" y="1373" w="25" h="79" d="1020" o="" />
		<t id="f_s_t_t" x="6017" y="1452" w="25" h="79" d="1022" o="" />
		<t id="f_s_t_t" x="6100" y="1243" w="25" h="79" d="1029" o="" />
		<t id="f_s_t_t" x="6100" y="1322" w="25" h="79" d="1031" o="" />
		<t id="f_s_t_t" x="6100" y="1399" w="25" h="79" d="1035" o="" />
		<t id="f_s_t_t" x="6281" y="1483" w="25" h="79" d="1066" o="" />
		<t id="f_s_t_t" x="6281" y="1561" w="25" h="79" d="1068" o="" />
		<t id="f_s_t_t" x="6281" y="1640" w="25" h="79" d="1070" o="" />
		<t id="f_s_t_t" x="6281" y="1718" w="25" h="79" d="1072" o="" />
		<t id="f_s_t_t" x="6281" y="1796" w="25" h="79" d="1074" o="" />
		<t id="f_s_t_t" x="6402" y="1557" w="25" h="79" d="1040" o="" />
		<t id="f_s_t_t" x="6402" y="1635" w="25" h="79" d="1042" o="" />
		<t id="f_s_t_t" x="6402" y="1714" w="25" h="79" d="1044" o="" />
		<t id="f_s_t_t" x="6402" y="1792" w="25" h="79" d="1046" o="" />
		<t id="f_t_l" x="1747" y="1885" w="14" h="104" d="905" o="" />
		<t id="f_t_l" x="4310" y="1912" w="14" h="104" d="926" o="" />
		<t id="f_t_l" x="4563" y="1874" w="14" h="104" d="878" o="" />
		<t id="f_t_l" x="4623" y="1495" w="14" h="104" d="624" o="" />
		<t id="f_t_l" x="5288" y="1604" w="14" h="104" d="811" o="" />
		<t id="f_t_l" x="5300" y="1739" w="14" h="104" d="837" o="" />
		<t id="f_t_l" x="6487" y="1909" w="14" h="104" d="953" o="" />
		<t id="f_t_l" x="6690" y="1914" w="14" h="104" d="980" o="" />
		<t id="f_t_r" x="1881" y="1885" w="14" h="104" d="901" o="" />
		<t id="f_t_r" x="4443" y="1912" w="14" h="104" d="922" o="" />
		<t id="f_t_r" x="5119" y="1707" w="14" h="104" d="710" o="" />
		<t id="f_t_r" x="5555" y="1739" w="14" h="104" d="833" o="" />
		<t id="f_t_r" x="5664" y="1604" w="14" h="104" d="807" o="" />
		<t id="f_t_r" x="6620" y="1909" w="14" h="104" d="949" o="" />
		<t id="f_t_r" x="6824" y="1914" w="14" h="104" d="976" o="" />
		<t id="f_t_t_l" x="1747" y="1782" w="14" h="104" d="899" o="" />
		<t id="f_t_t_l" x="4310" y="1809" w="14" h="104" d="920" o="" />
		<t id="f_t_t_l" x="4563" y="1671" w="14" h="104" d="847" o="" />
		<t id="f_t_t_l" x="4563" y="1771" w="14" h="104" d="866" o="" />
		<t id="f_t_t_l" x="4623" y="1087" w="14" h="104" d="679" o="" />
		<t id="f_t_t_l" x="4623" y="1191" w="14" h="104" d="698" o="" />
		<t id="f_t_t_l" x="4623" y="1294" w="14" h="104" d="638" o="" />
		<t id="f_t_t_l" x="4623" y="1397" w="14" h="104" d="630" o="" />
		<t id="f_t_t_l" x="4623" y="776" w="14" h="104" d="734" o="" />
		<t id="f_t_t_l" x="4623" y="879" w="14" h="104" d="659" o="" />
		<t id="f_t_t_l" x="4623" y="983" w="14" h="104" d="669" o="" />
		<t id="f_t_t_l" x="5288" y="1085" w="14" h="104" d="765" o="" />
		<t id="f_t_t_l" x="5288" y="1189" w="14" h="104" d="775" o="" />
		<t id="f_t_t_l" x="5288" y="1293" w="14" h="104" d="785" o="" />
		<t id="f_t_t_l" x="5288" y="1397" w="14" h="104" d="795" o="" />
		<t id="f_t_t_l" x="5288" y="1501" w="14" h="104" d="805" o="" />
		<t id="f_t_t_l" x="6487" y="1706" w="14" h="104" d="947" o="" />
		<t id="f_t_t_l" x="6487" y="1806" w="14" h="104" d="959" o="" />
		<t id="f_t_t_l" x="6690" y="1811" w="14" h="104" d="974" o="" />
		<t id="f_t_t_r" x="1881" y="1782" w="14" h="104" d="889" o="" />
		<t id="f_t_t_r" x="4443" y="1809" w="14" h="104" d="910" o="" />
		<t id="f_t_t_r" x="4938" y="1671" w="14" h="104" d="843" o="" />
		<t id="f_t_t_r" x="4938" y="1771" w="14" h="104" d="856" o="" />
		<t id="f_t_t_r" x="5119" y="1087" w="14" h="104" d="675" o="" />
		<t id="f_t_t_r" x="5119" y="1191" w="14" h="104" d="688" o="" />
		<t id="f_t_t_r" x="5119" y="1295" w="14" h="104" d="722" o="" />
		<t id="f_t_t_r" x="5119" y="1399" w="14" h="104" d="718" o="" />
		<t id="f_t_t_r" x="5119" y="1499" w="14" h="104" d="714" o="" />
		<t id="f_t_t_r" x="5119" y="1603" w="14" h="104" d="726" o="" />
		<t id="f_t_t_r" x="5119" y="776" w="14" h="104" d="730" o="" />
		<t id="f_t_t_r" x="5119" y="879" w="14" h="104" d="655" o="" />
		<t id="f_t_t_r" x="5119" y="983" w="14" h="104" d="665" o="" />
		<t id="f_t_t_r" x="5664" y="1084" w="14" h="104" d="761" o="" />
		<t id="f_t_t_r" x="5664" y="1188" w="14" h="104" d="771" o="" />
		<t id="f_t_t_r" x="5664" y="1292" w="14" h="104" d="781" o="" />
		<t id="f_t_t_r" x="5664" y="1396" w="14" h="104" d="791" o="" />
		<t id="f_t_t_r" x="5664" y="1500" w="14" h="104" d="801" o="" />
		<t id="f_t_t_r" x="6620" y="1705" w="14" h="104" d="937" o="" />
		<t id="f_t_t_r" x="6620" y="1805" w="14" h="104" d="955" o="" />
		<t id="f_t_t_r" x="6823" y="1810" w="14" h="104" d="964" o="" />
		<t id="floe" x="1653" y="1874" w="140" h="45" d="1335" o="30" />
		<t id="floe" x="4084" y="1869" w="140" h="45" d="1115" o="30" />
		<t id="floe" x="4889" y="1871" w="140" h="45" d="1094" o="30" />
		<t id="floe" x="617" y="1876" w="140" h="45" d="1163" o="30" />
		<t id="floe_b" x="1091" y="1879" w="268" h="45" d="1158" o="30" />
		<t id="floe_b" x="3602" y="1874" w="268" h="45" d="1127" o="30" />
		<t id="floe_b" x="4392" y="1874" w="268" h="45" d="1110" o="30" />
		<t id="floe_b" x="7004" y="1881" w="268" h="45" d="982" o="30" />
		<t id="g" x="7696" y="1807" w="44" h="335" d="1268" o="30" />
		<t id="orange" x="1059" y="1830" w="32" h="34" d="1733" o="0" />
		<t id="orange" x="2104" y="1799" w="32" h="34" d="1812" o="0" />
		<t id="orange" x="3007" y="1695" w="32" h="34" d="1770" o="0" />
		<t id="orange" x="3571" y="1825" w="32" h="34" d="1711" o="0" />
		<t id="orange" x="4701" y="1114" w="32" h="34" d="1910" o="0" />
		<t id="orange" x="4848" y="1826" w="32" h="34" d="1864" o="0" />
		<t id="orange" x="4891" y="838" w="32" h="34" d="2099" o="0" />
		<t id="orange" x="5216" y="1600" w="32" h="34" d="1882" o="0" />
		<t id="orange" x="5436" y="876" w="32" h="34" d="1999" o="0" />
		<t id="orange" x="5634" y="1250" w="32" h="34" d="2119" o="0" />
		<t id="orange" x="5856" y="1494" w="32" h="34" d="1741" o="0" />
		<t id="orange" x="6510" y="1497" w="32" h="34" d="1766" o="0" />
		<t id="orange" x="6710" y="1601" w="32" h="34" d="2139" o="0" />
		<t id="orange" x="6972" y="1831" w="32" h="34" d="2037" o="0" />
		<t id="pinku" x="2180" y="1800" w="32" h="34" d="1808" o="0" />
		<t id="pinku" x="4665" y="780" w="32" h="34" d="1962" o="0" />
		<t id="pinku" x="4717" y="1461" w="32" h="34" d="1902" o="0" />
		<t id="pinku" x="5125" y="1703" w="32" h="34" d="1878" o="0" />
		<t id="pinku" x="544" y="1831" w="32" h="34" d="1176" o="0" />
		<t id="pinku" x="5529" y="1340" w="32" h="34" d="2143" o="0" />
		<t id="pinku" x="5535" y="877" w="32" h="34" d="1995" o="0" />
		<t id="pinku" x="5610" y="1599" w="32" h="34" d="1890" o="0" />
		<t id="pinku" x="5673" y="960" w="32" h="34" d="2131" o="0" />
		<t id="pinku" x="5942" y="1495" w="32" h="34" d="1737" o="0" />
		<t id="pinku" x="6789" y="1602" w="32" h="34" d="2059" o="0" />
		<t id="pinku" x="7380" y="1799" w="32" h="34" d="2047" o="0" />
		<t id="pinkumom" x="2388" y="1800" w="96" h="95" d="1802" o="100" />
		<t id="pinkumom" x="5410" y="876" w="96" h="95" d="1989" o="100" />
		<t id="pinkumom" x="6060" y="1495" w="96" h="95" d="1723" o="100" />
		<t id="purpu" x="1816" y="1574" w="32" h="34" d="1828" o="0" />
		<t id="purpu" x="2262" y="1800" w="32" h="34" d="1816" o="0" />
		<t id="purpu" x="3101" y="1696" w="32" h="34" d="1729" o="0" />
		<t id="purpu" x="3472" y="1824" w="32" h="34" d="1707" o="0" />
		<t id="purpu" x="4654" y="568" w="32" h="34" d="1969" o="0" />
		<t id="purpu" x="4888" y="1463" w="32" h="34" d="1906" o="0" />
		<t id="purpu" x="4982" y="935" w="32" h="34" d="2095" o="0" />
		<t id="purpu" x="5022" y="1704" w="32" h="34" d="1874" o="0" />
		<t id="purpu" x="5292" y="1245" w="32" h="34" d="1926" o="0" />
		<t id="purpu" x="5631" y="876" w="32" h="34" d="2003" o="0" />
		<t id="purpu" x="6114" y="1494" w="32" h="34" d="1745" o="0" />
		<t id="purpu" x="6588" y="1497" w="32" h="34" d="2135" o="0" />
		<t id="purpu" x="6874" y="1830" w="32" h="34" d="2033" o="0" />
		<t id="robbe" x="1267" y="1868" w="65" h="45" d="1780" o="" />
		<t id="robbe" x="1413" y="1868" w="65" h="45" d="1786" o="" />
		<t id="robbe" x="1835" y="1868" w="65" h="45" d="1792" o="" />
		<t id="robbe" x="3735" y="1868" w="65" h="45" d="1836" o="" />
		<t id="robbe" x="3875" y="1868" w="65" h="45" d="1842" o="" />
		<t id="robbe" x="4555" y="1868" w="65" h="45" d="1848" o="" />
		<t id="robbe" x="4695" y="1868" w="65" h="45" d="1854" o="" />
		<t id="robbe" x="6365" y="1868" w="65" h="45" d="2019" o="" />
		<t id="robbe" x="6505" y="1868" w="65" h="45" d="2007" o="" />
		<t id="robbe" x="6645" y="1868" w="65" h="45" d="2013" o="" />
		<t id="robbe" x="7174" y="1868" w="65" h="45" d="2041" o="" />
		<t id="robbe" x="744" y="1868" w="65" h="45" d="1774" o="" />
		<t id="s_b" x="121" y="1904" w="121" h="105" d="1306" o="30" />
		<t id="s_b" x="2052" y="1904" w="121" h="105" d="1367" o="300" />
		<t id="s_b" x="2173" y="1904" w="121" h="105" d="1370" o="300" />
		<t id="s_b" x="2292" y="1904" w="121" h="105" d="1373" o="300" />
		<t id="s_b" x="242" y="1904" w="121" h="105" d="1184" o="30" />
		<t id="s_b" x="363" y="1904" w="121" h="105" d="1309" o="30" />
		<t id="s_b" x="7380" y="1904" w="121" h="105" d="1568" o="30" />
		<t id="s_b" x="7460" y="1904" w="121" h="105" d="1565" o="30" />
		<t id="s_b" x="7580" y="1904" w="121" h="105" d="1256" o="30" />
		<t id="s_b" x="7701" y="1904" w="121" h="105" d="1259" o="30" />
		<t id="s_b" x="7821" y="1904" w="121" h="105" d="1262" o="30" />
		<t id="s_b" x="7941" y="1904" w="121" h="105" d="1574" o="30" />
		<t id="s_b_l" x="2413" y="1904" w="121" h="105" d="1376" o="300" />
		<t id="s_b_l_t" x="5187" y="1808" w="121" h="105" d="1213" o="30" />
		<t id="s_b_l_t" x="5788" y="1704" w="121" h="105" d="1477" o="30" />
		<t id="s_b_r" x="3256" y="1904" w="121" h="105" d="1426" o="30" />
		<t id="s_b_t" x="2534" y="1800" w="121" h="105" d="1379" o="30" />
		<t id="s_b_t" x="2654" y="1800" w="121" h="105" d="1387" o="30" />
		<t id="s_b_t" x="2774" y="1800" w="121" h="105" d="1392" o="30" />
		<t id="s_b_t" x="2894" y="1800" w="121" h="105" d="1397" o="30" />
		<t id="s_b_t" x="3014" y="1800" w="121" h="105" d="1402" o="30" />
		<t id="s_b_t" x="3135" y="1800" w="121" h="105" d="1418" o="30" />
		<t id="s_b_t" x="5066" y="1808" w="121" h="105" d="1199" o="30" />
		<t id="s_b_t" x="5308" y="1704" w="121" h="105" d="1210" o="30" />
		<t id="s_b_t" x="5428" y="1704" w="121" h="105" d="1229" o="30" />
		<t id="s_b_t" x="5548" y="1704" w="121" h="105" d="1236" o="30" />
		<t id="s_b_t" x="5668" y="1704" w="121" h="105" d="1243" o="30" />
		<t id="s_b_t" x="5909" y="1600" w="121" h="105" d="1474" o="300" />
		<t id="s_b_t" x="6029" y="1600" w="121" h="105" d="1489" o="300" />
		<t id="s_b_t" x="6149" y="1600" w="121" h="105" d="1498" o="300" />
		<t id="s_i_b" x="2892" y="1692" w="392" h="152" d="987" o="30" />
		<t id="s_i_b" x="5070" y="565" w="392" h="152" d="991" o="30" />
		<t id="s_i_b" x="5683" y="1596" w="392" h="152" d="989" o="30" />
		<t id="s_i_f" x="2892" y="1692" w="392" h="154" d="2149" o="30" />
		<t id="s_i_f" x="5070" y="566" w="392" h="154" d="2187" o="30" />
		<t id="s_i_f" x="5683" y="1596" w="392" h="154" d="2168" o="30" />
		<t id="s_l" x="1931" y="1904" w="22" h="104" d="1364" o="30" />
		<t id="s_l" x="7260" y="1904" w="22" h="104" d="1253" o="30" />
		<t id="s_l_t" x="2413" y="1800" w="22" h="104" d="1382" o="300" />
		<t id="s_l_t" x="4945" y="1808" w="22" h="104" d="1202" o="30" />
		<t id="s_l_t" x="5187" y="1704" w="22" h="104" d="1216" o="30" />
		<t id="s_l_t" x="5788" y="1600" w="22" h="104" d="1480" o="30" />
		<t id="s_l_t_s" x="4945" y="1912" w="23" h="104" d="1207" o="30" />
		<t id="s_r" x="3278" y="1904" w="23" h="104" d="1429" o="30" />
		<t id="s_r" x="385" y="1904" w="23" h="104" d="1312" o="30" />
		<t id="s_r_s" x="6169" y="1704" w="23" h="104" d="1250" o="30" />
		<t id="s_r_s" x="6169" y="1808" w="23" h="104" d="1507" o="30" />
		<t id="s_r_t" x="3157" y="1800" w="23" h="104" d="1423" o="30" />
		<t id="s_r_t" x="6171" y="1600" w="23" h="104" d="1265" o="30" />
		<t id="s_r_t_s" x="6169" y="1912" w="23" h="104" d="1510" o="30" />
		<t id="s_rb" x="4736" y="835" w="145" h="51" d="1534" o="30" />
		<t id="s_rb" x="5032" y="988" w="145" h="51" d="1531" o="30" />
		<t id="s_rb" x="5600" y="1391" w="145" h="51" d="1513" o="30" />
		<t id="s_rb" x="5742" y="1011" w="145" h="51" d="1571" o="30" />
		<t id="s_rb_s" x="4649" y="692" w="65" h="38" d="1966" o="30" />
		<t id="s_rb_s" x="4660" y="1022" w="65" h="38" d="1945" o="30" />
		<t id="s_rb_s" x="4688" y="1600" w="65" h="38" d="928" o="30" />
		<t id="s_rb_s" x="4735" y="1152" w="65" h="38" d="1934" o="30" />
		<t id="s_rb_s" x="4887" y="1077" w="65" h="38" d="1948" o="30" />
		<t id="s_rb_s" x="4894" y="1758" w="65" h="38" d="931" o="30" />
		<t id="s_rb_s" x="4921" y="876" w="65" h="38" d="1951" o="30" />
		<t id="s_rb_s" x="5324" y="1284" w="65" h="38" d="1522" o="30" />
		<t id="s_rb_s" x="5368" y="1440" w="65" h="38" d="1086" o="30" />
		<t id="s_rb_s" x="5470" y="1211" w="65" h="38" d="1519" o="30" />
		<t id="s_rb_s" x="5545" y="1085" w="65" h="38" d="1525" o="30" />
		<t id="s_rb_s" x="5668" y="1287" w="65" h="38" d="1516" o="30" />
		<t id="s_rb_s" x="6224" y="1838" w="65" h="38" d="1528" o="30" />
		<t id="s_st" x="4817" y="1464" w="75" h="37" d="1303" o="30" />
		<t id="s_st" x="7719" y="560" w="75" h="37" d="1755" o="30" />
		<t id="t1_b" x="1867" y="1782" w="121" h="104" d="897" o="" />
		<t id="t1_b" x="4430" y="1809" w="121" h="104" d="918" o="" />
		<t id="t1_b" x="4684" y="1671" w="121" h="104" d="849" o="" />
		<t id="t1_b" x="4684" y="1771" w="121" h="104" d="871" o="" />
		<t id="t1_b" x="4743" y="1087" w="121" h="104" d="677" o="" />
		<t id="t1_b" x="4743" y="1191" w="121" h="104" d="696" o="" />
		<t id="t1_b" x="4743" y="1294" w="121" h="104" d="636" o="" />
		<t id="t1_b" x="4743" y="1397" w="121" h="104" d="628" o="" />
		<t id="t1_b" x="4743" y="776" w="121" h="104" d="732" o="" />
		<t id="t1_b" x="4743" y="879" w="121" h="104" d="657" o="" />
		<t id="t1_b" x="4743" y="983" w="121" h="104" d="667" o="" />
		<t id="t1_b" x="4804" y="1671" w="121" h="104" d="845" o="" />
		<t id="t1_b" x="4804" y="1771" w="121" h="104" d="861" o="" />
		<t id="t1_b" x="4864" y="1087" w="121" h="104" d="646" o="" />
		<t id="t1_b" x="4864" y="1191" w="121" h="104" d="651" o="" />
		<t id="t1_b" x="4864" y="1294" w="121" h="104" d="634" o="" />
		<t id="t1_b" x="4864" y="1397" w="121" h="104" d="626" o="" />
		<t id="t1_b" x="4864" y="776" w="121" h="104" d="653" o="" />
		<t id="t1_b" x="4864" y="879" w="121" h="104" d="642" o="" />
		<t id="t1_b" x="4864" y="983" w="121" h="104" d="644" o="" />
		<t id="t1_b" x="4924" y="1671" w="121" h="104" d="851" o="" />
		<t id="t1_b" x="4924" y="1771" w="121" h="104" d="876" o="" />
		<t id="t1_b" x="4985" y="1087" w="121" h="104" d="681" o="" />
		<t id="t1_b" x="4985" y="1191" w="121" h="104" d="703" o="" />
		<t id="t1_b" x="4985" y="1294" w="121" h="104" d="640" o="" />
		<t id="t1_b" x="4985" y="1397" w="121" h="104" d="632" o="" />
		<t id="t1_b" x="4985" y="1499" w="121" h="104" d="740" o="" />
		<t id="t1_b" x="4985" y="776" w="121" h="104" d="736" o="" />
		<t id="t1_b" x="4985" y="879" w="121" h="104" d="661" o="" />
		<t id="t1_b" x="4985" y="983" w="121" h="104" d="671" o="" />
		<t id="t1_b" x="4986" y="1603" w="121" h="104" d="744" o="" />
		<t id="t1_b" x="5106" y="1087" w="121" h="104" d="683" o="" />
		<t id="t1_b" x="5106" y="1191" w="121" h="104" d="708" o="" />
		<t id="t1_b" x="5106" y="1295" w="121" h="104" d="724" o="" />
		<t id="t1_b" x="5106" y="1399" w="121" h="104" d="720" o="" />
		<t id="t1_b" x="5106" y="1499" w="121" h="104" d="716" o="" />
		<t id="t1_b" x="5106" y="1603" w="121" h="104" d="728" o="" />
		<t id="t1_b" x="5106" y="776" w="121" h="104" d="738" o="" />
		<t id="t1_b" x="5106" y="879" w="121" h="104" d="663" o="" />
		<t id="t1_b" x="5106" y="983" w="121" h="104" d="673" o="" />
		<t id="t1_b" x="5308" y="1808" w="121" h="104" d="1219" o="" />
		<t id="t1_b" x="5408" y="1085" w="121" h="104" d="763" o="" />
		<t id="t1_b" x="5408" y="1189" w="121" h="104" d="773" o="" />
		<t id="t1_b" x="5408" y="1293" w="121" h="104" d="783" o="" />
		<t id="t1_b" x="5408" y="1397" w="121" h="104" d="793" o="" />
		<t id="t1_b" x="5408" y="1501" w="121" h="104" d="803" o="" />
		<t id="t1_b" x="5428" y="1808" w="121" h="104" d="1232" o="" />
		<t id="t1_b" x="5529" y="1085" w="121" h="104" d="767" o="" />
		<t id="t1_b" x="5529" y="1189" w="121" h="104" d="777" o="" />
		<t id="t1_b" x="5529" y="1293" w="121" h="104" d="787" o="" />
		<t id="t1_b" x="5529" y="1397" w="121" h="104" d="797" o="" />
		<t id="t1_b" x="5529" y="1501" w="121" h="104" d="813" o="" />
		<t id="t1_b" x="5548" y="1808" w="121" h="104" d="1239" o="" />
		<t id="t1_b" x="5650" y="1085" w="121" h="104" d="769" o="" />
		<t id="t1_b" x="5650" y="1189" w="121" h="104" d="779" o="" />
		<t id="t1_b" x="5650" y="1293" w="121" h="104" d="789" o="" />
		<t id="t1_b" x="5650" y="1397" w="121" h="104" d="799" o="" />
		<t id="t1_b" x="5650" y="1501" w="121" h="104" d="817" o="" />
		<t id="t1_b" x="5668" y="1808" w="121" h="104" d="1246" o="" />
		<t id="t1_b" x="5788" y="1808" w="121" h="104" d="1470" o="" />
		<t id="t1_b" x="5909" y="1704" w="121" h="104" d="1483" o="" />
		<t id="t1_b" x="5909" y="1808" w="121" h="104" d="1485" o="" />
		<t id="t1_b" x="6029" y="1704" w="121" h="104" d="1492" o="" />
		<t id="t1_b" x="6029" y="1808" w="121" h="104" d="1494" o="" />
		<t id="t1_b" x="6149" y="1704" w="121" h="104" d="1501" o="" />
		<t id="t1_b" x="6149" y="1808" w="121" h="104" d="1503" o="" />
		<t id="t1_b" x="6606" y="1706" w="121" h="104" d="945" o="" />
		<t id="t1_b" x="6606" y="1806" w="121" h="104" d="957" o="" />
		<t id="t1_b" x="6810" y="1811" w="121" h="104" d="972" o="" />
		<t id="t2_b" x="1867" y="1885" w="121" h="104" d="903" o="" />
		<t id="t2_b" x="2534" y="1904" w="121" h="104" d="1385" o="" />
		<t id="t2_b" x="2654" y="1904" w="121" h="104" d="1390" o="" />
		<t id="t2_b" x="2774" y="1904" w="121" h="104" d="1395" o="" />
		<t id="t2_b" x="2894" y="1904" w="121" h="104" d="1400" o="" />
		<t id="t2_b" x="3014" y="1904" w="121" h="104" d="1405" o="" />
		<t id="t2_b" x="3135" y="1904" w="121" h="104" d="1421" o="" />
		<t id="t2_b" x="4429" y="1912" w="121" h="104" d="924" o="" />
		<t id="t2_b" x="4684" y="1874" w="121" h="104" d="880" o="" />
		<t id="t2_b" x="4743" y="1494" w="121" h="104" d="622" o="" />
		<t id="t2_b" x="4805" y="1874" w="121" h="104" d="882" o="" />
		<t id="t2_b" x="4925" y="1874" w="121" h="104" d="884" o="" />
		<t id="t2_b" x="4986" y="1707" w="121" h="104" d="742" o="" />
		<t id="t2_b" x="5066" y="1912" w="121" h="104" d="1205" o="" />
		<t id="t2_b" x="5106" y="1707" w="121" h="104" d="712" o="" />
		<t id="t2_b" x="5187" y="1912" w="121" h="104" d="1225" o="" />
		<t id="t2_b" x="5308" y="1912" w="121" h="104" d="1227" o="" />
		<t id="t2_b" x="5408" y="1604" w="121" h="104" d="809" o="" />
		<t id="t2_b" x="5421" y="1739" w="121" h="104" d="839" o="" />
		<t id="t2_b" x="5428" y="1912" w="121" h="104" d="1234" o="" />
		<t id="t2_b" x="5529" y="1604" w="121" h="104" d="815" o="" />
		<t id="t2_b" x="5541" y="1739" w="121" h="104" d="835" o="" />
		<t id="t2_b" x="5548" y="1912" w="121" h="104" d="1241" o="" />
		<t id="t2_b" x="5650" y="1604" w="121" h="104" d="819" o="" />
		<t id="t2_b" x="5668" y="1912" w="121" h="104" d="1248" o="" />
		<t id="t2_b" x="5788" y="1912" w="121" h="104" d="1472" o="" />
		<t id="t2_b" x="5908" y="1912" w="121" h="104" d="1487" o="" />
		<t id="t2_b" x="6028" y="1912" w="121" h="104" d="1496" o="" />
		<t id="t2_b" x="6149" y="1912" w="121" h="104" d="1505" o="" />
		<t id="t2_b" x="6606" y="1909" w="121" h="104" d="951" o="" />
		<t id="t2_b" x="6810" y="1914" w="121" h="104" d="978" o="" />
		<t id="w" x="1100" y="1908" w="120" h="54" d="1331" o="30" />
		<t id="w" x="1220" y="1908" w="120" h="54" d="1340" o="30" />
		<t id="w" x="1340" y="1908" w="120" h="54" d="1344" o="30" />
		<t id="w" x="1460" y="1908" w="120" h="54" d="1348" o="30" />
		<t id="w" x="1580" y="1908" w="120" h="54" d="1352" o="30" />
		<t id="w" x="1700" y="1908" w="120" h="54" d="1356" o="30" />
		<t id="w" x="1820" y="1908" w="120" h="54" d="1360" o="30" />
		<t id="w" x="1940" y="1908" w="120" h="54" d="1154" o="30" />
		<t id="w" x="3388" y="1908" w="120" h="54" d="1143" o="30" />
		<t id="w" x="3508" y="1908" w="120" h="54" d="1139" o="30" />
		<t id="w" x="3628" y="1908" w="120" h="54" d="1436" o="30" />
		<t id="w" x="3748" y="1908" w="120" h="54" d="1432" o="30" />
		<t id="w" x="3848" y="1908" w="120" h="54" d="1191" o="30" />
		<t id="w" x="3968" y="1908" w="120" h="54" d="1187" o="30" />
		<t id="w" x="4088" y="1908" w="120" h="54" d="1442" o="30" />
		<t id="w" x="4208" y="1908" w="120" h="54" d="1446" o="30" />
		<t id="w" x="4328" y="1908" w="120" h="54" d="1450" o="30" />
		<t id="w" x="4448" y="1908" w="120" h="54" d="1454" o="30" />
		<t id="w" x="4568" y="1908" w="120" h="54" d="1458" o="30" />
		<t id="w" x="4688" y="1908" w="120" h="54" d="1462" o="30" />
		<t id="w" x="4808" y="1908" w="120" h="54" d="1466" o="30" />
		<t id="w" x="4928" y="1908" w="120" h="54" d="1099" o="30" />
		<t id="w" x="500" y="1908" w="120" h="54" d="1180" o="30" />
		<t id="w" x="620" y="1908" w="120" h="54" d="1315" o="30" />
		<t id="w" x="6288" y="1908" w="120" h="54" d="1082" o="30" />
		<t id="w" x="6408" y="1908" w="120" h="54" d="1537" o="30" />
		<t id="w" x="6528" y="1908" w="120" h="54" d="1541" o="30" />
		<t id="w" x="6648" y="1908" w="120" h="54" d="1545" o="30" />
		<t id="w" x="6768" y="1908" w="120" h="54" d="1549" o="30" />
		<t id="w" x="6888" y="1908" w="120" h="54" d="1553" o="30" />
		<t id="w" x="7008" y="1908" w="120" h="54" d="1557" o="30" />
		<t id="w" x="7128" y="1908" w="120" h="54" d="1561" o="30" />
		<t id="w" x="7248" y="1908" w="120" h="54" d="1078" o="30" />
		<t id="w" x="740" y="1908" w="120" h="54" d="1319" o="30" />
		<t id="w" x="860" y="1908" w="120" h="54" d="1323" o="30" />
		<t id="w" x="980" y="1908" w="120" h="54" d="1327" o="30" /> 
	</layer>
</level>
