<?xml version="1.0" encoding="UTF-8"?>
<level background="grayforest" music="track02b" effects="forest" sx="160" sy="1329" d="1789">
	<layer name="base" source="forest.swf" x="0" y="0" width="8105" height="1432">
		<t id="be" x="1647" y="1332" w="42" h="95" d="1584" o="200" />
		<t id="be" x="1946" y="1332" w="42" h="95" d="1464" o="200" />
		<t id="be" x="2009" y="1332" w="42" h="95" d="1580" o="300" />
		<t id="be" x="2429" y="1328" w="42" h="95" d="1468" o="300" />
		<t id="be" x="2661" y="1328" w="42" h="95" d="1628" o="200" />
		<t id="be" x="3105" y="1264" w="42" h="95" d="1612" o="200" />
		<t id="be" x="3239" y="1264" w="42" h="95" d="1608" o="200" />
		<t id="be" x="3855" y="1330" w="42" h="95" d="1500" o="300" />
		<t id="be" x="4098" y="1060" w="42" h="95" d="1652" o="200" />
		<t id="be" x="4226" y="1060" w="42" h="95" d="1648" o="200" />
		<t id="be" x="4276" y="1330" w="42" h="95" d="1632" o="300" />
		<t id="be" x="4475" y="1087" w="42" h="95" d="1480" o="200" />
		<t id="be" x="4605" y="1087" w="42" h="95" d="1696" o="200" />
		<t id="be" x="4739" y="1328" w="42" h="95" d="1472" o="200" />
		<t id="be" x="5381" y="917" w="42" h="95" d="1484" o="200" />
		<t id="be" x="5601" y="917" w="42" h="95" d="1692" o="200" />
		<t id="be" x="6227" y="1079" w="42" h="95" d="1706" o="200" />
		<t id="be" x="6227" y="1174" w="42" h="95" d="1714" o="200" />
		<t id="be" x="6227" y="979" w="42" h="95" d="1492" o="200" />
		<t id="be" x="6373" y="1082" w="42" h="95" d="1710" o="200" />
		<t id="be" x="6373" y="1177" w="42" h="95" d="1718" o="200" />
		<t id="be" x="6373" y="982" w="42" h="95" d="1496" o="200" />
		<t id="be" x="6543" y="936" w="42" h="95" d="1747" o="200" />
		<t id="be" x="6746" y="936" w="42" h="95" d="1751" o="200" />
		<t id="be" x="7087" y="1275" w="42" h="95" d="1767" o="300" />
		<t id="be" x="7417" y="1275" w="42" h="95" d="1771" o="300" />
		<t id="be1" x="5571" y="1184" w="193" h="17" d="1672" o="200" />
		<t id="be1" x="5571" y="935" w="193" h="17" d="1676" o="200" />
		<t id="be1" x="6739" y="952" w="193" h="17" d="1739" o="200" />
		<t id="be2" x="5400" y="1142" w="18" h="186" d="902" o="200" />
		<t id="be2" x="5583" y="1142" w="18" h="186" d="898" o="200" />
		<t id="be2" x="6568" y="1156" w="18" h="186" d="1735" o="200" />
		<t id="be2" x="6751" y="1156" w="18" h="186" d="1731" o="200" />
		<t id="bh" x="21" y="1401" w="105" h="309" d="1795" o="" />
		<t id="bh" x="8180" y="1333" w="105" h="309" d="1791" o="" />
		<t id="c" x="1332" y="1236" w="23" h="24" d="1342" o="" />
		<t id="c" x="1592" y="1236" w="23" h="24" d="1402" o="" />
		<t id="c" x="2221" y="1092" w="23" h="24" d="1406" o="" />
		<t id="c" x="2726" y="1242" w="23" h="24" d="1414" o="" />
		<t id="c" x="3096" y="1335" w="23" h="24" d="1410" o="" />
		<t id="c" x="3335" y="1027" w="23" h="24" d="1346" o="" />
		<t id="c" x="3594" y="1322" w="23" h="24" d="1350" o="" />
		<t id="c" x="4247" y="911" w="23" h="24" d="1394" o="" />
		<t id="c" x="4789" y="1006" w="23" h="24" d="1354" o="" />
		<t id="c" x="4985" y="765" w="23" h="24" d="1418" o="" />
		<t id="c" x="5070" y="1105" w="23" h="24" d="1362" o="" />
		<t id="c" x="5200" y="1021" w="23" h="24" d="1422" o="" />
		<t id="c" x="5489" y="1060" w="23" h="24" d="1378" o="" />
		<t id="c" x="5842" y="805" w="23" h="24" d="1358" o="" />
		<t id="c" x="6082" y="885" w="23" h="24" d="1374" o="" />
		<t id="c" x="6304" y="1128" w="23" h="24" d="1370" o="" />
		<t id="c" x="6304" y="925" w="23" h="24" d="1426" o="" />
		<t id="c" x="6497" y="1208" w="23" h="24" d="1442" o="" />
		<t id="c" x="6658" y="1074" w="23" h="24" d="1390" o="" />
		<t id="c" x="7453" y="1257" w="23" h="24" d="1438" o="" />
		<t id="c" x="7531" y="1169" w="23" h="24" d="1382" o="" />
		<t id="c" x="7531" y="1219" w="23" h="24" d="1446" o="" />
		<t id="c" x="7655" y="1017" w="23" h="24" d="1398" o="" />
		<t id="c" x="7762" y="1017" w="23" h="24" d="1434" o="" />
		<t id="d_g1" x="2375" y="1328" w="30" h="38" d="1048" o="" />
		<t id="d_g1" x="255" y="1328" w="30" h="38" d="1020" o="" />
		<t id="d_g1" x="645" y="1328" w="30" h="38" d="1037" o="" />
		<t id="d_g1" x="7588" y="1035" w="30" h="38" d="1163" o="" />
		<t id="d_g2" x="1750" y="1329" w="66" h="10" d="1957" o="" />
		<t id="d_g2" x="4150" y="1329" w="66" h="10" d="1959" o="" />
		<t id="d_g2" x="7232" y="1272" w="66" h="10" d="1982" o="" />
		<t id="d_g2" x="7721" y="1138" w="66" h="10" d="1799" o="" />
		<t id="d_h1" x="7685" y="1328" w="46" h="25" d="1165" o="" />
		<t id="d_h2" x="8049" y="1328" w="113" h="31" d="1167" o="" />
		<t id="e" x="2529" y="1307" w="17" h="16" d="1338" o="" />
		<t id="e" x="5558" y="1155" w="17" h="16" d="1366" o="" />
		<t id="e" x="6302" y="1043" w="17" h="16" d="1430" o="" />
		<t id="e" x="6804" y="1192" w="17" h="16" d="1386" o="" />
		<t id="f_b_t" x="7214" y="1375" w="121" h="104" d="977" o="250" />
		<t id="f_b_t" x="7334" y="1375" w="121" h="104" d="971" o="250" />
		<t id="f_b_t" x="7454" y="1375" w="121" h="104" d="974" o="250" />
		<t id="f_b_t" x="7599" y="1139" w="121" h="104" d="954" o="250" />
		<t id="f_b_t" x="7701" y="1241" w="121" h="104" d="1144" o="250" />
		<t id="f_b_t" x="7719" y="1139" w="121" h="104" d="948" o="250" />
		<t id="f_b_t" x="7821" y="1241" w="121" h="104" d="1138" o="250" />
		<t id="f_b_t" x="7839" y="1139" w="121" h="104" d="951" o="250" />
		<t id="f_b_t" x="7941" y="1241" w="121" h="104" d="1141" o="250" />
		<t id="f_l_t" x="7093" y="1375" w="22" h="104" d="980" o="30" />
		<t id="f_l_t" x="7478" y="1139" w="22" h="104" d="957" o="30" />
		<t id="f_l_t" x="7580" y="1241" w="22" h="104" d="1147" o="30" />
		<t id="f_r_t" x="7475" y="1375" w="22" h="104" d="983" o="30" />
		<t id="f_r_t" x="7861" y="1139" w="22" h="104" d="960" o="30" />
		<t id="f_r_t" x="7963" y="1241" w="22" h="104" d="1150" o="30" />
		<t id="f_t_l" x="7093" y="1479" w="14" h="104" d="988" o="" />
		<t id="f_t_l" x="7478" y="1347" w="14" h="104" d="965" o="" />
		<t id="f_t_l" x="7580" y="1345" w="14" h="104" d="1155" o="" />
		<t id="f_t_r" x="7467" y="1479" w="14" h="104" d="994" o="" />
		<t id="f_t_r" x="7955" y="1345" w="14" h="104" d="1161" o="" />
		<t id="f_t_t_l" x="7478" y="1243" w="14" h="104" d="969" o="" />
		<t id="g" x="7921" y="1334" w="44" h="335" d="1305" o="30" />
		<t id="killerbee1a" x="1605" y="1368" w="48" h="196" d="1504" o="" />
		<t id="killerbee1a" x="2739" y="1372" w="48" h="196" d="1602" o="" />
		<t id="killerbee1a" x="3347" y="1192" w="48" h="196" d="1510" o="" />
		<t id="killerbee1a" x="4803" y="1333" w="48" h="196" d="1680" o="" />
		<t id="killerbee1a" x="5081" y="1258" w="48" h="196" d="1516" o="" />
		<t id="killerbee1a" x="7669" y="1108" w="48" h="196" d="1552" o="" />
		<t id="killerbee1b" x="1343" y="1361" w="49" h="196" d="1458" o="" />
		<t id="killerbee1b" x="4439" y="1371" w="49" h="196" d="1540" o="" />
		<t id="killerbee1b" x="4803" y="1137" w="49" h="196" d="1656" o="" />
		<t id="killerbee1b" x="5288" y="1335" w="49" h="196" d="1686" o="" />
		<t id="killerbee1b" x="5856" y="943" w="49" h="196" d="1700" o="" />
		<t id="killerbee1b" x="6132" y="1375" w="49" h="196" d="1534" o="" />
		<t id="killerbee1b" x="7405" y="1029" w="49" h="196" d="1546" o="" />
		<t id="killerbee1b" x="7775" y="1107" w="49" h="196" d="1558" o="" />
		<t id="killerbee2" x="3711" y="1367" w="266" h="136" d="1522" o="" />
		<t id="killerbee2" x="5308" y="1043" w="266" h="136" d="1662" o="" />
		<t id="killerbee3a" x="3193" y="1353" w="266" h="74" d="1596" o="" />
		<t id="killerbee3a" x="5108" y="938" w="266" h="74" d="1783" o="" />
		<t id="killerbee3a" x="6197" y="905" w="266" h="74" d="1528" o="" />
		<t id="n1_l" x="6742" y="1195" w="191" h="266" d="617" o="" />
		<t id="n1_r" x="5573" y="1182" w="191" h="267" d="620" o="50" />
		<t id="orange" x="4159" y="1051" w="53" h="43" d="1759" o="-20" />
		<t id="orange" x="6280" y="1065" w="53" h="43" d="1755" o="-20" />
		<t id="pinku" x="4544" y="1076" w="53" h="43" d="1476" o="-20" />
		<t id="pinku" x="6309" y="975" w="53" h="43" d="1488" o="-20" />
		<t id="purpu" x="3185" y="1260" w="53" h="43" d="1616" o="-20" />
		<t id="purpu" x="6313" y="1167" w="53" h="43" d="1722" o="-20" />
		<t id="s_b" x="1785" y="1432" w="121" h="105" d="1085" o="200" />
		<t id="s_b" x="180" y="1432" w="121" h="105" d="1022" o="30" />
		<t id="s_b" x="1906" y="1432" w="121" h="105" d="1091" o="30" />
		<t id="s_b" x="2148" y="1432" w="121" h="105" d="1031" o="250" />
		<t id="s_b" x="2269" y="1432" w="121" h="105" d="1034" o="250" />
		<t id="s_b" x="2390" y="1432" w="121" h="105" d="1094" o="250" />
		<t id="s_b" x="2632" y="1432" w="121" h="105" d="1039" o="30" />
		<t id="s_b" x="300" y="1432" w="121" h="105" d="1025" o="30" />
		<t id="s_b" x="3994" y="1432" w="121" h="105" d="1109" o="250" />
		<t id="s_b" x="4115" y="1432" w="121" h="105" d="1112" o="250" />
		<t id="s_b" x="420" y="1432" w="121" h="105" d="1028" o="30" />
		<t id="s_b" x="4236" y="1432" w="121" h="105" d="1115" o="250" />
		<t id="s_b" x="60" y="1432" w="121" h="105" d="1075" o="30" />
		<t id="s_b" x="662" y="1432" w="121" h="105" d="1066" o="30" />
		<t id="s_b" x="7623" y="1431" w="121" h="105" d="1287" o="30" />
		<t id="s_b" x="7744" y="1431" w="121" h="105" d="1290" o="30" />
		<t id="s_b" x="782" y="1432" w="121" h="105" d="1069" o="30" />
		<t id="s_b" x="7865" y="1431" w="121" h="105" d="1293" o="30" />
		<t id="s_b" x="7986" y="1431" w="121" h="105" d="1296" o="30" />
		<t id="s_b" x="8106" y="1431" w="121" h="105" d="1299" o="30" />
		<t id="s_b" x="903" y="1432" w="121" h="105" d="1072" o="30" />
		<t id="s_l" x="1664" y="1432" w="22" h="104" d="1088" o="90" />
		<t id="s_l" x="3752" y="1432" w="22" h="104" d="1045" o="90" />
		<t id="s_l" x="7382" y="1432" w="22" h="104" d="1193" o="90" />
		<t id="s_r" x="1046" y="1432" w="23" h="104" d="1078" o="90" />
		<t id="s_r" x="2654" y="1432" w="23" h="104" d="1042" o="90" />
		<t id="s_r" x="4379" y="1432" w="23" h="104" d="1181" o="90" />
		<t id="snowspider" x="2122" y="1327" w="92" h="56" d="1564" o="200" />
		<t id="snowspider" x="4145" y="1327" w="92" h="56" d="1636" o="200" />
		<t id="snowspider" x="7306" y="1271" w="92" h="56" d="1763" o="200" />
		<t id="spider_run" x="1681" y="1328" w="27" h="15" d="1592" o="0" />
		<t id="spider_run" x="1820" y="1328" w="27" h="15" d="1454" o="0" />
		<t id="spider_run" x="2290" y="1328" w="27" h="15" d="1620" o="0" />
		<t id="spider_run" x="2560" y="1328" w="27" h="15" d="1624" o="0" />
		<t id="spider_run" x="4053" y="1327" w="27" h="15" d="1644" o="0" />
		<t id="spider_run" x="4151" y="1328" w="27" h="15" d="1640" o="0" />
		<t id="spider_run" x="559" y="1326" w="27" h="15" d="1450" o="0" />
		<t id="spider_run" x="599" y="1326" w="27" h="15" d="1568" o="0" />
		<t id="spider_run" x="7137" y="1271" w="27" h="15" d="1779" o="0" />
		<t id="spider_run" x="729" y="1326" w="27" h="15" d="1588" o="0" />
		<t id="spider_run" x="7317" y="1271" w="27" h="15" d="1775" o="0" />
		<t id="spider_run" x="819" y="1326" w="27" h="15" d="1572" o="0" />
		<t id="spider_run" x="869" y="1326" w="27" h="15" d="1576" o="0" />
		<t id="spider_web" x="5533" y="969" w="60" h="65" d="1668" o="0" />
		<t id="spider_web" x="6648" y="1061" w="60" h="65" d="1743" o="0" />
		<t id="stamm_s" x="1270" y="1392" w="150" h="42" d="1050" o="30" />
		<t id="stamm_s" x="1520" y="1392" w="150" h="42" d="1081" o="30" />
		<t id="stamm_s" x="2909" y="1392" w="150" h="42" d="1097" o="30" />
		<t id="stamm_s" x="3159" y="1392" w="150" h="42" d="1101" o="30" />
		<t id="stamm_s" x="3328" y="1392" w="150" h="42" d="1126" o="30" />
		<t id="stamm_s" x="3659" y="1392" w="150" h="42" d="1105" o="30" />
		<t id="stamm_s" x="4604" y="1392" w="150" h="42" d="1118" o="30" />
		<t id="stamm_s" x="4744" y="1392" w="150" h="42" d="1016" o="30" />
		<t id="stamm_s" x="4971" y="1392" w="150" h="42" d="1012" o="30" />
		<t id="stamm_s" x="5231" y="1392" w="150" h="42" d="1122" o="30" />
		<t id="stamm_s" x="5451" y="1392" w="150" h="42" d="1008" o="30" />
		<t id="stamm_s" x="5591" y="1392" w="150" h="42" d="1004" o="30" />
		<t id="stamm_s" x="5851" y="1392" w="150" h="42" d="1130" o="30" />
		<t id="stamm_s" x="6050" y="1392" w="150" h="42" d="1000" o="30" />
		<t id="stamm_s" x="6290" y="1392" w="150" h="42" d="1054" o="30" />
		<t id="stamm_s" x="6425" y="1392" w="150" h="42" d="996" o="30" />
		<t id="stamm_s" x="6740" y="1392" w="150" h="42" d="1058" o="30" />
		<t id="stamm_s" x="6951" y="1392" w="150" h="42" d="1062" o="30" />
		<t id="stamm_s" x="7151" y="1392" w="150" h="42" d="1134" o="30" />
		<t id="swmp" x="1164" y="1433" w="120" h="61" d="1801" o="30" />
		<t id="swmp" x="1284" y="1433" w="120" h="61" d="1897" o="30" />
		<t id="swmp" x="1404" y="1433" w="120" h="61" d="1901" o="30" />
		<t id="swmp" x="1524" y="1433" w="120" h="61" d="1905" o="30" />
		<t id="swmp" x="1644" y="1433" w="120" h="61" d="1909" o="30" />
		<t id="swmp" x="2772" y="1433" w="120" h="61" d="1805" o="30" />
		<t id="swmp" x="2892" y="1433" w="120" h="61" d="1913" o="30" />
		<t id="swmp" x="3012" y="1433" w="120" h="61" d="1917" o="30" />
		<t id="swmp" x="3132" y="1433" w="120" h="61" d="1921" o="30" />
		<t id="swmp" x="3252" y="1433" w="120" h="61" d="1925" o="30" />
		<t id="swmp" x="3372" y="1433" w="120" h="61" d="1929" o="30" />
		<t id="swmp" x="3492" y="1433" w="120" h="61" d="1809" o="30" />
		<t id="swmp" x="3612" y="1433" w="120" h="61" d="1813" o="30" />
		<t id="swmp" x="3732" y="1433" w="120" h="61" d="1933" o="30" />
		<t id="swmp" x="4497" y="1433" w="120" h="61" d="1937" o="30" />
		<t id="swmp" x="4617" y="1433" w="120" h="61" d="1817" o="30" />
		<t id="swmp" x="4737" y="1433" w="120" h="61" d="1821" o="30" />
		<t id="swmp" x="4857" y="1433" w="120" h="61" d="1825" o="30" />
		<t id="swmp" x="4977" y="1433" w="120" h="61" d="1829" o="30" />
		<t id="swmp" x="5097" y="1433" w="120" h="61" d="1833" o="30" />
		<t id="swmp" x="5217" y="1433" w="120" h="61" d="1837" o="30" />
		<t id="swmp" x="5337" y="1433" w="120" h="61" d="1841" o="30" />
		<t id="swmp" x="5456" y="1433" w="120" h="61" d="1941" o="30" />
		<t id="swmp" x="5576" y="1433" w="120" h="61" d="1945" o="30" />
		<t id="swmp" x="5682" y="1433" w="120" h="61" d="1845" o="30" />
		<t id="swmp" x="5802" y="1433" w="120" h="61" d="1849" o="30" />
		<t id="swmp" x="5922" y="1433" w="120" h="61" d="1853" o="30" />
		<t id="swmp" x="6042" y="1433" w="120" h="61" d="1857" o="30" />
		<t id="swmp" x="6162" y="1433" w="120" h="61" d="1861" o="30" />
		<t id="swmp" x="6282" y="1433" w="120" h="61" d="1865" o="30" />
		<t id="swmp" x="6402" y="1433" w="120" h="61" d="1869" o="30" />
		<t id="swmp" x="6522" y="1433" w="120" h="61" d="1873" o="30" />
		<t id="swmp" x="6642" y="1433" w="120" h="61" d="1877" o="30" />
		<t id="swmp" x="6762" y="1433" w="120" h="61" d="1881" o="30" />
		<t id="swmp" x="6882" y="1433" w="120" h="61" d="1885" o="30" />
		<t id="swmp" x="7002" y="1433" w="120" h="61" d="1889" o="30" />
		<t id="swmp" x="7122" y="1433" w="120" h="61" d="1893" o="30" />
		<t id="swmp" x="7242" y="1433" w="120" h="61" d="1949" o="30" />
		<t id="swmp" x="7362" y="1433" w="120" h="61" d="1953" o="30" />
		<t id="t1_b" x="7597" y="1243" w="121" h="104" d="967" o="" />
		<t id="t2_b" x="7212" y="1479" w="121" h="104" d="986" o="" />
		<t id="t2_b" x="7333" y="1479" w="121" h="104" d="990" o="" />
		<t id="t2_b" x="7454" y="1479" w="121" h="104" d="992" o="" />
		<t id="t2_b" x="7597" y="1347" w="121" h="104" d="963" o="" />
		<t id="t2_b" x="7699" y="1345" w="121" h="104" d="1153" o="" />
		<t id="t2_b" x="7820" y="1345" w="121" h="104" d="1157" o="" />
		<t id="t2_b" x="7941" y="1345" w="121" h="104" d="1159" o="" />
		<t id="t_f_a1_l" x="4085" y="1140" w="50" h="21" d="667" o="30" />
		<t id="t_f_a1_l" x="4334" y="1055" w="50" h="21" d="686" o="30" />
		<t id="t_f_a1_l" x="4685" y="1131" w="50" h="21" d="1190" o="30" />
		<t id="t_f_a1_l" x="4858" y="1131" w="50" h="21" d="1232" o="30" />
		<t id="t_f_a1_l" x="4965" y="1106" w="50" h="21" d="1235" o="30" />
		<t id="t_f_a1_l" x="4965" y="956" w="50" h="21" d="1238" o="30" />
		<t id="t_f_a1_l" x="5134" y="1016" w="50" h="21" d="1247" o="30" />
		<t id="t_f_a1_l" x="5134" y="1144" w="50" h="21" d="1253" o="30" />
		<t id="t_f_a1_l" x="6528" y="1140" w="50" h="21" d="1265" o="30" />
		<t id="t_f_a1_l" x="7411" y="1052" w="50" h="21" d="1979" o="30" />
		<t id="t_f_a1_l" x="927" y="1264" w="50" h="21" d="1259" o="30" />
		<t id="t_f_a1_r" x="1049" y="1294" w="50" h="21" d="1220" o="30" />
		<t id="t_f_a1_r" x="3282" y="1201" w="50" h="21" d="637" o="30" />
		<t id="t_f_a1_r" x="3452" y="1281" w="50" h="21" d="649" o="30" />
		<t id="t_f_a1_r" x="4752" y="1102" w="50" h="21" d="1229" o="30" />
		<t id="t_f_a1_r" x="5032" y="1066" w="50" h="21" d="1244" o="30" />
		<t id="t_f_a1_r" x="5032" y="1196" w="50" h="21" d="1241" o="30" />
		<t id="t_f_a1_r" x="5203" y="1136" w="50" h="21" d="1250" o="30" />
		<t id="t_f_a1_r" x="5203" y="976" w="50" h="21" d="1256" o="30" />
		<t id="t_f_a1_r" x="6417" y="1252" w="50" h="21" d="1262" o="30" />
		<t id="t_f_a1_r" x="6812" y="1039" w="50" h="21" d="1268" o="30" />
		<t id="t_f_a1_r" x="6812" y="1289" w="50" h="21" d="1284" o="30" />
		<t id="t_f_a1_r" x="7212" y="1083" w="50" h="21" d="1302" o="30" />
		<t id="t_f_a2_l" x="3219" y="1275" w="108" h="24" d="634" o="60" />
		<t id="t_f_a2_l" x="4585" y="1090" w="108" h="24" d="717" o="60" />
		<t id="t_f_a2_l" x="6349" y="1082" w="108" h="24" d="875" o="60" />
		<t id="t_f_a2_r" x="4208" y="1068" w="108" h="24" d="670" o="60" />
		<t id="t_f_a2_r" x="6344" y="992" w="108" h="24" d="855" o="60" />
		<t id="t_f_a2_r" x="6345" y="1183" w="108" h="24" d="878" o="60" />
		<t id="t_f_a3_l" x="5579" y="1205" w="200" h="31" d="786" o="60" />
		<t id="t_f_a3_l" x="6747" y="1219" w="200" h="31" d="1728" o="60" />
		<t id="t_f_a3_l_d" x="5579" y="943" w="200" h="31" d="784" o="30" />
		<t id="t_f_a3_r_d" x="6743" y="956" w="200" h="31" d="1726" o="30" />
		<t id="t_f_b" x="3245" y="1387" w="41" h="21" d="625" o="" />
		<t id="t_f_b" x="3415" y="1387" w="41" h="21" d="642" o="" />
		<t id="t_f_b" x="4112" y="1328" w="41" h="21" d="654" o="" />
		<t id="t_f_b" x="4362" y="1328" w="41" h="21" d="673" o="" />
		<t id="t_f_b" x="4614" y="1388" w="41" h="21" d="689" o="" />
		<t id="t_f_b" x="4714" y="1388" w="41" h="21" d="702" o="" />
		<t id="t_f_b" x="4888" y="1388" w="41" h="21" d="720" o="" />
		<t id="t_f_b" x="4994" y="1388" w="41" h="21" d="733" o="" />
		<t id="t_f_b" x="4995" y="1384" w="41" h="21" d="623" o="" />
		<t id="t_f_b" x="5164" y="1411" w="41" h="21" d="750" o="" />
		<t id="t_f_b" x="5605" y="1382" w="41" h="21" d="767" o="" />
		<t id="t_f_b" x="5675" y="1382" w="41" h="21" d="928" o="" />
		<t id="t_f_b" x="5795" y="1392" w="41" h="21" d="789" o="" />
		<t id="t_f_b" x="5914" y="1404" w="41" h="21" d="804" o="" />
		<t id="t_f_b" x="6090" y="1432" w="41" h="21" d="821" o="" />
		<t id="t_f_b" x="6248" y="1414" w="41" h="21" d="838" o="" />
		<t id="t_f_b" x="6378" y="1384" w="41" h="21" d="858" o="" />
		<t id="t_f_b" x="6509" y="1402" w="41" h="21" d="935" o="" />
		<t id="t_f_b" x="6558" y="1394" w="41" h="21" d="881" o="" />
		<t id="t_f_b" x="6773" y="1394" w="41" h="21" d="906" o="" />
		<t id="t_f_b" x="7178" y="1271" w="41" h="21" d="937" o="" />
		<t id="t_f_t" x="3245" y="1129" w="41" h="25" d="631" o="30" />
		<t id="t_f_t" x="3415" y="1208" w="41" h="25" d="646" o="30" />
		<t id="t_f_t" x="4112" y="991" w="41" h="25" d="660" o="30" />
		<t id="t_f_t" x="4362" y="991" w="41" h="25" d="679" o="30" />
		<t id="t_f_t" x="4614" y="1051" w="41" h="25" d="695" o="30" />
		<t id="t_f_t" x="4714" y="972" w="41" h="25" d="708" o="30" />
		<t id="t_f_t" x="4888" y="1051" w="41" h="25" d="724" o="30" />
		<t id="t_f_t" x="4994" y="894" w="41" h="25" d="739" o="30" />
		<t id="t_f_t" x="5164" y="917" w="41" h="25" d="756" o="30" />
		<t id="t_f_t" x="5605" y="888" w="41" h="25" d="773" o="30" />
		<t id="t_f_t" x="5675" y="1282" w="41" h="25" d="925" o="30" />
		<t id="t_f_t" x="5795" y="977" w="41" h="25" d="793" o="30" />
		<t id="t_f_t" x="5914" y="910" w="41" h="25" d="808" o="30" />
		<t id="t_f_t" x="6090" y="937" w="41" h="25" d="825" o="30" />
		<t id="t_f_t" x="6248" y="920" w="41" h="25" d="842" o="30" />
		<t id="t_f_t" x="6378" y="890" w="41" h="25" d="862" o="30" />
		<t id="t_f_t" x="6509" y="1302" w="41" h="25" d="932" o="30" />
		<t id="t_f_t" x="6558" y="900" w="41" h="25" d="885" o="30" />
		<t id="t_f_t" x="6773" y="900" w="41" h="25" d="910" o="30" />
		<t id="t_f_t" x="7178" y="1013" w="41" h="25" d="939" o="30" />
		<t id="t_f_t1" x="3237" y="1287" w="25" h="79" d="627" o="" />
		<t id="t_f_t1" x="3237" y="1366" w="25" h="79" d="640" o="" />
		<t id="t_f_t1" x="3407" y="1287" w="25" h="79" d="644" o="" />
		<t id="t_f_t1" x="4104" y="1149" w="25" h="79" d="665" o="" />
		<t id="t_f_t1" x="4104" y="1307" w="25" h="79" d="656" o="" />
		<t id="t_f_t1" x="4354" y="1149" w="25" h="79" d="684" o="" />
		<t id="t_f_t1" x="4354" y="1307" w="25" h="79" d="675" o="" />
		<t id="t_f_t1" x="4606" y="1288" w="25" h="79" d="698" o="" />
		<t id="t_f_t1" x="4606" y="1367" w="25" h="79" d="691" o="" />
		<t id="t_f_t1" x="4706" y="1130" w="25" h="79" d="715" o="" />
		<t id="t_f_t1" x="4706" y="1209" w="25" h="79" d="713" o="" />
		<t id="t_f_t1" x="4706" y="1367" w="25" h="79" d="704" o="" />
		<t id="t_f_t1" x="4880" y="1130" w="25" h="79" d="731" o="" />
		<t id="t_f_t1" x="4880" y="1209" w="25" h="79" d="729" o="" />
		<t id="t_f_t1" x="4880" y="1367" w="25" h="79" d="722" o="" />
		<t id="t_f_t1" x="4986" y="1052" w="25" h="79" d="746" o="" />
		<t id="t_f_t1" x="4986" y="1131" w="25" h="79" d="744" o="" />
		<t id="t_f_t1" x="4986" y="1289" w="25" h="79" d="735" o="" />
		<t id="t_f_t1" x="5156" y="1075" w="25" h="79" d="763" o="" />
		<t id="t_f_t1" x="5156" y="1154" w="25" h="79" d="761" o="" />
		<t id="t_f_t1" x="5156" y="1312" w="25" h="79" d="752" o="" />
		<t id="t_f_t1" x="5597" y="1046" w="25" h="79" d="780" o="" />
		<t id="t_f_t1" x="5597" y="1125" w="25" h="79" d="778" o="" />
		<t id="t_f_t1" x="5597" y="1283" w="25" h="79" d="769" o="" />
		<t id="t_f_t1" x="5787" y="1056" w="25" h="79" d="800" o="" />
		<t id="t_f_t1" x="5787" y="1135" w="25" h="79" d="798" o="" />
		<t id="t_f_t1" x="5787" y="1293" w="25" h="79" d="791" o="" />
		<t id="t_f_t1" x="5906" y="1068" w="25" h="79" d="813" o="" />
		<t id="t_f_t1" x="5906" y="1226" w="25" h="79" d="806" o="" />
		<t id="t_f_t1" x="5906" y="1304" w="25" h="79" d="819" o="" />
		<t id="t_f_t1" x="5906" y="989" w="25" h="79" d="815" o="" />
		<t id="t_f_t1" x="6082" y="1016" w="25" h="79" d="832" o="" />
		<t id="t_f_t1" x="6082" y="1095" w="25" h="79" d="830" o="" />
		<t id="t_f_t1" x="6082" y="1253" w="25" h="79" d="823" o="" />
		<t id="t_f_t1" x="6082" y="1332" w="25" h="79" d="836" o="" />
		<t id="t_f_t1" x="6240" y="1078" w="25" h="79" d="847" o="" />
		<t id="t_f_t1" x="6240" y="1236" w="25" h="79" d="840" o="" />
		<t id="t_f_t1" x="6240" y="1314" w="25" h="79" d="853" o="" />
		<t id="t_f_t1" x="6240" y="999" w="25" h="79" d="849" o="" />
		<t id="t_f_t1" x="6370" y="1048" w="25" h="79" d="867" o="" />
		<t id="t_f_t1" x="6370" y="1284" w="25" h="79" d="873" o="" />
		<t id="t_f_t1" x="6370" y="969" w="25" h="79" d="869" o="" />
		<t id="t_f_t1" x="6550" y="1058" w="25" h="79" d="890" o="" />
		<t id="t_f_t1" x="6550" y="1216" w="25" h="79" d="883" o="" />
		<t id="t_f_t1" x="6550" y="1294" w="25" h="79" d="896" o="" />
		<t id="t_f_t1" x="6765" y="1058" w="25" h="79" d="915" o="" />
		<t id="t_f_t1" x="6765" y="1294" w="25" h="79" d="921" o="" />
		<t id="t_f_t1" x="6765" y="979" w="25" h="79" d="917" o="" />
		<t id="t_f_t1" x="7170" y="1092" w="25" h="79" d="946" o="" />
		<t id="t_f_t1" x="7170" y="1171" w="25" h="79" d="944" o="" />
		<t id="t_f_t2" x="3237" y="1208" w="25" h="79" d="629" o="" />
		<t id="t_f_t2" x="3407" y="1366" w="25" h="79" d="652" o="" />
		<t id="t_f_t2" x="4104" y="1070" w="25" h="79" d="658" o="" />
		<t id="t_f_t2" x="4354" y="1070" w="25" h="79" d="677" o="" />
		<t id="t_f_t2" x="4606" y="1209" w="25" h="79" d="700" o="" />
		<t id="t_f_t2" x="4706" y="1051" w="25" h="79" d="706" o="" />
		<t id="t_f_t2" x="4880" y="1288" w="25" h="79" d="727" o="" />
		<t id="t_f_t2" x="4986" y="1367" w="25" h="79" d="748" o="" />
		<t id="t_f_t2" x="4986" y="973" w="25" h="79" d="737" o="" />
		<t id="t_f_t2" x="5156" y="1390" w="25" h="79" d="765" o="" />
		<t id="t_f_t2" x="5156" y="996" w="25" h="79" d="754" o="" />
		<t id="t_f_t2" x="5597" y="1361" w="25" h="79" d="782" o="" />
		<t id="t_f_t2" x="5597" y="967" w="25" h="79" d="771" o="" />
		<t id="t_f_t2" x="5667" y="1361" w="25" h="79" d="923" o="" />
		<t id="t_f_t2" x="5787" y="1214" w="25" h="79" d="796" o="" />
		<t id="t_f_t2" x="6082" y="1174" w="25" h="79" d="828" o="" />
		<t id="t_f_t2" x="6370" y="1206" w="25" h="79" d="860" o="" />
		<t id="t_f_t2" x="6501" y="1381" w="25" h="79" d="930" o="" />
		<t id="t_f_t2" x="6550" y="979" w="25" h="79" d="892" o="" />
		<t id="t_f_t2" x="6765" y="1216" w="25" h="79" d="908" o="" />
		<t id="t_f_t3" x="4104" y="1228" w="25" h="79" d="663" o="" />
		<t id="t_f_t3" x="4354" y="1228" w="25" h="79" d="682" o="" />
		<t id="t_f_t3" x="4606" y="1130" w="25" h="79" d="693" o="" />
		<t id="t_f_t3" x="4706" y="1288" w="25" h="79" d="711" o="" />
		<t id="t_f_t3" x="4986" y="1210" w="25" h="79" d="742" o="" />
		<t id="t_f_t3" x="5156" y="1233" w="25" h="79" d="759" o="" />
		<t id="t_f_t3" x="5597" y="1204" w="25" h="79" d="776" o="" />
		<t id="t_f_t3" x="5787" y="1371" w="25" h="79" d="802" o="" />
		<t id="t_f_t3" x="5906" y="1147" w="25" h="79" d="811" o="" />
		<t id="t_f_t3" x="5906" y="1383" w="25" h="79" d="817" o="" />
		<t id="t_f_t3" x="6082" y="1411" w="25" h="79" d="834" o="" />
		<t id="t_f_t3" x="6240" y="1157" w="25" h="79" d="845" o="" />
		<t id="t_f_t3" x="6240" y="1393" w="25" h="79" d="851" o="" />
		<t id="t_f_t3" x="6370" y="1127" w="25" h="79" d="865" o="" />
		<t id="t_f_t3" x="6370" y="1363" w="25" h="79" d="871" o="" />
		<t id="t_f_t3" x="6550" y="1137" w="25" h="79" d="888" o="" />
		<t id="t_f_t3" x="6550" y="1373" w="25" h="79" d="894" o="" />
		<t id="t_f_t3" x="6765" y="1137" w="25" h="79" d="913" o="" />
		<t id="t_f_t3" x="6765" y="1373" w="25" h="79" d="919" o="" />
		<t id="t_f_t3" x="7170" y="1250" w="25" h="79" d="942" o="" />
		<t id="t_s_b" x="1024" y="1432" w="121" h="147" d="1211" o="90" />
		<t id="t_s_b" x="2027" y="1432" w="121" h="147" d="1223" o="90" />
		<t id="t_s_b" x="2511" y="1432" w="121" h="147" d="1169" o="90" />
		<t id="t_s_b" x="3873" y="1432" w="121" h="147" d="1175" o="90" />
		<t id="t_s_b" x="4357" y="1432" w="121" h="147" d="1184" o="90" />
		<t id="t_s_b" x="541" y="1432" w="121" h="147" d="1205" o="90" />
		<t id="t_s_b" x="7503" y="1432" w="121" h="147" d="1196" o="90" />
		<t id="t_s_h_s_b" x="7482" y="1048" w="79" h="79" d="1276" o="" />
		<t id="t_s_h_s_b" x="7482" y="1285" w="79" h="79" d="1271" o="" />
		<t id="t_s_h_s_f" x="7482" y="1048" w="79" h="79" d="1970" o="" />
		<t id="t_s_h_s_f" x="7482" y="1285" w="79" h="79" d="1961" o="" />
		<t id="t_s_t" x="1009" y="1206" w="91" h="25" d="1217" o="30" />
		<t id="t_s_t" x="2012" y="1285" w="91" h="25" d="1226" o="30" />
		<t id="t_s_t" x="2496" y="1285" w="91" h="25" d="1172" o="30" />
		<t id="t_s_t" x="3858" y="1285" w="91" h="25" d="1178" o="30" />
		<t id="t_s_t" x="4342" y="1285" w="91" h="25" d="1187" o="30" />
		<t id="t_s_t" x="526" y="1285" w="91" h="25" d="1208" o="30" />
		<t id="t_s_t" x="7488" y="811" w="91" h="25" d="1199" o="30" />
		<t id="t_s_t1" x="1003" y="1285" w="79" h="79" d="1214" o="30" />
		<t id="t_s_t1" x="7482" y="890" w="79" h="79" d="1281" o="30" />
		<t id="t_s_t2" x="7482" y="1206" w="79" h="79" d="1202" o="30" />
		<t id="t_s_t3" x="7482" y="1127" w="79" h="79" d="1273" o="30" />
		<t id="t_s_t3" x="7482" y="969" w="79" h="79" d="1278" o="30" /> 
	</layer>
</level>
