<?xml version="1.0" encoding="UTF-8"?>
<level background="darkforest" music="track02a" effects="forest" sx="110" sy="680" d="2201">
	<layer name="base" source="forest.swf" x="0" y="0" width="3260" height="1432">
		<t id="be" x="1038" y="839" w="42" h="95" d="2079" o="100" />
		<t id="be" x="1054" y="332" w="42" h="95" d="2041" o="100" />
		<t id="be" x="1164" y="402" w="42" h="95" d="1951" o="100" />
		<t id="be" x="1178" y="841" w="42" h="95" d="2105" o="100" />
		<t id="be" x="1232" y="842" w="42" h="95" d="2061" o="100" />
		<t id="be" x="1278" y="400" w="42" h="95" d="1955" o="100" />
		<t id="be" x="1442" y="842" w="42" h="95" d="2191" o="100" />
		<t id="be" x="1540" y="425" w="42" h="95" d="2195" o="100" />
		<t id="be" x="1702" y="866" w="42" h="95" d="1891" o="100" />
		<t id="be" x="1706" y="425" w="42" h="95" d="2053" o="100" />
		<t id="be" x="1766" y="425" w="42" h="95" d="2049" o="100" />
		<t id="be" x="198" y="401" w="42" h="95" d="1935" o="100" />
		<t id="be" x="2171" y="917" w="42" h="95" d="2119" o="100" />
		<t id="be" x="2247" y="622" w="42" h="95" d="2183" o="100" />
		<t id="be" x="2297" y="949" w="42" h="95" d="2127" o="100" />
		<t id="be" x="2403" y="1399" w="42" h="95" d="2139" o="100" />
		<t id="be" x="2508" y="862" w="42" h="95" d="2175" o="100" />
		<t id="be" x="2512" y="960" w="42" h="95" d="2131" o="100" />
		<t id="be" x="2729" y="862" w="42" h="95" d="2179" o="100" />
		<t id="be" x="346" y="631" w="42" h="95" d="1923" o="100" />
		<t id="be" x="485" y="1396" w="42" h="95" d="1903" o="100" />
		<t id="be" x="496" y="629" w="42" h="95" d="1919" o="100" />
		<t id="be" x="68" y="403" w="42" h="95" d="1939" o="100" />
		<t id="be" x="752" y="1317" w="42" h="95" d="2005" o="100" />
		<t id="be" x="834" y="332" w="42" h="95" d="2037" o="100" />
		<t id="be" x="953" y="1400" w="42" h="95" d="2017" o="100" />
		<t id="be1" x="1026" y="346" w="193" h="17" d="1323" o="250" />
		<t id="be1" x="1026" y="597" w="193" h="17" d="1319" o="250" />
		<t id="be1" x="1416" y="1116" w="193" h="17" d="1490" o="250" />
		<t id="be1" x="1416" y="866" w="193" h="17" d="1494" o="250" />
		<t id="be1" x="1677" y="1125" w="193" h="17" d="1501" o="250" />
		<t id="be1" x="1677" y="874" w="193" h="17" d="1505" o="250" />
		<t id="be1" x="1694" y="1139" w="193" h="17" d="1623" o="250" />
		<t id="be1" x="1695" y="447" w="193" h="17" d="1597" o="250" />
		<t id="be1" x="1695" y="704" w="193" h="17" d="1589" o="250" />
		<t id="be1" x="1934" y="1139" w="193" h="17" d="1627" o="250" />
		<t id="be1" x="1935" y="447" w="193" h="17" d="1601" o="250" />
		<t id="be1" x="1935" y="705" w="193" h="17" d="1593" o="250" />
		<t id="be1" x="2484" y="1225" w="193" h="17" d="1645" o="250" />
		<t id="be1" x="2484" y="982" w="193" h="17" d="1649" o="250" />
		<t id="be1" x="2699" y="1116" w="193" h="17" d="1282" o="250" />
		<t id="be1" x="2699" y="865" w="193" h="17" d="1286" o="250" />
		<t id="be1" x="338" y="1196" w="193" h="17" d="1043" o="250" />
		<t id="be1" x="338" y="936" w="193" h="17" d="946" o="250" />
		<t id="be2" x="1035" y="548" w="18" h="186" d="1331" o="250" />
		<t id="be2" x="1243" y="1070" w="18" h="186" d="1683" o="250" />
		<t id="be2" x="1423" y="1030" w="18" h="186" d="1687" o="250" />
		<t id="be2" x="1498" y="1081" w="18" h="186" d="1509" o="250" />
		<t id="be2" x="155" y="1148" w="18" h="186" d="950" o="250" />
		<t id="be2" x="1686" y="1076" w="18" h="186" d="1513" o="250" />
		<t id="be2" x="2305" y="1181" w="18" h="186" d="1653" o="250" />
		<t id="be2" x="2493" y="1176" w="18" h="186" d="1657" o="250" />
		<t id="be2" x="2520" y="1072" w="18" h="186" d="1290" o="250" />
		<t id="be2" x="2708" y="1067" w="18" h="186" d="1294" o="250" />
		<t id="be2" x="345" y="1148" w="18" h="186" d="954" o="250" />
		<t id="be2" x="847" y="553" w="18" h="186" d="1327" o="250" />
		<t id="bh" x="3338" y="670" w="105" h="309" d="2203" o="" />
		<t id="c" x="1028" y="1084" w="23" h="24" d="1839" o="" />
		<t id="c" x="1090" y="237" w="23" h="24" d="1795" o="" />
		<t id="c" x="1334" y="984" w="23" h="24" d="1831" o="" />
		<t id="c" x="134" y="278" w="23" h="24" d="1787" o="" />
		<t id="c" x="1551" y="1378" w="23" h="24" d="1843" o="" />
		<t id="c" x="1554" y="332" w="23" h="24" d="1827" o="" />
		<t id="c" x="1557" y="654" w="23" h="24" d="1883" o="" />
		<t id="c" x="1601" y="1000" w="23" h="24" d="1779" o="" />
		<t id="c" x="1737" y="573" w="23" h="24" d="1815" o="" />
		<t id="c" x="1903" y="1092" w="23" h="24" d="1847" o="" />
		<t id="c" x="1918" y="654" w="23" h="24" d="1819" o="" />
		<t id="c" x="1924" y="1378" w="23" h="24" d="1783" o="" />
		<t id="c" x="2080" y="514" w="23" h="24" d="1859" o="" />
		<t id="c" x="2407" y="1105" w="23" h="24" d="1867" o="" />
		<t id="c" x="256" y="1068" w="23" h="24" d="1775" o="" />
		<t id="c" x="2666" y="1083" w="23" h="24" d="1879" o="" />
		<t id="c" x="2686" y="1185" w="23" h="24" d="1871" o="" />
		<t id="c" x="2853" y="1304" w="23" h="24" d="1863" o="" />
		<t id="c" x="327" y="1258" w="23" h="24" d="1855" o="" />
		<t id="c" x="667" y="1369" w="23" h="24" d="1811" o="" />
		<t id="c" x="680" y="707" w="23" h="24" d="1791" o="" />
		<t id="c" x="798" y="886" w="23" h="24" d="1803" o="" />
		<t id="c" x="926" y="1248" w="23" h="24" d="1807" o="" />
		<t id="c" x="948" y="475" w="23" h="24" d="1887" o="" />
		<t id="d_g1" x="2116" y="1398" w="30" h="38" d="897" o="" />
		<t id="d_g1" x="2802" y="1233" w="30" h="38" d="1679" o="" />
		<t id="d_g1" x="2946" y="670" w="30" h="38" d="1681" o="" />
		<t id="d_g1" x="63" y="679" w="30" h="38" d="1160" o="" />
		<t id="d_g1" x="769" y="1399" w="30" h="38" d="1677" o="" />
		<t id="d_g2" x="1136" y="1399" w="66" h="10" d="2278" o="" />
		<t id="d_g2" x="180" y="1399" w="66" h="10" d="2207" o="" />
		<t id="d_h1" x="1005" y="1400" w="46" h="25" d="1119" o="" />
		<t id="d_h1" x="2510" y="1401" w="46" h="25" d="1123" o="" />
		<t id="d_h1" x="462" y="1400" w="46" h="25" d="899" o="" />
		<t id="d_h2" x="1293" y="1398" w="113" h="31" d="1121" o="" />
		<t id="d_h2" x="2868" y="1399" w="113" h="31" d="1125" o="" />
		<t id="d_h2" x="370" y="1398" w="113" h="31" d="901" o="" />
		<t id="e" x="1404" y="1248" w="17" h="16" d="1835" o="" />
		<t id="e" x="1735" y="1163" w="17" h="16" d="1851" o="" />
		<t id="e" x="1922" y="336" w="17" h="16" d="1823" o="" />
		<t id="e" x="2089" y="1314" w="17" h="16" d="1875" o="" />
		<t id="e" x="45" y="412" w="17" h="16" d="1799" o="" />
		<t id="f_b_t" x="1051" y="1295" w="121" h="104" d="617" o="30" />
		<t id="f_b_t" x="1172" y="1295" w="121" h="104" d="637" o="30" />
		<t id="f_b_t" x="127" y="783" w="121" h="104" d="673" o="30" />
		<t id="f_b_t" x="1293" y="1295" w="121" h="104" d="642" o="30" />
		<t id="f_b_t" x="1413" y="1295" w="121" h="104" d="647" o="30" />
		<t id="f_b_t" x="248" y="783" w="121" h="104" d="668" o="30" />
		<t id="f_b_t" x="2746" y="1337" w="121" h="104" d="775" o="30" />
		<t id="f_b_t" x="2866" y="1337" w="121" h="104" d="772" o="30" />
		<t id="f_b_t" x="2987" y="1337" w="121" h="104" d="787" o="30" />
		<t id="f_b_t" x="622" y="834" w="121" h="104" d="733" o="30" />
		<t id="f_b_t" x="743" y="834" w="121" h="104" d="728" o="30" />
		<t id="f_b_t" x="931" y="1295" w="121" h="104" d="620" o="30" />
		<t id="f_l_t" x="2625" y="1337" w="22" h="104" d="778" o="30" />
		<t id="f_l_t" x="501" y="834" w="22" h="104" d="738" o="30" />
		<t id="f_l_t" x="6" y="783" w="22" h="104" d="678" o="30" />
		<t id="f_l_t" x="810" y="1295" w="22" h="104" d="623" o="30" />
		<t id="f_r_t" x="1435" y="1295" w="22" h="104" d="626" o="30" />
		<t id="f_r_t" x="269" y="783" w="22" h="104" d="681" o="30" />
		<t id="f_r_t" x="764" y="834" w="22" h="104" d="741" o="30" />
		<t id="f_t_l" x="2625" y="1441" w="14" h="104" d="785" o="" />
		<t id="f_t_l" x="501" y="1457" w="14" h="104" d="754" o="" />
		<t id="f_t_l" x="6" y="1406" w="14" h="104" d="694" o="" />
		<t id="f_t_l" x="810" y="1399" w="14" h="104" d="635" o="" />
		<t id="f_t_r" x="1427" y="1399" w="14" h="104" d="633" o="" />
		<t id="f_t_r" x="261" y="1406" w="14" h="104" d="692" o="" />
		<t id="f_t_r" x="756" y="1457" w="14" h="104" d="752" o="" />
		<t id="f_t_t_l" x="501" y="1042" w="14" h="104" d="726" o="" />
		<t id="f_t_t_l" x="501" y="1145" w="14" h="104" d="718" o="" />
		<t id="f_t_t_l" x="501" y="1249" w="14" h="104" d="762" o="" />
		<t id="f_t_t_l" x="501" y="1353" w="14" h="104" d="770" o="" />
		<t id="f_t_t_l" x="501" y="938" w="14" h="104" d="746" o="" />
		<t id="f_t_t_l" x="6" y="1094" w="14" h="104" d="658" o="" />
		<t id="f_t_t_l" x="6" y="1198" w="14" h="104" d="702" o="" />
		<t id="f_t_t_l" x="6" y="1302" w="14" h="104" d="710" o="" />
		<t id="f_t_t_l" x="6" y="887" w="14" h="104" d="686" o="" />
		<t id="f_t_t_l" x="6" y="991" w="14" h="104" d="666" o="" />
		<t id="f_t_t_r" x="261" y="1094" w="14" h="104" d="656" o="" />
		<t id="f_t_t_r" x="261" y="1198" w="14" h="104" d="700" o="" />
		<t id="f_t_t_r" x="261" y="1302" w="14" h="104" d="708" o="" />
		<t id="f_t_t_r" x="261" y="887" w="14" h="104" d="684" o="" />
		<t id="f_t_t_r" x="261" y="991" w="14" h="104" d="664" o="" />
		<t id="f_t_t_r" x="756" y="1042" w="14" h="104" d="724" o="" />
		<t id="f_t_t_r" x="756" y="1145" w="14" h="104" d="716" o="" />
		<t id="f_t_t_r" x="756" y="1249" w="14" h="104" d="760" o="" />
		<t id="f_t_t_r" x="756" y="1353" w="14" h="104" d="768" o="" />
		<t id="f_t_t_r" x="756" y="938" w="14" h="104" d="744" o="" />
		<t id="g" x="3140" y="676" w="44" h="335" d="1742" o="30" />
		<t id="n1_l" x="1034" y="597" w="191" h="266" d="1316" o="" />
		<t id="n1_l" x="1685" y="1125" w="191" h="266" d="1498" o="" />
		<t id="n1_l" x="2491" y="1225" w="191" h="266" d="1642" o="" />
		<t id="n1_l" x="2707" y="1116" w="191" h="266" d="1279" o="" />
		<t id="n1_r" x="1417" y="1106" w="191" h="267" d="1301" o="50" />
		<t id="n1_r" x="339" y="1190" w="191" h="267" d="834" o="50" />
		<t id="n2_1" x="1725" y="562" w="235" h="136" d="1304" o="" />
		<t id="n2_1" x="1726" y="1263" w="235" h="136" d="1133" o="" />
		<t id="n2_2" x="1960" y="562" w="235" h="136" d="1307" o="" />
		<t id="n2_2" x="1961" y="1263" w="235" h="136" d="1136" o="" />
		<t id="n2_3" x="1725" y="698" w="235" h="136" d="1310" o="" />
		<t id="n2_3" x="1726" y="1399" w="235" h="136" d="1139" o="" />
		<t id="n2_4" x="1960" y="698" w="235" h="136" d="1313" o="" />
		<t id="n2_4" x="1961" y="1399" w="235" h="136" d="1142" o="" />
		<t id="orange" x="1883" y="423" w="53" h="43" d="2057" o="-20" />
		<t id="orange" x="2231" y="917" w="53" h="43" d="2123" o="-20" />
		<t id="orange" x="2577" y="848" w="53" h="43" d="2167" o="-20" />
		<t id="orange" x="432" y="627" w="53" h="43" d="1927" o="-20" />
		<t id="orange" x="773" y="1008" w="53" h="43" d="2033" o="-20" />
		<t id="pinku" x="1318" y="837" w="53" h="43" d="2065" o="-20" />
		<t id="pinku" x="136" y="395" w="53" h="43" d="1943" o="-20" />
		<t id="pinku" x="1583" y="423" w="53" h="43" d="1895" o="-20" />
		<t id="pinku" x="2358" y="956" w="53" h="43" d="2135" o="-20" />
		<t id="purpu" x="1107" y="834" w="53" h="43" d="2083" o="-20" />
		<t id="purpu" x="1220" y="397" w="53" h="43" d="1959" o="-20" />
		<t id="purpu" x="1545" y="857" w="53" h="43" d="2101" o="-20" />
		<t id="purpu" x="1643" y="423" w="53" h="43" d="1899" o="-20" />
		<t id="purpu" x="2139" y="616" w="53" h="43" d="2187" o="-20" />
		<t id="purpu" x="2656" y="848" w="53" h="43" d="2171" o="-20" />
		<t id="purpu" x="681" y="1312" w="53" h="43" d="2009" o="-20" />
		<t id="purpu" x="697" y="1009" w="53" h="43" d="2029" o="-20" />
		<t id="s_b_l" x="2900" y="1502" w="121" h="105" d="1201" o="90" />
		<t id="s_b_s" x="1033" y="1454" w="121" h="57" d="1186" o="90" />
		<t id="s_b_s" x="1154" y="1454" w="121" h="57" d="1171" o="90" />
		<t id="s_b_s" x="1275" y="1454" w="121" h="57" d="1174" o="90" />
		<t id="s_b_s" x="1394" y="1454" w="121" h="57" d="1177" o="90" />
		<t id="s_b_s" x="162" y="1454" w="121" h="57" d="1145" o="90" />
		<t id="s_b_s" x="1636" y="1454" w="121" h="57" d="1180" o="90" />
		<t id="s_b_s" x="1757" y="1454" w="121" h="57" d="1183" o="90" />
		<t id="s_b_s" x="1878" y="1454" w="121" h="57" d="1189" o="90" />
		<t id="s_b_s" x="1999" y="1454" w="121" h="57" d="1192" o="90" />
		<t id="s_b_s" x="2176" y="1454" w="121" h="57" d="1154" o="90" />
		<t id="s_b_s" x="2297" y="1454" w="121" h="57" d="1157" o="90" />
		<t id="s_b_s" x="2539" y="1454" w="121" h="57" d="1195" o="90" />
		<t id="s_b_s" x="2659" y="1454" w="121" h="57" d="1198" o="90" />
		<t id="s_b_s" x="2779" y="1454" w="121" h="57" d="1236" o="90" />
		<t id="s_b_s" x="282" y="1454" w="121" h="57" d="1148" o="90" />
		<t id="s_b_s" x="402" y="1454" w="121" h="57" d="1151" o="90" />
		<t id="s_b_s" x="523" y="1454" w="121" h="57" d="1162" o="90" />
		<t id="s_b_s" x="765" y="1454" w="121" h="57" d="1165" o="90" />
		<t id="s_b_s" x="886" y="1454" w="121" h="57" d="1168" o="90" />
		<t id="s_b_t" x="3021" y="774" w="121" h="105" d="1242" o="90" />
		<t id="s_b_t" x="3142" y="774" w="121" h="105" d="1259" o="90" />
		<t id="s_b_t" x="3263" y="774" w="121" h="105" d="1276" o="90" />
		<t id="s_l_s" x="2900" y="1086" w="23" h="104" d="1221" o="90" />
		<t id="s_l_s" x="2900" y="1190" w="23" h="104" d="1216" o="90" />
		<t id="s_l_s" x="2900" y="1294" w="23" h="104" d="1211" o="90" />
		<t id="s_l_s" x="2900" y="1398" w="23" h="104" d="1204" o="90" />
		<t id="s_l_s" x="2900" y="878" w="23" h="104" d="1231" o="90" />
		<t id="s_l_s" x="2900" y="982" w="23" h="104" d="1226" o="90" />
		<t id="s_l_t" x="2900" y="774" w="22" h="104" d="1239" o="90" />
		<t id="spider_fall" x="1117" y="1129" w="141" h="251" d="2069" o="0" />
		<t id="spider_fall" x="1991" y="1124" w="141" h="251" d="2087" o="0" />
		<t id="spider_fall" x="2180" y="882" w="141" h="251" d="2109" o="0" />
		<t id="spider_fall" x="344" y="411" w="141" h="251" d="1985" o="0" />
		<t id="spider_fall" x="771" y="736" w="141" h="251" d="1975" o="0" />
		<t id="spider_fall" x="866" y="1396" w="141" h="251" d="1995" o="0" />
		<t id="spider_run" x="1025" y="1398" w="27" h="15" d="2013" o="0" />
		<t id="spider_run" x="1155" y="1398" w="27" h="15" d="1971" o="0" />
		<t id="spider_run" x="2616" y="1397" w="27" h="15" d="2155" o="0" />
		<t id="spider_run" x="2746" y="1397" w="27" h="15" d="2151" o="0" />
		<t id="spider_run" x="310" y="1394" w="27" h="15" d="1911" o="0" />
		<t id="spider_run" x="76" y="1395" w="27" h="15" d="1907" o="0" />
		<t id="spider_run" x="775" y="1396" w="27" h="15" d="1963" o="0" />
		<t id="spider_web" x="1334" y="975" w="60" h="65" d="2021" o="0" />
		<t id="spider_web" x="1590" y="990" w="60" h="65" d="2025" o="0" />
		<t id="spider_web" x="1725" y="1265" w="60" h="65" d="2097" o="0" />
		<t id="spider_web" x="1725" y="635" w="60" h="65" d="2045" o="0" />
		<t id="spider_web" x="2383" y="1034" w="60" h="65" d="2159" o="0" />
		<t id="spider_web" x="2655" y="990" w="60" h="65" d="2163" o="0" />
		<t id="spider_web" x="293" y="1003" w="60" h="65" d="1931" o="0" />
		<t id="spider_web" x="974" y="394" w="60" h="65" d="1947" o="0" />
		<t id="t1_b" x="127" y="1094" w="121" h="104" d="654" o="" />
		<t id="t1_b" x="127" y="1198" w="121" h="104" d="698" o="" />
		<t id="t1_b" x="127" y="1302" w="121" h="104" d="706" o="" />
		<t id="t1_b" x="127" y="887" w="121" h="104" d="676" o="" />
		<t id="t1_b" x="127" y="991" w="121" h="104" d="662" o="" />
		<t id="t1_b" x="248" y="1094" w="121" h="104" d="652" o="" />
		<t id="t1_b" x="248" y="1198" w="121" h="104" d="696" o="" />
		<t id="t1_b" x="248" y="1302" w="121" h="104" d="704" o="" />
		<t id="t1_b" x="248" y="887" w="121" h="104" d="671" o="" />
		<t id="t1_b" x="248" y="991" w="121" h="104" d="660" o="" />
		<t id="t1_b" x="3021" y="1086" w="121" h="104" d="1224" o="" />
		<t id="t1_b" x="3021" y="1190" w="121" h="104" d="1219" o="" />
		<t id="t1_b" x="3021" y="1294" w="121" h="104" d="1214" o="" />
		<t id="t1_b" x="3021" y="1398" w="121" h="104" d="1209" o="" />
		<t id="t1_b" x="3021" y="878" w="121" h="104" d="1234" o="" />
		<t id="t1_b" x="3021" y="982" w="121" h="104" d="1229" o="" />
		<t id="t1_b" x="3142" y="1086" w="121" h="104" d="1253" o="" />
		<t id="t1_b" x="3142" y="1190" w="121" h="104" d="1251" o="" />
		<t id="t1_b" x="3142" y="1294" w="121" h="104" d="1249" o="" />
		<t id="t1_b" x="3142" y="1398" w="121" h="104" d="1247" o="" />
		<t id="t1_b" x="3142" y="878" w="121" h="104" d="1257" o="" />
		<t id="t1_b" x="3142" y="982" w="121" h="104" d="1255" o="" />
		<t id="t1_b" x="3263" y="1086" w="121" h="104" d="1270" o="" />
		<t id="t1_b" x="3263" y="1190" w="121" h="104" d="1268" o="" />
		<t id="t1_b" x="3263" y="1294" w="121" h="104" d="1266" o="" />
		<t id="t1_b" x="3263" y="1398" w="121" h="104" d="1264" o="" />
		<t id="t1_b" x="3263" y="878" w="121" h="104" d="1274" o="" />
		<t id="t1_b" x="3263" y="982" w="121" h="104" d="1272" o="" />
		<t id="t1_b" x="622" y="1042" w="121" h="104" d="722" o="" />
		<t id="t1_b" x="622" y="1145" w="121" h="104" d="714" o="" />
		<t id="t1_b" x="622" y="1249" w="121" h="104" d="758" o="" />
		<t id="t1_b" x="622" y="1353" w="121" h="104" d="766" o="" />
		<t id="t1_b" x="622" y="938" w="121" h="104" d="736" o="" />
		<t id="t1_b" x="743" y="1042" w="121" h="104" d="720" o="" />
		<t id="t1_b" x="743" y="1145" w="121" h="104" d="712" o="" />
		<t id="t1_b" x="743" y="1249" w="121" h="104" d="756" o="" />
		<t id="t1_b" x="743" y="1353" w="121" h="104" d="764" o="" />
		<t id="t1_b" x="743" y="938" w="121" h="104" d="731" o="" />
		<t id="t2_b" x="1051" y="1399" w="121" h="104" d="629" o="" />
		<t id="t2_b" x="1172" y="1399" w="121" h="104" d="640" o="" />
		<t id="t2_b" x="127" y="1406" w="121" h="104" d="690" o="" />
		<t id="t2_b" x="1293" y="1399" w="121" h="104" d="645" o="" />
		<t id="t2_b" x="1413" y="1399" w="121" h="104" d="650" o="" />
		<t id="t2_b" x="248" y="1406" w="121" h="104" d="688" o="" />
		<t id="t2_b" x="2745" y="1441" w="121" h="104" d="783" o="" />
		<t id="t2_b" x="2866" y="1441" w="121" h="104" d="781" o="" />
		<t id="t2_b" x="2987" y="1441" w="121" h="104" d="790" o="" />
		<t id="t2_b" x="3021" y="1502" w="121" h="104" d="1207" o="" />
		<t id="t2_b" x="3142" y="1502" w="121" h="104" d="1245" o="" />
		<t id="t2_b" x="3263" y="1502" w="121" h="104" d="1262" o="" />
		<t id="t2_b" x="622" y="1457" w="121" h="104" d="750" o="" />
		<t id="t2_b" x="743" y="1457" w="121" h="104" d="748" o="" />
		<t id="t2_b" x="930" y="1399" w="121" h="104" d="631" o="" />
		<t id="t_f_a1_l" x="1145" y="677" w="50" h="21" d="1034" o="30" />
		<t id="t_f_a1_l" x="1145" y="757" w="50" h="21" d="1031" o="30" />
		<t id="t_f_a1_l" x="1147" y="1023" w="50" h="21" d="1611" o="30" />
		<t id="t_f_a1_l" x="1147" y="384" w="50" h="21" d="1014" o="30" />
		<t id="t_f_a1_l" x="1419" y="1303" w="50" h="21" d="1620" o="30" />
		<t id="t_f_a1_l" x="1422" y="414" w="50" h="21" d="2257" o="30" />
		<t id="t_f_a1_l" x="1422" y="808" w="50" h="21" d="2283" o="30" />
		<t id="t_f_a1_l" x="1807" y="939" w="50" h="21" d="1037" o="30" />
		<t id="t_f_a1_l" x="2278" y="1298" w="50" h="21" d="1127" o="30" />
		<t id="t_f_a1_l" x="2494" y="792" w="50" h="21" d="1671" o="30" />
		<t id="t_f_a1_l" x="341" y="1312" w="50" h="21" d="1020" o="30" />
		<t id="t_f_a1_l" x="551" y="1125" w="50" h="21" d="2218" o="30" />
		<t id="t_f_a1_l" x="593" y="546" w="50" h="21" d="961" o="30" />
		<t id="t_f_a1_l" x="819" y="1361" w="50" h="21" d="2233" o="30" />
		<t id="t_f_a1_l" x="820" y="653" w="50" h="21" d="979" o="30" />
		<t id="t_f_a1_r" x="1213" y="927" w="50" h="21" d="1700" o="30" />
		<t id="t_f_a1_r" x="1214" y="739" w="50" h="21" d="1617" o="30" />
		<t id="t_f_a1_r" x="1537" y="808" w="50" h="21" d="2280" o="30" />
		<t id="t_f_a1_r" x="1538" y="414" w="50" h="21" d="2286" o="30" />
		<t id="t_f_a1_r" x="2347" y="727" w="50" h="21" d="1674" o="30" />
		<t id="t_f_a1_r" x="2776" y="778" w="50" h="21" d="1668" o="30" />
		<t id="t_f_a1_r" x="668" y="1126" w="50" h="21" d="2221" o="30" />
		<t id="t_f_a1_r" x="936" y="1362" w="50" h="21" d="2236" o="30" />
		<t id="t_f_a2_l" x="1146" y="853" w="108" h="24" d="1605" o="60" />
		<t id="t_f_a2_l" x="1147" y="1113" w="108" h="24" d="1697" o="60" />
		<t id="t_f_a2_l" x="1808" y="798" w="108" h="24" d="1130" o="60" />
		<t id="t_f_a2_l" x="1963" y="886" w="108" h="24" d="2269" o="60" />
		<t id="t_f_a2_l" x="2279" y="935" w="108" h="24" d="2275" o="60" />
		<t id="t_f_a2_l" x="341" y="174" w="108" h="24" d="976" o="60" />
		<t id="t_f_a2_l" x="341" y="451" w="108" h="24" d="967" o="60" />
		<t id="t_f_a2_l" x="816" y="1153" w="108" h="24" d="1484" o="60" />
		<t id="t_f_a2_r" x="1272" y="415" w="108" h="24" d="1017" o="60" />
		<t id="t_f_a2_r" x="183" y="414" w="108" h="24" d="970" o="60" />
		<t id="t_f_a2_r" x="2133" y="889" w="108" h="24" d="2272" o="60" />
		<t id="t_f_a2_r" x="466" y="1175" w="108" h="24" d="958" o="60" />
		<t id="t_f_a2_r" x="466" y="481" w="108" h="24" d="1040" o="60" />
		<t id="t_f_a2_r" x="466" y="644" w="108" h="24" d="964" o="60" />
		<t id="t_f_a2_r" x="718" y="493" w="108" h="24" d="973" o="60" />
		<t id="t_f_a2_r" x="727" y="1331" w="108" h="24" d="1487" o="60" />
		<t id="t_f_a2_r" x="995" y="1144" w="108" h="24" d="1608" o="60" />
		<t id="t_f_a3_l" x="1423" y="1131" w="200" h="31" d="1703" o="60" />
		<t id="t_f_a3_l" x="1962" y="724" w="200" h="31" d="1584" o="60" />
		<t id="t_f_a3_l" x="2497" y="1250" w="200" h="31" d="1663" o="60" />
		<t id="t_f_a3_l" x="345" y="1215" w="200" h="31" d="943" o="60" />
		<t id="t_f_a3_l" x="819" y="1037" w="200" h="31" d="1376" o="60" />
		<t id="t_f_a3_l_d" x="1424" y="866" w="200" h="31" d="2199" o="30" />
		<t id="t_f_a3_l_d" x="1962" y="1149" w="200" h="31" d="1631" o="30" />
		<t id="t_f_a3_l_d" x="1962" y="453" w="200" h="31" d="1587" o="30" />
		<t id="t_f_a3_l_d" x="345" y="948" w="200" h="31" d="941" o="30" />
		<t id="t_f_a3_r" x="1035" y="624" w="200" h="31" d="1337" o="60" />
		<t id="t_f_a3_r" x="1084" y="895" w="200" h="31" d="1614" o="60" />
		<t id="t_f_a3_r" x="1686" y="1150" w="200" h="31" d="1519" o="60" />
		<t id="t_f_a3_r" x="1686" y="724" w="200" h="31" d="1581" o="60" />
		<t id="t_f_a3_r" x="2226" y="645" w="200" h="31" d="1633" o="60" />
		<t id="t_f_a3_r" x="2713" y="1141" w="200" h="31" d="1298" o="60" />
		<t id="t_f_a3_r_d" x="1035" y="358" w="200" h="31" d="1335" o="30" />
		<t id="t_f_a3_r_d" x="1686" y="886" w="200" h="31" d="1517" o="30" />
		<t id="t_f_a3_r_d" x="1689" y="453" w="200" h="31" d="1706" o="30" />
		<t id="t_f_a3_r_d" x="2492" y="986" w="200" h="31" d="1661" o="30" />
		<t id="t_f_a3_r_d" x="2708" y="877" w="200" h="31" d="1666" o="30" />
		<t id="t_f_b" x="1175" y="1192" w="41" h="21" d="982" o="" />
		<t id="t_f_b" x="1836" y="1398" w="41" h="21" d="859" o="" />
		<t id="t_f_b" x="2308" y="1398" w="41" h="21" d="1047" o="" />
		<t id="t_f_b" x="2524" y="1400" w="41" h="21" d="1085" o="" />
		<t id="t_f_b" x="2737" y="1233" w="41" h="21" d="1708" o="" />
		<t id="t_f_b" x="370" y="1398" w="41" h="21" d="903" o="" />
		<t id="t_f_b" x="622" y="731" w="41" h="21" d="857" o="" />
		<t id="t_f_b" x="87" y="679" w="41" h="21" d="814" o="" />
		<t id="t_f_t1" x="1167" y="1092" w="25" h="79" d="986" o="" />
		<t id="t_f_t1" x="1167" y="1171" w="25" h="79" d="984" o="" />
		<t id="t_f_t1" x="1167" y="302" w="25" h="79" d="1006" o="" />
		<t id="t_f_t1" x="1167" y="460" w="25" h="79" d="1002" o="" />
		<t id="t_f_t1" x="1167" y="618" w="25" h="79" d="998" o="" />
		<t id="t_f_t1" x="1167" y="934" w="25" h="79" d="990" o="" />
		<t id="t_f_t1" x="1828" y="1140" w="25" h="79" d="867" o="" />
		<t id="t_f_t1" x="1828" y="1298" w="25" h="79" d="863" o="" />
		<t id="t_f_t1" x="1828" y="1377" w="25" h="79" d="861" o="" />
		<t id="t_f_t1" x="1828" y="195" w="25" h="79" d="891" o="" />
		<t id="t_f_t1" x="1828" y="353" w="25" h="79" d="887" o="" />
		<t id="t_f_t1" x="1828" y="37" w="25" h="79" d="895" o="" />
		<t id="t_f_t1" x="1828" y="432" w="25" h="79" d="885" o="" />
		<t id="t_f_t1" x="1828" y="669" w="25" h="79" d="879" o="" />
		<t id="t_f_t1" x="1828" y="824" w="25" h="79" d="875" o="" />
		<t id="t_f_t1" x="1828" y="903" w="25" h="79" d="873" o="" />
		<t id="t_f_t1" x="2300" y="1140" w="25" h="79" d="1055" o="" />
		<t id="t_f_t1" x="2300" y="1298" w="25" h="79" d="1051" o="" />
		<t id="t_f_t1" x="2300" y="1377" w="25" h="79" d="1049" o="" />
		<t id="t_f_t1" x="2300" y="195" w="25" h="79" d="1079" o="" />
		<t id="t_f_t1" x="2300" y="353" w="25" h="79" d="1075" o="" />
		<t id="t_f_t1" x="2300" y="37" w="25" h="79" d="1083" o="" />
		<t id="t_f_t1" x="2300" y="432" w="25" h="79" d="1073" o="" />
		<t id="t_f_t1" x="2300" y="669" w="25" h="79" d="1067" o="" />
		<t id="t_f_t1" x="2300" y="824" w="25" h="79" d="1063" o="" />
		<t id="t_f_t1" x="2300" y="903" w="25" h="79" d="1061" o="" />
		<t id="t_f_t1" x="2516" y="1063" w="25" h="79" d="1095" o="" />
		<t id="t_f_t1" x="2516" y="1300" w="25" h="79" d="1089" o="" />
		<t id="t_f_t1" x="2516" y="197" w="25" h="79" d="1117" o="" />
		<t id="t_f_t1" x="2516" y="355" w="25" h="79" d="1113" o="" />
		<t id="t_f_t1" x="2516" y="513" w="25" h="79" d="1109" o="" />
		<t id="t_f_t1" x="2516" y="592" w="25" h="79" d="1107" o="" />
		<t id="t_f_t1" x="2516" y="829" w="25" h="79" d="1101" o="" />
		<t id="t_f_t1" x="2516" y="984" w="25" h="79" d="1097" o="" />
		<t id="t_f_t1" x="2729" y="106" w="25" h="79" d="1738" o="" />
		<t id="t_f_t1" x="2729" y="1133" w="25" h="79" d="1712" o="" />
		<t id="t_f_t1" x="2729" y="1212" w="25" h="79" d="1710" o="" />
		<t id="t_f_t1" x="2729" y="185" w="25" h="79" d="1736" o="" />
		<t id="t_f_t1" x="2729" y="422" w="25" h="79" d="1730" o="" />
		<t id="t_f_t1" x="2729" y="659" w="25" h="79" d="1724" o="" />
		<t id="t_f_t1" x="2729" y="738" w="25" h="79" d="1722" o="" />
		<t id="t_f_t1" x="2729" y="975" w="25" h="79" d="1716" o="" />
		<t id="t_f_t1" x="362" y="1140" w="25" h="79" d="911" o="" />
		<t id="t_f_t1" x="362" y="1298" w="25" h="79" d="907" o="" />
		<t id="t_f_t1" x="362" y="1377" w="25" h="79" d="905" o="" />
		<t id="t_f_t1" x="362" y="194" w="25" h="79" d="935" o="" />
		<t id="t_f_t1" x="362" y="508" w="25" h="79" d="927" o="" />
		<t id="t_f_t1" x="362" y="666" w="25" h="79" d="923" o="" />
		<t id="t_f_t1" x="362" y="824" w="25" h="79" d="919" o="" />
		<t id="t_f_t1" x="614" y="-1" w="25" h="79" d="855" o="" />
		<t id="t_f_t1" x="614" y="236" w="25" h="79" d="849" o="" />
		<t id="t_f_t1" x="614" y="315" w="25" h="79" d="847" o="" />
		<t id="t_f_t1" x="614" y="473" w="25" h="79" d="843" o="" />
		<t id="t_f_t1" x="614" y="552" w="25" h="79" d="841" o="" />
		<t id="t_f_t1" x="614" y="631" w="25" h="79" d="839" o="" />
		<t id="t_f_t1" x="614" y="78" w="25" h="79" d="853" o="" />
		<t id="t_f_t1" x="79" y="105" w="25" h="79" d="830" o="" />
		<t id="t_f_t1" x="79" y="26" w="25" h="79" d="832" o="" />
		<t id="t_f_t1" x="79" y="263" w="25" h="79" d="826" o="" />
		<t id="t_f_t1" x="79" y="342" w="25" h="79" d="824" o="" />
		<t id="t_f_t1" x="79" y="500" w="25" h="79" d="820" o="" />
		<t id="t_f_t1" x="79" y="579" w="25" h="79" d="818" o="" />
		<t id="t_f_t1" x="79" y="658" w="25" h="79" d="816" o="" />
		<t id="t_f_t1" x="842" y="147" w="25" h="79" d="810" o="" />
		<t id="t_f_t1" x="842" y="305" w="25" h="79" d="806" o="" />
		<t id="t_f_t1" x="842" y="463" w="25" h="79" d="802" o="" />
		<t id="t_f_t1" x="842" y="542" w="25" h="79" d="800" o="" />
		<t id="t_f_t1" x="842" y="779" w="25" h="79" d="794" o="" />
		<t id="t_f_t1" x="842" y="858" w="25" h="79" d="792" o="" />
		<t id="t_f_t2" x="1167" y="1013" w="25" h="79" d="988" o="" />
		<t id="t_f_t2" x="1167" y="697" w="25" h="79" d="996" o="" />
		<t id="t_f_t2" x="1828" y="1219" w="25" h="79" d="865" o="" />
		<t id="t_f_t2" x="1828" y="590" w="25" h="79" d="881" o="" />
		<t id="t_f_t2" x="1828" y="982" w="25" h="79" d="871" o="" />
		<t id="t_f_t2" x="2300" y="1219" w="25" h="79" d="1053" o="" />
		<t id="t_f_t2" x="2300" y="590" w="25" h="79" d="1069" o="" />
		<t id="t_f_t2" x="2300" y="982" w="25" h="79" d="1059" o="" />
		<t id="t_f_t2" x="2516" y="1142" w="25" h="79" d="1093" o="" />
		<t id="t_f_t2" x="2516" y="1379" w="25" h="79" d="1087" o="" />
		<t id="t_f_t2" x="2516" y="750" w="25" h="79" d="1103" o="" />
		<t id="t_f_t2" x="2729" y="1054" w="25" h="79" d="1714" o="" />
		<t id="t_f_t2" x="2729" y="27" w="25" h="79" d="1740" o="" />
		<t id="t_f_t2" x="2729" y="501" w="25" h="79" d="1728" o="" />
		<t id="t_f_t2" x="362" y="1219" w="25" h="79" d="909" o="" />
		<t id="t_f_t2" x="362" y="903" w="25" h="79" d="917" o="" />
		<t id="t_f_t2" x="842" y="384" w="25" h="79" d="804" o="" />
		<t id="t_f_t3" x="1167" y="144" w="25" h="79" d="1010" o="" />
		<t id="t_f_t3" x="1167" y="223" w="25" h="79" d="1008" o="" />
		<t id="t_f_t3" x="1167" y="381" w="25" h="79" d="1004" o="" />
		<t id="t_f_t3" x="1167" y="539" w="25" h="79" d="1000" o="" />
		<t id="t_f_t3" x="1167" y="67" w="25" h="79" d="1012" o="" />
		<t id="t_f_t3" x="1167" y="776" w="25" h="79" d="994" o="" />
		<t id="t_f_t3" x="1167" y="855" w="25" h="79" d="992" o="" />
		<t id="t_f_t3" x="1828" y="1061" w="25" h="79" d="869" o="" />
		<t id="t_f_t3" x="1828" y="116" w="25" h="79" d="893" o="" />
		<t id="t_f_t3" x="1828" y="274" w="25" h="79" d="889" o="" />
		<t id="t_f_t3" x="1828" y="511" w="25" h="79" d="883" o="" />
		<t id="t_f_t3" x="1828" y="745" w="25" h="79" d="877" o="" />
		<t id="t_f_t3" x="2300" y="1061" w="25" h="79" d="1057" o="" />
		<t id="t_f_t3" x="2300" y="116" w="25" h="79" d="1081" o="" />
		<t id="t_f_t3" x="2300" y="274" w="25" h="79" d="1077" o="" />
		<t id="t_f_t3" x="2300" y="511" w="25" h="79" d="1071" o="" />
		<t id="t_f_t3" x="2300" y="745" w="25" h="79" d="1065" o="" />
		<t id="t_f_t3" x="2516" y="1221" w="25" h="79" d="1091" o="" />
		<t id="t_f_t3" x="2516" y="276" w="25" h="79" d="1115" o="" />
		<t id="t_f_t3" x="2516" y="434" w="25" h="79" d="1111" o="" />
		<t id="t_f_t3" x="2516" y="671" w="25" h="79" d="1105" o="" />
		<t id="t_f_t3" x="2516" y="905" w="25" h="79" d="1099" o="" />
		<t id="t_f_t3" x="2729" y="264" w="25" h="79" d="1734" o="" />
		<t id="t_f_t3" x="2729" y="343" w="25" h="79" d="1732" o="" />
		<t id="t_f_t3" x="2729" y="580" w="25" h="79" d="1726" o="" />
		<t id="t_f_t3" x="2729" y="817" w="25" h="79" d="1720" o="" />
		<t id="t_f_t3" x="2729" y="896" w="25" h="79" d="1718" o="" />
		<t id="t_f_t3" x="362" y="1061" w="25" h="79" d="913" o="" />
		<t id="t_f_t3" x="362" y="115" w="25" h="79" d="937" o="" />
		<t id="t_f_t3" x="362" y="273" w="25" h="79" d="933" o="" />
		<t id="t_f_t3" x="362" y="350" w="25" h="79" d="931" o="" />
		<t id="t_f_t3" x="362" y="36" w="25" h="79" d="939" o="" />
		<t id="t_f_t3" x="362" y="429" w="25" h="79" d="929" o="" />
		<t id="t_f_t3" x="362" y="587" w="25" h="79" d="925" o="" />
		<t id="t_f_t3" x="362" y="745" w="25" h="79" d="921" o="" />
		<t id="t_f_t3" x="362" y="982" w="25" h="79" d="915" o="" />
		<t id="t_f_t3" x="614" y="157" w="25" h="79" d="851" o="" />
		<t id="t_f_t3" x="614" y="394" w="25" h="79" d="845" o="" />
		<t id="t_f_t3" x="614" y="710" w="25" h="79" d="837" o="" />
		<t id="t_f_t3" x="79" y="184" w="25" h="79" d="828" o="" />
		<t id="t_f_t3" x="79" y="421" w="25" h="79" d="822" o="" />
		<t id="t_f_t3" x="842" y="226" w="25" h="79" d="808" o="" />
		<t id="t_f_t3" x="842" y="621" w="25" h="79" d="798" o="" />
		<t id="t_f_t3" x="842" y="68" w="25" h="79" d="812" o="" />
		<t id="t_f_t3" x="842" y="700" w="25" h="79" d="796" o="" />
		<t id="t_s_b" x="1515" y="1502" w="121" h="147" d="1379" o="90" />
		<t id="t_s_b" x="2055" y="1502" w="121" h="147" d="1525" o="90" />
		<t id="t_s_b" x="2418" y="1502" w="121" h="147" d="1636" o="90" />
		<t id="t_s_b" x="41" y="1502" w="121" h="147" d="1427" o="90" />
		<t id="t_s_b" x="644" y="1502" w="121" h="147" d="1340" o="90" />
		<t id="t_s_b" x="912" y="1502" w="121" h="147" d="1349" o="90" />
		<t id="t_s_h_s_b" x="1494" y="408" w="79" h="79" d="1029" o="" />
		<t id="t_s_h_s_b" x="1494" y="803" w="79" h="79" d="1027" o="" />
		<t id="t_s_h_s_b" x="2034" y="883" w="79" h="79" d="1579" o="" />
		<t id="t_s_h_s_b" x="623" y="1120" w="79" h="79" d="1023" o="" />
		<t id="t_s_h_s_b" x="891" y="1355" w="79" h="79" d="1025" o="" />
		<t id="t_s_h_s_f" x="1494" y="408" w="79" h="79" d="2248" o="" />
		<t id="t_s_h_s_f" x="1494" y="803" w="79" h="79" d="2239" o="" />
		<t id="t_s_h_s_f" x="2034" y="883" w="79" h="79" d="2260" o="" />
		<t id="t_s_h_s_f" x="623" y="1119" w="79" h="79" d="2209" o="" />
		<t id="t_s_h_s_f" x="891" y="1355" w="79" h="79" d="2224" o="" />
		<t id="t_s_t" x="2403" y="1356" w="91" h="25" d="1639" o="30" />
		<t id="t_s_t" x="629" y="961" w="91" h="25" d="1367" o="30" />
		<t id="t_s_t" x="897" y="803" w="91" h="25" d="1391" o="30" />
		<t id="t_s_t1" x="1494" y="1040" w="79" h="79" d="1691" o="30" />
		<t id="t_s_t1" x="1494" y="1356" w="79" h="79" d="1382" o="30" />
		<t id="t_s_t1" x="1494" y="171" w="79" h="79" d="1418" o="30" />
		<t id="t_s_t1" x="1494" y="645" w="79" h="79" d="1406" o="30" />
		<t id="t_s_t1" x="1494" y="882" w="79" h="79" d="1400" o="30" />
		<t id="t_s_t1" x="20" y="1357" w="79" h="79" d="1430" o="30" />
		<t id="t_s_t1" x="20" y="172" w="79" h="79" d="1475" o="30" />
		<t id="t_s_t1" x="20" y="409" w="79" h="79" d="1466" o="30" />
		<t id="t_s_t1" x="20" y="646" w="79" h="79" d="1457" o="30" />
		<t id="t_s_t1" x="20" y="883" w="79" h="79" d="1448" o="30" />
		<t id="t_s_t1" x="2034" y="1357" w="79" h="79" d="1528" o="30" />
		<t id="t_s_t1" x="2034" y="172" w="79" h="79" d="1570" o="30" />
		<t id="t_s_t1" x="2034" y="409" w="79" h="79" d="1561" o="30" />
		<t id="t_s_t1" x="2034" y="646" w="79" h="79" d="1552" o="30" />
		<t id="t_s_t1" x="623" y="1356" w="79" h="79" d="1343" o="30" />
		<t id="t_s_t1" x="891" y="1119" w="79" h="79" d="1361" o="30" />
		<t id="t_s_t1" x="891" y="1277" w="79" h="79" d="1352" o="30" />
		<t id="t_s_t2" x="1494" y="1119" w="79" h="79" d="1394" o="30" />
		<t id="t_s_t2" x="1494" y="1277" w="79" h="79" d="1385" o="30" />
		<t id="t_s_t2" x="1494" y="250" w="79" h="79" d="1415" o="30" />
		<t id="t_s_t2" x="1494" y="724" w="79" h="79" d="1403" o="30" />
		<t id="t_s_t2" x="20" y="1120" w="79" h="79" d="1439" o="30" />
		<t id="t_s_t2" x="20" y="1278" w="79" h="79" d="1433" o="30" />
		<t id="t_s_t2" x="20" y="251" w="79" h="79" d="1472" o="30" />
		<t id="t_s_t2" x="20" y="488" w="79" h="79" d="1463" o="30" />
		<t id="t_s_t2" x="20" y="725" w="79" h="79" d="1454" o="30" />
		<t id="t_s_t2" x="2034" y="1120" w="79" h="79" d="1537" o="30" />
		<t id="t_s_t2" x="2034" y="1278" w="79" h="79" d="1531" o="30" />
		<t id="t_s_t2" x="2034" y="251" w="79" h="79" d="1567" o="30" />
		<t id="t_s_t2" x="2034" y="488" w="79" h="79" d="1558" o="30" />
		<t id="t_s_t2" x="2034" y="725" w="79" h="79" d="1549" o="30" />
		<t id="t_s_t2" x="623" y="1277" w="79" h="79" d="1346" o="30" />
		<t id="t_s_t2" x="891" y="1040" w="79" h="79" d="1370" o="30" />
		<t id="t_s_t2" x="891" y="1198" w="79" h="79" d="1358" o="30" />
		<t id="t_s_t3" x="1494" y="1198" w="79" h="79" d="1388" o="30" />
		<t id="t_s_t3" x="1494" y="13" w="79" h="79" d="1424" o="30" />
		<t id="t_s_t3" x="1494" y="329" w="79" h="79" d="1412" o="30" />
		<t id="t_s_t3" x="1494" y="487" w="79" h="79" d="1694" o="30" />
		<t id="t_s_t3" x="1494" y="566" w="79" h="79" d="1409" o="30" />
		<t id="t_s_t3" x="1494" y="92" w="79" h="79" d="1421" o="30" />
		<t id="t_s_t3" x="1494" y="961" w="79" h="79" d="1397" o="30" />
		<t id="t_s_t3" x="20" y="1041" w="79" h="79" d="1442" o="30" />
		<t id="t_s_t3" x="20" y="1199" w="79" h="79" d="1436" o="30" />
		<t id="t_s_t3" x="20" y="14" w="79" h="79" d="1481" o="30" />
		<t id="t_s_t3" x="20" y="330" w="79" h="79" d="1469" o="30" />
		<t id="t_s_t3" x="20" y="567" w="79" h="79" d="1460" o="30" />
		<t id="t_s_t3" x="20" y="804" w="79" h="79" d="1451" o="30" />
		<t id="t_s_t3" x="20" y="93" w="79" h="79" d="1478" o="30" />
		<t id="t_s_t3" x="20" y="962" w="79" h="79" d="1445" o="30" />
		<t id="t_s_t3" x="2034" y="1041" w="79" h="79" d="1540" o="30" />
		<t id="t_s_t3" x="2034" y="1199" w="79" h="79" d="1534" o="30" />
		<t id="t_s_t3" x="2034" y="14" w="79" h="79" d="1576" o="30" />
		<t id="t_s_t3" x="2034" y="330" w="79" h="79" d="1564" o="30" />
		<t id="t_s_t3" x="2034" y="567" w="79" h="79" d="1555" o="30" />
		<t id="t_s_t3" x="2034" y="804" w="79" h="79" d="1546" o="30" />
		<t id="t_s_t3" x="2034" y="93" w="79" h="79" d="1573" o="30" />
		<t id="t_s_t3" x="2034" y="962" w="79" h="79" d="1543" o="30" />
		<t id="t_s_t3" x="623" y="1040" w="79" h="79" d="1364" o="30" />
		<t id="t_s_t3" x="623" y="1198" w="79" h="79" d="1355" o="30" />
		<t id="t_s_t3" x="891" y="882" w="79" h="79" d="1522" o="30" />
		<t id="t_s_t3" x="891" y="961" w="79" h="79" d="1373" o="30" />
		<t id="treeguy" x="1241" y="1397" w="80" h="94" d="1967" o="0" />
		<t id="treeguy" x="2173" y="1399" w="80" h="94" d="2143" o="0" />
		<t id="treeguy" x="248" y="1397" w="80" h="94" d="1915" o="0" />
		<t id="treeguy" x="2666" y="1397" w="80" h="94" d="2147" o="0" /> 
	</layer>
</level>
